,R.RA,R.ES,R.IL,R.Gmax,R.RF,R.BF,R.TA&IO,R.MF
V.1_»{©wªºMAX,0.000049846,3.35315E-05,6.67311E-05,6.50072E-05,6.82171E-05,0.000126458,0.000124979,0.000681082
