[Data],,,,
,Trunk Angle,R.Hip Angle,R.Knee Angle,Ankle Angle
,Trunk Angle,R.Hip Angle,R.Knee Angle,Ankle Angle
Index,Series,,,Series
1,6.88773,16.170935,-1.359534,-6.817123
2,6.872493,16.159508,-1.350424,-6.798424
3,6.862485,16.150803,-1.340932,-6.78009
4,6.859639,16.145706,-1.329549,-6.762558
5,6.861864,16.143206,-1.315849,-6.747383
6,6.865851,16.14258,-1.302623,-6.737175
7,6.868637,16.143143,-1.293022,-6.733635
8,6.868282,16.143612,-1.287516,-6.735535
9,6.86245,16.141466,-1.284203,-6.737381
10,6.849385,16.13471,-1.280798,-6.73278
11,6.82996,16.123339,-1.275937,-6.720642
12,6.808481,16.109694,-1.269335,-6.706421
13,6.789709,16.096626,-1.260927,-6.695999
14,6.77487,16.085449,-1.251487,-6.69175
15,6.762708,16.076622,-1.243282,-6.693375
16,6.752671,16.07033,-1.237492,-6.698334
17,6.743869,16.065285,-1.233088,-6.702492
18,6.736186,16.061338,-1.228952,-6.702538
19,6.728839,16.057995,-1.224763,-6.697899
20,6.721837,16.055082,-1.22061,-6.691383
21,6.714772,16.051117,-1.216276,-6.687302
22,6.708081,16.043993,-1.21057,-6.687965
23,6.703126,16.031128,-1.201574,-6.692413
24,6.702676,16.010923,-1.187639,-6.698074
25,6.710762,15.984058,-1.167441,-6.701981
26,6.729358,15.95313,-1.140694,-6.700844
27,6.757751,15.922709,-1.108805,-6.693611
28,6.791795,15.892358,-1.071765,-6.684135
29,6.825839,15.856915,-1.028836,-6.67894
30,6.854255,15.819936,-0.987182,-6.680473
31,6.870957,15.795975,-0.962321,-6.684242
32,6.873481,15.798757,-0.965543,-6.683899
33,6.863919,15.828914,-0.99534,-6.677963
34,6.848078,15.873705,-1.038408,-6.670258
35,6.831331,15.917206,-1.07972,-6.665771
36,6.815824,15.95347,-1.113527,-6.666397
37,6.801424,15.983547,-1.14146,-6.670609
38,6.789427,16.004843,-1.162192,-6.675865
39,6.782118,16.012312,-1.171944,-6.68206
40,6.780792,16.00643,-1.170264,-6.690048
41,6.783454,15.994233,-1.162465,-6.698608
42,6.786163,15.986678,-1.157769,-6.70546
43,6.786369,15.989113,-1.161316,-6.710068
44,6.785442,15.995718,-1.168444,-6.713409
45,6.786147,15.998027,-1.172045,-6.715965
46,6.788497,15.996529,-1.172843,-6.716942
47,6.788888,16.000196,-1.179531,-6.715698
48,6.783651,16.014389,-1.19775,-6.712387
49,6.773689,16.034431,-1.222856,-6.70787
50,6.762484,16.051632,-1.245095,-6.703011
51,6.75362,16.062113,-1.258233,-6.698837
52,6.748821,16.066469,-1.261661,-6.695786
53,6.748475,16.067568,-1.258632,-6.693314
54,6.751038,16.068211,-1.254397,-6.691109
55,6.755308,16.070894,-1.253726,-6.689789
56,6.759428,16.075369,-1.258308,-6.69043
57,6.762511,16.079918,-1.265849,-6.693214
58,6.763429,16.081486,-1.271726,-6.696968
59,6.76213,16.078489,-1.271948,-6.700127
60,6.760741,16.073484,-1.266696,-6.702194
61,6.760145,16.069145,-1.25882,-6.702652
62,6.760649,16.066759,-1.251047,-6.701431
63,6.7601,16.063652,-1.243981,-6.699165
64,6.756824,16.057674,-1.23824,-6.696678
65,6.751936,16.050451,-1.234943,-6.693008
66,6.748631,16.046164,-1.235296,-6.687065
67,6.749328,16.04768,-1.239573,-6.680199
68,6.753993,16.054882,-1.247232,-6.675972
69,6.759834,16.064789,-1.257523,-6.677094
70,6.764291,16.074158,-1.269106,-6.682678
71,6.765135,16.07951,-1.280049,-6.688896
72,6.762599,16.079947,-1.288988,-6.691772
73,6.759112,16.077366,-1.295456,-6.689812
74,6.756294,16.074196,-1.300027,-6.684502
75,6.754202,16.070946,-1.302615,-6.678444
76,6.751989,16.067123,-1.302922,-6.673859
77,6.749738,16.063595,-1.301641,-6.67263
78,6.74644,16.060667,-1.301176,-6.6763
79,6.741571,16.058702,-1.304332,-6.685257
80,6.735317,16.057604,-1.311852,-6.697914
81,6.729147,16.057442,-1.321216,-6.710045
82,6.725287,16.058922,-1.328914,-6.717873
83,6.725254,16.06275,-1.332811,-6.721146
84,6.729019,16.069378,-1.333287,-6.721695
85,6.7361,16.079288,-1.332072,-6.720314
86,6.744128,16.090696,-1.33073,-6.717209
87,6.750414,16.100443,-1.329851,-6.714005
88,6.751982,16.105211,-1.330096,-6.713295
89,6.749213,16.1054,-1.332452,-6.716255
90,6.743989,16.10257,-1.3365,-6.721275
91,6.737863,16.097233,-1.339572,-6.7257
92,6.731504,16.0896,-1.338767,-6.728302
93,6.725569,16.080488,-1.332725,-6.728683
94,6.719987,16.070448,-1.321942,-6.725647
95,6.716086,16.061674,-1.309021,-6.719444
96,6.713783,16.054733,-1.297211,-6.71357
97,6.713202,16.049564,-1.288304,-6.712051
98,6.714268,16.046438,-1.283374,-6.716286
99,6.716491,16.045067,-1.281786,-6.724129
100,6.718816,16.044231,-1.281786,-6.731964
101,6.719695,16.042179,-1.282021,-6.737518
102,6.718849,16.038891,-1.282555,-6.740891
103,6.716866,16.035328,-1.28384,-6.741974
104,6.714747,16.032839,-1.286116,-6.739662
105,6.713768,16.032629,-1.288424,-6.733063
106,6.714142,16.034542,-1.28999,-6.723808
107,6.716023,16.0383,-1.290871,-6.714981
108,6.719079,16.043203,-1.292269,-6.709343
109,6.723927,16.049734,-1.295329,-6.707901
110,6.730244,16.057234,-1.299879,-6.709778
111,6.736995,16.064394,-1.304552,-6.71299
112,6.742791,16.07024,-1.308347,-6.715546
113,6.746462,16.074568,-1.311177,-6.716133
114,6.746625,16.075953,-1.312199,-6.713951
115,6.742335,16.072203,-1.310017,-6.709831
116,6.733733,16.062294,-1.303918,-6.7061
117,6.723984,16.04953,-1.29556,-6.705025
118,6.716172,16.038477,-1.288244,-6.706856
119,6.712219,16.032181,-1.284426,-6.709579
120,6.71239,16.031179,-1.284528,-6.710754
121,6.715985,16.034569,-1.287651,-6.710228
122,6.721975,16.040655,-1.291597,-6.710823
123,6.728946,16.047266,-1.294016,-6.716469
124,6.735713,16.052643,-1.293426,-6.7286
125,6.741612,16.056183,-1.289447,-6.744728
126,6.746466,16.058245,-1.282709,-6.759995
127,6.749895,16.059437,-1.275306,-6.770691
128,6.752193,16.061811,-1.271386,-6.776321
129,6.754088,16.066433,-1.272857,-6.778191
130,6.755652,16.071352,-1.276845,-6.776993
131,6.755734,16.073416,-1.279946,-6.773346
132,6.75415,16.07243,-1.281883,-6.768578
133,6.753731,16.072855,-1.284783,-6.76403
134,6.756994,16.078722,-1.290199,-6.75946
135,6.763132,16.089283,-1.297298,-6.753761
136,6.769495,16.100323,-1.302863,-6.746376
137,6.772007,16.105228,-1.303204,-6.737869
138,6.768878,16.100861,-1.297696,-6.729958
139,6.761454,16.089678,-1.289433,-6.724159
140,6.753356,16.077646,-1.282358,-6.721436
141,6.748199,16.069899,-1.278595,-6.722496
142,6.747889,16.06814,-1.277313,-6.726486
143,6.752556,16.071968,-1.276982,-6.731445
144,6.761166,16.080233,-1.277212,-6.736435
145,6.770551,16.090311,-1.279024,-6.741798
146,6.777212,16.098318,-1.281962,-6.746376
147,6.778322,16.100124,-1.283692,-6.747559
148,6.774449,16.095207,-1.281704,-6.743538
149,6.769002,16.086996,-1.276045,-6.735245
150,6.766141,16.08111,-1.269991,-6.726021
151,6.766879,16.079727,-1.265992,-6.718445
152,6.770784,16.08219,-1.264017,-6.713257
153,6.776367,16.08572,-1.262666,-6.711136
154,6.78214,16.088079,-1.2611,-6.713509
155,6.786325,16.088371,-1.259579,-6.721611
156,6.78712,16.08703,-1.258383,-6.734818
157,6.782863,16.084856,-1.257094,-6.749413
158,6.77182,16.081739,-1.254823,-6.760101
159,6.75313,16.07662,-1.251994,-6.764091
160,6.728834,16.068962,-1.25029,-6.76252
161,6.705409,16.060999,-1.251317,-6.758385
162,6.69062,16.056723,-1.255626,-6.754143
163,6.689227,16.059147,-1.262676,-6.750458
164,6.699776,16.068449,-1.27224,-6.747459
165,6.715365,16.08152,-1.283358,-6.745567
166,6.729006,16.094374,-1.294408,-6.745392
167,6.737543,16.104397,-1.304015,-6.747482
168,6.739056,16.109983,-1.312759,-6.752815
169,6.733101,16.111732,-1.321618,-6.761566
170,6.722207,16.111834,-1.330846,-6.771996
171,6.71225,16.114143,-1.341533,-6.781166
172,6.708792,16.121714,-1.355324,-6.786606
173,6.714558,16.134081,-1.371168,-6.787491
174,6.727432,16.148243,-1.386074,-6.785454
175,6.74071,16.159996,-1.397237,-6.783127
176,6.747811,16.166498,-1.404087,-6.782143
177,6.747276,16.166908,-1.406444,-6.781281
178,6.743432,16.162872,-1.403872,-6.778336
179,6.741199,16.157309,-1.397881,-6.774094
180,6.74117,16.15336,-1.393797,-6.772285
181,6.741221,16.15316,-1.396954,-6.775276
182,6.739772,16.156548,-1.40759,-6.781769
183,6.738165,16.162376,-1.420974,-6.789253
184,6.7375,16.16877,-1.431758,-6.795738
185,6.737938,16.174582,-1.437844,-6.799797
186,6.739321,16.179869,-1.44058,-6.800163
187,6.741966,16.186085,-1.442943,-6.79705
188,6.746086,16.194702,-1.447309,-6.793373
189,6.751318,16.205446,-1.45308,-6.79142
190,6.756803,16.215721,-1.456503,-6.790359
191,6.761245,16.222458,-1.454704,-6.789116
192,6.763819,16.225037,-1.448799,-6.788177
193,6.764714,16.224842,-1.441376,-6.786331
194,6.764966,16.224129,-1.434793,-6.781181
195,6.765629,16.225088,-1.432095,-6.773811
196,6.767473,16.229099,-1.436133,-6.769096
197,6.770789,16.236029,-1.446596,-6.77121
198,6.775238,16.244022,-1.459553,-6.780327
199,6.780585,16.251213,-1.470122,-6.792786
200,6.786116,16.255892,-1.474465,-6.802826
201,6.791264,16.25737,-1.471317,-6.806175
202,6.795412,16.255842,-1.46247,-6.803078
203,6.798891,16.252878,-1.451376,-6.797775
204,6.801862,16.249975,-1.44134,-6.79467
205,6.803866,16.247995,-1.434968,-6.795502
206,6.804331,16.247751,-1.43484,-6.80011
207,6.803013,16.249491,-1.441621,-6.807259
208,6.800707,16.253199,-1.453833,-6.815681
209,6.799241,16.259174,-1.468959,-6.824165
210,6.801279,16.268463,-1.484134,-6.832085
211,6.807055,16.281153,-1.497074,-6.839439
212,6.812728,16.295641,-1.507358,-6.845833
213,6.812139,16.309515,-1.516359,-6.850136
214,6.80087,16.319828,-1.52438,-6.850922
215,6.780174,16.324249,-1.530656,-6.848015
216,6.757849,16.323393,-1.534509,-6.842995
217,6.741157,16.320639,-1.537052,-6.838249
218,6.731606,16.319216,-1.539907,-6.835396
219,6.727639,16.32073,-1.543839,-6.835091
220,6.727905,16.324587,-1.548003,-6.836967
221,6.732452,16.330406,-1.551242,-6.840042
222,6.73904,16.337038,-1.553614,-6.843376
223,6.744529,16.343369,-1.555818,-6.845993
224,6.747771,16.349556,-1.55814,-6.846275
225,6.748945,16.35515,-1.56,-6.843033
226,6.749706,16.35985,-1.560771,-6.836235
227,6.751905,16.362871,-1.560424,-6.827469
228,6.757858,16.363003,-1.558865,-6.819885
229,6.77024,16.359629,-1.555436,-6.816437
230,6.78955,16.35314,-1.549597,-6.817566
231,6.813015,16.345654,-1.541805,-6.821426
232,6.835488,16.339449,-1.533042,-6.825752
233,6.853325,16.336159,-1.524484,-6.829315
234,6.866254,16.33606,-1.516727,-6.831474
235,6.875439,16.337971,-1.51028,-6.831985
236,6.882353,16.3407,-1.505927,-6.831978
237,6.886735,16.34247,-1.503814,-6.833473
238,6.888579,16.342192,-1.502461,-6.836983
239,6.888743,16.34009,-1.499825,-6.840881
240,6.889481,16.338449,-1.495554,-6.844261
241,6.893511,16.340471,-1.490939,-6.848198
242,6.90019,16.345474,-1.486895,-6.85321
243,6.906871,16.349892,-1.483104,-6.857162
244,6.910328,16.349289,-1.478829,-6.856865
245,6.910635,16.342661,-1.473635,-6.850372
246,6.909921,16.332619,-1.467696,-6.837128
247,6.910712,16.32342,-1.461535,-6.818695
248,6.913757,16.317963,-1.456161,-6.799721
249,6.919497,16.318054,-1.452844,-6.786095
250,6.928199,16.324661,-1.452182,-6.781403
251,6.939834,16.337088,-1.453,-6.785034
252,6.951978,16.352013,-1.454279,-6.7939
253,6.95986,16.364464,-1.45679,-6.805016
254,6.959693,16.371223,-1.462586,-6.816261
255,6.951134,16.371819,-1.472301,-6.825684
256,6.937614,16.367289,-1.483729,-6.8321
257,6.924597,16.359867,-1.493746,-6.836006
258,6.914982,16.351723,-1.501381,-6.838615
259,6.908644,16.345753,-1.508886,-6.84082
260,6.903375,16.343025,-1.518108,-6.843132
261,6.895708,16.341177,-1.528536,-6.845901
262,6.884864,16.337986,-1.537781,-6.848442
263,6.87384,16.333706,-1.543835,-6.849152
264,6.867863,16.330801,-1.545785,-6.846672
265,6.868393,16.329805,-1.543879,-6.841423
266,6.872887,16.329254,-1.539006,-6.835762
267,6.876326,16.326818,-1.53289,-6.832016
268,6.876222,16.322544,-1.527387,-6.829849
269,6.872691,16.317629,-1.523266,-6.827026
270,6.865036,16.312214,-1.52102,-6.823692
271,6.849905,16.303877,-1.52107,-6.822578
272,6.824619,16.289402,-1.522562,-6.824913
273,6.79216,16.268942,-1.524084,-6.828743
274,6.758423,16.244757,-1.524729,-6.831184
275,6.727962,16.218594,-1.523631,-6.830963
276,6.701348,16.190069,-1.519386,-6.827805
277,6.677872,16.159849,-1.51201,-6.821465
278,6.65867,16.132296,-1.503465,-6.812012
279,6.646749,16.1133,-1.495639,-6.80101
280,6.643164,16.105154,-1.489041,-6.791595
281,6.645215,16.104904,-1.483643,-6.786453
282,6.650074,16.108709,-1.479371,-6.78582
283,6.657027,16.115089,-1.476412,-6.78746
284,6.666383,16.123524,-1.474477,-6.788925
285,6.677453,16.132597,-1.472673,-6.789024
286,6.690501,16.142294,-1.470588,-6.788208
287,6.705006,16.152058,-1.468576,-6.787743
288,6.718616,16.159115,-1.467387,-6.789497
289,6.728778,16.161102,-1.467289,-6.794479
290,6.73506,16.159166,-1.467758,-6.801743
291,6.739578,16.157084,-1.468488,-6.809265
292,6.745211,16.157682,-1.469229,-6.81498
293,6.751625,16.159792,-1.469293,-6.81813
294,6.758535,16.161375,-1.46782,-6.819847
295,6.768734,16.162462,-1.464909,-6.822006
296,6.785163,16.164444,-1.461688,-6.826561
297,6.806152,16.168139,-1.459783,-6.834496
298,6.82651,16.172678,-1.459673,-6.84304
299,6.842474,16.176258,-1.459542,-6.846313
300,6.853867,16.177891,-1.457338,-6.840729
301,6.86232,16.177025,-1.451504,-6.827255
302,6.86977,16.174227,-1.442124,-6.81002
303,6.87747,16.170828,-1.430916,-6.79332
304,6.885583,16.16835,-1.420776,-6.77977
305,6.893303,16.167547,-1.414454,-6.77021
306,6.899753,16.167974,-1.412562,-6.765182
307,6.904884,16.168789,-1.413294,-6.765915
308,6.908287,16.169037,-1.414739,-6.772789
309,6.910995,16.169365,-1.415901,-6.78373
310,6.914042,16.1703,-1.416256,-6.794487
311,6.919035,16.17255,-1.415183,-6.800636
312,6.926519,16.175562,-1.411307,-6.799332
313,6.935939,16.178627,-1.404449,-6.791214
314,6.946374,16.182095,-1.396836,-6.780014
315,6.955962,16.185442,-1.390935,-6.770317
316,6.96368,16.18754,-1.386733,-6.764076
317,6.968782,16.186472,-1.382383,-6.760597
318,6.971467,16.182236,-1.377135,-6.759399
319,6.972335,16.176762,-1.372895,-6.760422
320,6.972756,16.172873,-1.371998,-6.761986
321,6.974362,16.172173,-1.374678,-6.761856
322,6.978481,16.174738,-1.378823,-6.759338
323,6.984583,16.178967,-1.382196,-6.755035
324,6.991681,16.183821,-1.384275,-6.749474
325,6.998886,16.188591,-1.385338,-6.743393
326,7.0061,16.192804,-1.385494,-6.738335
327,7.013625,16.196104,-1.38437,-6.735489
328,7.021636,16.198097,-1.381486,-6.734833
329,7.028903,16.197334,-1.376125,-6.735321
330,7.034688,16.193132,-1.367883,-6.735512
331,7.039454,16.18611,-1.356892,-6.734001
332,7.044387,16.178841,-1.345172,-6.730698
333,7.049962,16.174223,-1.336033,-6.72702
334,7.05573,16.173223,-1.33117,-6.724693
335,7.061298,16.174969,-1.32953,-6.724594
336,7.067115,16.178585,-1.328925,-6.725212
337,7.073809,16.183117,-1.327938,-6.724426
338,7.081852,16.187473,-1.325853,-6.721893
339,7.090932,16.190575,-1.322617,-6.718468
340,7.100355,16.192968,-1.319761,-6.714767
341,7.109707,16.196047,-1.318956,-6.710617
342,7.119315,16.201023,-1.319983,-6.705116
343,7.128008,16.207754,-1.322208,-6.698784
344,7.13257,16.215153,-1.325724,-6.69352
345,7.129368,16.221464,-1.330714,-6.690529
346,7.117469,16.224897,-1.336317,-6.689674
347,7.100919,16.224876,-1.340482,-6.691017
348,7.087395,16.223454,-1.341552,-6.694687
349,7.080561,16.222895,-1.340336,-6.699692
350,7.079357,16.22493,-1.339264,-6.703712
351,7.082367,16.230391,-1.339441,-6.704315
352,7.090338,16.239231,-1.339743,-6.700424
353,7.102788,16.249092,-1.338809,-6.692474
354,7.117462,16.257587,-1.336613,-6.681427
355,7.131354,16.263844,-1.335079,-6.669571
356,7.142387,16.267597,-1.336278,-6.659416
357,7.153837,16.271851,-1.34125,-6.651459
358,7.172779,16.282307,-1.349236,-6.644905
359,7.204045,16.303284,-1.357701,-6.639565
360,7.245054,16.333487,-1.363329,-6.634857
361,7.287641,16.366327,-1.363992,-6.629967
362,7.324144,16.394812,-1.359997,-6.624527
363,7.351778,16.416138,-1.353469,-6.618294
364,7.37098,16.429367,-1.345686,-6.610535
365,7.383503,16.434921,-1.337208,-6.601135
366,7.392186,16.434427,-1.327148,-6.590271
367,7.401843,16.43199,-1.313991,-6.578651
368,7.416559,16.431246,-1.295925,-6.566872
369,7.438046,16.43479,-1.272674,-6.554977
370,7.464698,16.444262,-1.246812,-6.542351
371,7.493079,16.46007,-1.221364,-6.528046
372,7.518779,16.480013,-1.197776,-6.511574
373,7.539147,16.500536,-1.176808,-6.493416
374,7.555713,16.518785,-1.15874,-6.474266
375,7.573749,16.533966,-1.142709,-6.455048
376,7.599202,16.548651,-1.127946,-6.437378
377,7.633443,16.565393,-1.113937,-6.422401
378,7.676131,16.586376,-1.099567,-6.409218
379,7.72634,16.612698,-1.084099,-6.395638
380,7.781057,16.643913,-1.068228,-6.379646
381,7.833827,16.676928,-1.052897,-6.360397
382,7.878675,16.707933,-1.037611,-6.338097
383,7.914547,16.735601,-1.02082,-6.313759
384,7.943521,16.760574,-1.00144,-6.289284
385,7.968434,16.783276,-0.97922,-6.266312
386,7.994377,16.804127,-0.953285,-6.243843
387,8.02997,16.825087,-0.921451,-6.218353
388,8.083102,16.848345,-0.880217,-6.1866
389,8.155804,16.87472,-0.827813,-6.148529
390,8.244515,16.904684,-0.766673,-6.106789
391,8.344105,16.939596,-0.702715,-6.064552
392,8.449124,16.979282,-0.639566,-6.022522
393,8.548521,17.016417,-0.574612,-5.977631
394,8.627071,17.038794,-0.500936,-5.925041
395,8.675557,17.040239,-0.413221,-5.862167
396,8.696737,17.025953,-0.31191,-5.790344
397,8.704015,17.007229,-0.200274,-5.712189
398,8.714886,16.994396,-0.08168,-5.630356
399,8.742651,16.992174,0.043185,-5.546585
400,8.79248,16.996853,0.178634,-5.459892
401,8.863161,17.000599,0.330028,-5.366127
402,8.950415,16.999197,0.497619,-5.260422
403,9.050351,16.995604,0.675907,-5.13987
404,9.158809,16.993343,0.859554,-5.004585
405,9.269567,16.990454,1.048905,-4.858139
406,9.372917,16.977081,1.251994,-4.706841
407,9.461337,16.940861,1.481732,-4.554848
408,9.534451,16.874563,1.748411,-4.399651
409,9.598372,16.780228,2.054261,-4.235008
410,9.656648,16.663317,2.393847,-4.057487
411,9.70936,16.527925,2.760385,-3.867157
412,9.754539,16.372185,3.150973,-3.665642
413,9.792976,16.191317,3.5673,-3.454903
414,9.830365,15.983923,4.013679,-3.236107
415,9.875787,15.75461,4.495905,-3.008377
416,9.93442,15.50941,5.018107,-2.770081
417,10.005533,15.250897,5.581031,-2.521034
418,10.085169,14.975737,6.18417,-2.262352
419,10.171575,14.678026,6.829665,-1.994377
420,10.26366,14.350807,7.524284,-1.715164
421,10.359679,13.986818,8.279024,-1.421211
422,10.456938,13.579462,9.106178,-1.109161
423,10.550235,13.123425,10.013775,-0.778198
424,10.632061,12.618476,10.995714,-0.434334
425,10.6956,12.076227,12.022727,-0.092285
426,10.738507,11.520538,13.047907,0.229683
427,10.76498,10.977051,14.029997,0.515724
428,10.786454,10.461152,14.956243,0.756218
429,10.820644,9.976034,15.843822,0.950348
430,10.882464,9.513987,16.722944,1.104958
431,10.97714,9.061281,17.617022,1.226685
432,11.100389,8.606068,18.532595,1.316154
433,11.24255,8.14605,19.459404,1.368248
434,11.395234,7.690239,20.377808,1.376381
435,11.559945,7.246771,21.275148,1.337296
436,11.747508,6.805779,22.16036,1.25486
437,11.97024,6.347015,23.055132,1.141724
438,12.232792,5.86431,23.969955,1.016014
439,12.526856,5.37936,24.887777,0.890251
440,12.830864,4.926618,25.770723,0.763908
441,13.116603,4.523983,26.58522,0.630753
442,13.361176,4.165061,27.318562,0.489731
443,13.55397,3.834754,27.971474,0.343735
444,13.700079,3.528403,28.54413,0.194695
445,13.812882,3.252033,29.033886,0.04438
446,13.904346,3.011708,29.440886,-0.103569
447,13.982318,2.806002,29.770927,-0.243034
448,14.055196,2.62385,30.037945,-0.364052
449,14.130615,2.440932,30.264463,-0.456116
450,14.211325,2.22857,30.472868,-0.51487
451,14.29458,1.973672,30.670967,-0.544823
452,14.376264,1.685188,30.850794,-0.556595
453,14.4522,1.380709,30.998581,-0.561043
454,14.516744,1.072436,31.102543,-0.562904
455,14.565218,0.764942,31.15567,-0.561745
456,14.601666,0.463302,31.155878,-0.560051
457,14.635944,0.172509,31.105808,-0.566299
458,14.676553,-0.105486,31.009926,-0.590652
459,14.724702,-0.372343,30.871588,-0.641151
460,14.77683,-0.629865,30.693537,-0.722305
461,14.829991,-0.877501,30.479128,-0.833488
462,14.884307,-1.112606,30.230448,-0.969688
463,14.939327,-1.33461,29.946558,-1.125702
464,14.994333,-1.544391,29.62554,-1.298805
465,15.050776,-1.740922,29.267599,-1.487251
466,15.112314,-1.920629,28.874395,-1.69017
467,15.180204,-2.083061,28.447464,-1.909111
468,15.25071,-2.234257,27.988232,-2.146683
469,15.319571,-2.379689,27.497252,-2.403755
470,15.38555,-2.518791,26.974764,-2.680191
471,15.448558,-2.649215,26.423386,-2.977676
472,15.508795,-2.769742,25.846989,-3.301193
473,15.56557,-2.880192,25.247843,-3.657341
474,15.613963,-2.983137,24.627087,-4.050529
475,15.647903,-3.082312,23.984972,-4.478531
476,15.668756,-3.177674,23.320257,-4.931168
477,15.68718,-3.263861,22.632824,-5.39537
478,15.714912,-3.335495,21.92745,-5.861794
479,15.757173,-3.391167,21.212219,-6.326019
480,15.81209,-3.432823,20.493799,-6.786537
481,15.873493,-3.465188,19.774416,-7.24353
482,15.933506,-3.492784,19.050348,-7.69722
483,15.981803,-3.519632,18.314924,-8.1446
484,16.010798,-3.548475,17.563894,-8.579544
485,16.019581,-3.580962,16.797287,-8.998238
486,16.012613,-3.615622,16.016197,-9.402763
487,15.996621,-3.646715,15.221617,-9.796082
488,15.981412,-3.664085,14.415797,-10.175591
489,15.975696,-3.658401,13.600938,-10.534042
490,15.98264,-3.626436,12.779052,-10.86573
491,15.998454,-3.57439,11.955521,-11.171173
492,16.016722,-3.513568,11.136931,-11.457924
493,16.035162,-3.45076,10.326464,-11.735481
494,16.057117,-3.385489,9.525259,-12.009476
495,16.088545,-3.312624,8.734976,-12.281128
496,16.132317,-3.226031,7.95603,-12.550903
497,16.183434,-3.12253,7.185972,-12.821259
498,16.23097,-3.003371,6.420695,-13.094421
499,16.262739,-2.876518,5.658444,-13.367554
500,16.273254,-2.752787,4.903835,-13.632736
501,16.268417,-2.636295,4.166245,-13.883377
502,16.258354,-2.523592,3.454676,-14.11895
503,16.252047,-2.407512,2.774948,-14.343964
504,16.253683,-2.281868,2.129689,-14.564034
505,16.260731,-2.143787,1.517583,-14.78376
506,16.265688,-1.992964,0.933589,-15.005272
507,16.259405,-1.832479,0.37397,-15.227554
508,16.238363,-1.66729,-0.158441,-15.447357
509,16.208172,-1.502252,-0.65492,-15.660568
510,16.178524,-1.340433,-1.106437,-15.862358
511,16.15547,-1.181735,-1.507998,-16.046577
512,16.140003,-1.02287,-1.858134,-16.20784
513,16.131418,-0.859994,-2.156023,-16.345657
514,16.126308,-0.695872,-2.398136,-16.463272
515,16.118681,-0.540002,-2.577638,-16.562881
516,16.105488,-0.398891,-2.688184,-16.644211
517,16.088099,-0.271867,-2.729004,-16.707344
518,16.070421,-0.153158,-2.706079,-16.755424
519,16.054424,-0.036052,-2.631412,-16.793709
520,16.039209,0.087507,-2.524306,-16.82798
521,16.022409,0.225643,-2.410079,-16.866348
522,16.002937,0.382474,-2.312927,-16.919678
523,15.982266,0.556242,-2.248943,-16.998039
524,15.96426,0.744183,-2.225375,-17.107643
525,15.952323,0.947612,-2.243871,-17.250198
526,15.946862,1.1714,-2.302772,-17.425079
527,15.945966,1.418828,-2.397152,-17.631981
528,15.949719,1.689722,-2.517843,-17.868034
529,15.959465,1.979859,-2.649811,-18.120934
530,15.974328,2.27811,-2.771299,-18.367485
531,15.990766,2.566628,-2.858851,-18.582611
532,16.004816,2.830186,-2.896286,-18.747543
533,16.013195,3.062889,-2.878143,-18.850021
534,16.014389,3.267273,-2.807643,-18.885452
535,16.011505,3.451681,-2.693925,-18.859001
536,16.013266,3.627432,-2.548267,-18.78038
537,16.029165,3.80406,-2.380789,-18.657784
538,16.063358,3.985734,-2.199849,-18.498566
539,16.115566,4.172626,-2.011373,-18.309914
540,16.182623,4.361811,-1.817245,-18.097046
541,16.259052,4.548118,-1.617314,-17.864738
542,16.335947,4.7243,-1.412959,-17.620056
543,16.399719,4.879785,-1.205824,-17.369331
544,16.439636,5.005793,-0.994434,-17.114563
545,16.45715,5.103074,-0.77548,-16.856339
546,16.464565,5.181551,-0.54691,-16.597351
547,16.474277,5.252356,-0.308777,-16.340424
548,16.491034,5.322816,-0.063882,-16.087074
549,16.512625,5.396053,0.182938,-15.838669
550,16.534628,5.470383,0.428967,-15.595505
551,16.554571,5.541721,0.674451,-15.356026
552,16.572012,5.60685,0.920028,-15.119072
553,16.586464,5.664853,1.164814,-14.885468
554,16.597313,5.71803,1.404767,-14.657089
555,16.604046,5.770663,1.631895,-14.434784
556,16.606031,5.826045,1.838918,-14.216469
557,16.60429,5.885539,2.027353,-13.996506
558,16.602552,5.950953,2.204327,-13.77021
559,16.606514,6.028629,2.369365,-13.539444
560,16.619616,6.124659,2.515232,-13.30954
561,16.641048,6.237308,2.641495,-13.081879
562,16.671238,6.362191,2.757236,-12.852814
563,16.712343,6.496274,2.875476,-12.616417
564,16.764349,6.636481,3.005276,-12.369209
565,16.822474,6.779857,3.143053,-12.114624
566,16.879904,6.925202,3.277125,-11.861336
567,16.934811,7.075088,3.400192,-11.617409
568,16.992455,7.235277,3.509874,-11.388077
569,17.058178,7.4084,3.605849,-11.174751
570,17.131132,7.590302,3.691866,-10.974113
571,17.208593,7.777974,3.771898,-10.781631
572,17.289902,7.975036,3.842952,-10.596352
573,17.373774,8.186426,3.897653,-10.420128
574,17.457973,8.41287,3.933371,-10.25396
575,17.540829,8.649859,3.957943,-10.095123
576,17.622175,8.89003,3.986893,-9.937286
577,17.702555,9.127961,4.030442,-9.776321
578,17.782858,9.364007,4.084973,-9.614922
579,17.863312,9.603867,4.13734,-9.458878
580,17.941656,9.853259,4.1748,-9.311363
581,18.014656,10.114779,4.189156,-9.173065
582,18.080313,10.387247,4.177429,-9.042862
583,18.136183,10.664966,4.142382,-8.917877
584,18.179056,10.941413,4.088229,-8.797035
585,18.207617,11.213514,4.018264,-8.681839
586,18.225254,11.481462,3.938877,-8.571724
587,18.238317,11.747343,3.857369,-8.463577
588,18.250286,12.011751,3.777237,-8.354362
589,18.259579,12.272066,3.700006,-8.242149
590,18.261051,12.525066,3.623824,-8.127747
591,18.248371,12.769997,3.540077,-8.015068
592,18.216669,13.007345,3.43917,-7.907585
593,18.16675,13.238594,3.318332,-7.805908
594,18.106894,13.468374,3.180814,-7.709244
595,18.046413,13.702554,3.030185,-7.617287
596,17.990465,13.945314,2.866661,-7.531113
597,17.939487,14.196557,2.689219,-7.452362
598,17.893755,14.454135,2.498734,-7.381744
599,17.85573,14.718372,2.295698,-7.319359
600,17.828461,14.992883,2.078047,-7.266197
601,17.812038,15.280678,1.842607,-7.224518
602,17.803387,15.581651,1.587201,-7.196068
603,17.797102,15.891717,1.312226,-7.179169
604,17.786978,16.204958,1.021457,-7.167618
605,17.768967,16.517485,0.72059,-7.153831
606,17.742628,16.828592,0.414308,-7.134346
607,17.7092,17.138605,0.106022,-7.110878
608,17.670954,17.448513,-0.200665,-7.086716
609,17.630877,17.759615,-0.502277,-7.063988
610,17.594166,18.074873,-0.797019,-7.044205
611,17.564028,18.395569,-1.083919,-7.028519
612,17.538223,18.716057,-1.359775,-7.015472
613,17.513285,19.026108,-1.61839,-6.997658
614,17.489172,19.319572,-1.854262,-6.96167
615,17.467745,19.597523,-2.066251,-6.894218
616,17.449169,19.862944,-2.256483,-6.791908
617,17.432604,20.117443,-2.428448,-6.666649
618,17.419214,20.364058,-2.587749,-6.538666
619,17.409636,20.605509,-2.740908,-6.422302
620,17.403231,20.841673,-2.890733,-6.320236
621,17.400961,21.071642,-3.034583,-6.22834
622,17.40521,21.295277,-3.167981,-6.141891
623,17.416656,21.51227,-3.287544,-6.057053
624,17.432238,21.721422,-3.390104,-5.970184
625,17.4478,21.919743,-3.470459,-5.877487
626,17.461414,22.102531,-3.523737,-5.774498
627,17.473183,22.267338,-3.550521,-5.657143
628,17.482834,22.417812,-3.558473,-5.525505
629,17.488522,22.561962,-3.557878,-5.384026
630,17.48859,22.705622,-3.555025,-5.23735
631,17.48579,22.850065,-3.549918,-5.088036
632,17.484772,22.992168,-3.53811,-4.936356
633,17.486578,23.123697,-3.512436,-4.778183
634,17.490444,23.233837,-3.46395,-4.605537
635,17.496372,23.313953,-3.384855,-4.414238
636,17.504635,23.364065,-3.274334,-4.208801
637,17.517738,23.399429,-3.143007,-3.997887
638,17.540138,23.443493,-3.007687,-3.788574
639,17.57436,23.511999,-2.880124,-3.584366
640,17.618031,23.607082,-2.763023,-3.384705
641,17.666134,23.722441,-2.65393,-3.18644
642,17.713209,23.847034,-2.548706,-2.987602
643,17.755024,23.970169,-2.443431,-2.789734
644,17.791252,24.088684,-2.336017,-2.596397
645,17.825994,24.206646,-2.225879,-2.40937
646,17.863995,24.328308,-2.112856,-2.226379
647,17.904749,24.453043,-1.998358,-2.043457
648,17.940041,24.573811,-1.88449,-1.857925
649,17.962702,24.684017,-1.770678,-1.668495
650,17.973532,24.784292,-1.653905,-1.474617
651,17.978315,24.882353,-1.532462,-1.275986
652,17.980972,24.986639,-1.407867,-1.071884
653,17.982033,25.101328,-1.284272,-0.86264
654,17.981236,25.226421,-1.167761,-0.653625
655,17.978638,25.358511,-1.062301,-0.454422
656,17.975777,25.492952,-0.965674,-0.271538
657,17.975035,25.625561,-0.871768,-0.103676
658,17.97891,25.754988,-0.77671,0.056351
659,17.987497,25.879873,-0.6793,0.218002
660,17.994921,25.993269,-0.577295,0.390343
661,17.993113,26.087379,-0.467013,0.580238
662,17.978617,26.16449,-0.349268,0.789833
663,17.954691,26.23934,-0.23268,1.014626
664,17.925179,26.327244,-0.127811,1.245567
665,17.890381,26.433834,-0.039135,1.473785
666,17.847206,26.554676,0.035444,1.693573
667,17.791756,26.680435,0.10111,1.902733
668,17.722017,26.803209,0.1625,2.101089
669,17.64105,26.921591,0.221216,2.288361
670,17.555515,27.038679,0.275886,2.462593
671,17.472572,27.156969,0.324675,2.620819
672,17.398325,27.276972,0.367762,2.763168
673,17.338934,27.400299,0.407298,2.895599
674,17.300325,27.530846,0.446453,3.027306
675,17.283041,27.67041,0.489623,3.165848
676,17.279131,27.81452,0.541602,3.314217
677,17.276928,27.954451,0.605367,3.470535
678,17.266935,28.083282,0.680127,3.628929
679,17.245358,28.200441,0.762905,3.78228
680,17.21368,28.310356,0.850776,3.924652
681,17.176031,28.418232,0.941363,4.052315
682,17.138046,28.528931,1.032381,4.165955
683,17.107018,28.6488,1.121275,4.272202
684,17.088928,28.782896,1.207072,4.381142
685,17.08337,28.928961,1.292239,4.501274
686,17.082756,29.077723,1.380882,4.635117
687,17.078094,29.220432,1.474801,4.777054
688,17.065334,29.353937,1.572513,4.917534
689,17.045471,29.478626,1.672026,5.050087
690,17.022289,29.595741,1.77346,5.172028
691,16.999796,29.706867,1.878062,5.280846
692,16.981289,29.81406,1.987059,5.373756
693,16.968002,29.918556,2.101135,5.448509
694,16.959332,30.020725,2.220452,5.505852
695,16.953405,30.119528,2.346333,5.55217
696,16.948267,30.212864,2.481399,5.595062
697,16.943272,30.300623,2.625639,5.636063
698,16.93791,30.385159,2.775363,5.671738
699,16.930862,30.469278,2.926746,5.698746
700,16.922916,30.556461,3.079549,5.71505
701,16.917837,30.650633,3.235624,5.718246
702,16.917446,30.752516,3.395126,5.706429
703,16.91737,30.856985,3.555804,5.680641
704,16.910219,30.956181,3.716276,5.64315
705,16.89393,31.047035,3.878519,5.594597
706,16.874535,31.133604,4.046045,5.533348
707,16.858654,31.221287,4.220684,5.456512
708,16.847239,31.312414,4.402551,5.360962
709,16.837896,31.408722,4.592356,5.245705
710,16.830328,31.513771,4.791483,5.112411
711,16.825207,31.627949,5.000141,4.962654
712,16.821831,31.746542,5.217326,4.796059
713,16.819977,31.864567,5.443061,4.610924
714,16.819464,31.97772,5.679669,4.404289
715,16.817621,32.081047,5.929867,4.171577
716,16.809704,32.170532,6.194594,3.907135
717,16.791548,32.244431,6.473178,3.605797
718,16.762613,32.302776,6.765187,3.267021
719,16.727396,32.347645,7.071008,2.896935
720,16.691856,32.380203,7.392407,2.502014
721,16.660013,32.398144,7.733113,2.083824
722,16.633101,32.396858,8.097548,1.641182
723,16.607908,32.370861,8.488568,1.172462
724,16.579126,32.315937,8.907578,0.675659
725,16.545563,32.232147,9.355037,0.146004
726,16.512783,32.124298,9.83025,-0.426079
727,16.488073,31.997694,10.332043,-1.049744
728,16.476303,31.855356,10.860085,-1.724495
729,16.479244,31.698864,11.414633,-2.439835
730,16.498091,31.531794,11.996204,-3.18573
731,16.532888,31.358484,12.606197,-3.95916
732,16.581131,31.179323,13.248184,-4.760216
733,16.638128,30.989153,13.926117,-5.586319
734,16.698727,30.78068,14.641721,-6.429893
735,16.758438,30.546528,15.396315,-7.280228
736,16.814035,30.279732,16.193712,-8.127266
737,16.863224,29.974871,17.039501,-8.966522
738,16.905962,29.629827,17.938417,-9.801582
739,16.946455,29.246635,18.893707,-10.636497
740,16.991629,28.831507,19.90509,-11.466782
741,17.044468,28.391251,20.966595,-12.28083
742,17.100628,27.929865,22.068665,-13.068527
743,17.152147,27.447666,23.203606,-13.825287
744,17.195131,26.945526,24.367243,-14.550858
745,17.23247,26.428267,25.556063,-15.24939
746,17.269196,25.902006,26.765503,-15.930649
747,17.307501,25.369371,27.990738,-16.611443
748,17.34549,24.829107,29.227299,-17.315605
749,17.37924,24.278849,30.47093,-18.068779
750,17.406315,23.716763,31.71818,-18.892197
751,17.428652,23.142342,32.967625,-19.799759
752,17.451244,22.557369,34.219643,-20.794739
753,17.478117,21.965836,35.474415,-21.868767
754,17.509319,21.372034,36.730324,-23.004074
755,17.541206,20.779585,37.983669,-24.176239
756,17.570341,20.192568,39.229496,-25.359001
757,17.596397,19.615242,40.464214,-26.527027
758,17.621258,19.050077,41.687557,-27.655624
759,17.647148,18.497515,42.902267,-28.720798
760,17.675901,17.957411,44.111958,-29.702946
761,17.708261,17.428768,45.319778,-30.588547
762,17.743723,16.909561,46.526909,-31.371799
763,17.780012,16.396479,47.732288,-32.053055
764,17.814707,15.887174,48.934509,-32.630592
765,17.846291,15.381675,50.132622,-33.096054
766,17.873257,14.881395,51.32457,-33.441608
767,17.893551,14.387201,52.507454,-33.667149
768,17.90587,13.898908,53.679638,-33.778389
769,17.912405,13.417541,54.840637,-33.783459
770,17.918406,12.946276,55.989887,-33.692932
771,17.928722,12.488748,57.126701,-33.519665
772,17.944622,12.046031,58.25053,-33.277279
773,17.96452,11.615437,59.360123,-32.984394
774,17.986134,11.190435,60.452099,-32.672237
775,18.008724,10.764601,61.519657,-32.380424
776,18.034359,10.335097,62.556267,-32.134796
777,18.06673,9.900814,63.561424,-31.932232
778,18.106874,9.458821,64.539085,-31.751701
779,18.150299,9.00585,65.492432,-31.573433
780,18.189066,8.542998,66.421486,-31.388248
781,18.217495,8.078079,67.323158,-31.195107
782,18.2353,7.620787,68.192604,-30.997337
783,18.24518,7.175551,69.027115,-30.79837
784,18.25008,6.742246,69.827751,-30.596516
785,18.252197,6.319685,70.596771,-30.382324
786,18.253134,5.90525,71.335266,-30.142212
787,18.252869,5.492636,72.043938,-29.866337
788,18.248829,5.073226,72.723969,-29.551388
789,18.23835,4.641659,73.376518,-29.193695
790,18.221373,4.199435,74.002274,-28.783077
791,18.198006,3.750423,74.601158,-28.310017
792,18.166397,3.295139,75.172958,-27.776058
793,18.126535,2.834549,75.71785,-27.192318
794,18.084482,2.37617,76.235748,-26.572025
795,18.048561,1.930534,76.723953,-25.928085
796,18.023001,1.50363,77.177422,-25.27066
797,18.00672,1.095854,77.591545,-24.605797
798,17.994989,0.704114,77.963913,-23.937836
799,17.982483,0.324061,78.294518,-23.270836
800,17.96669,-0.048105,78.585426,-22.607986
801,17.948538,-0.417928,78.84272,-21.953773
802,17.929482,-0.793919,79.075729,-21.312424
803,17.909698,-1.181272,79.289383,-20.688515
804,17.889467,-1.575513,79.478447,-20.089447
805,17.870472,-1.966555,79.633026,-19.522087
806,17.854612,-2.347345,79.746979,-18.986076
807,17.841516,-2.717234,79.820435,-18.473175
808,17.82814,-3.079695,79.856949,-17.973999
809,17.811674,-3.437832,79.859436,-17.483017
810,17.7915,-3.792626,79.828751,-16.996086
811,17.768827,-4.14408,79.765213,-16.509811
812,17.746035,-4.491536,79.66983,-16.026123
813,17.72769,-4.829977,79.542984,-15.552826
814,17.720539,-5.148661,79.382935,-15.095634
815,17.730019,-5.437522,79.187675,-14.653893
816,17.755301,-5.696321,78.95742,-14.22551
817,17.790485,-5.933472,78.693604,-13.810287
818,17.828426,-6.159812,78.397881,-13.408569
819,17.861574,-6.385978,78.071556,-13.021698
820,17.883572,-6.620151,77.714951,-12.649979
821,17.893847,-6.863469,77.327812,-12.288742
822,17.897133,-7.109674,76.910126,-11.927498
823,17.897835,-7.351611,76.46257,-11.550041
824,17.896736,-7.586101,75.98558,-11.141815
825,17.891582,-7.814004,75.479538,-10.703712
826,17.880547,-8.036637,74.944374,-10.253006
827,17.866116,-8.252589,74.379868,-9.807251
828,17.854561,-8.458559,73.786171,-9.37619
829,17.850965,-8.653952,73.16526,-8.96492
830,17.855692,-8.843511,72.521744,-8.5746
831,17.865324,-9.032865,71.859306,-8.203987
832,17.876188,-9.22206,71.175758,-7.852928
833,17.886358,-9.405213,70.463585,-7.524437
834,17.895926,-9.575127,69.715454,-7.223602
835,17.904722,-9.728024,68.929016,-6.954056
836,17.91128,-9.863843,68.106659,-6.713997
837,17.913624,-9.984623,67.251717,-6.4972
838,17.910971,-10.09311,66.365585,-6.296783
839,17.903427,-10.191776,65.447853,-6.10743
840,17.892469,-10.28007,64.496651,-5.926163
841,17.879835,-10.355616,63.510124,-5.751358
842,17.865112,-10.41923,62.489208,-5.58091
843,17.8475,-10.472989,61.436592,-5.413734
844,17.828926,-10.513933,60.35183,-5.254234
845,17.811321,-10.536044,59.229019,-5.117699
846,17.792433,-10.540035,58.06319,-5.024925
847,17.766541,-10.53509,56.855408,-4.982368
848,17.728712,-10.530543,55.61034,-4.973007
849,17.677633,-10.529796,54.332554,-4.975296
850,17.616978,-10.528962,53.024826,-4.982803
851,17.556162,-10.517086,51.688862,-5.001923
852,17.507679,-10.4788,50.325329,-5.041397
853,17.477947,-10.401982,48.93401,-5.103394
854,17.461966,-10.283575,47.515854,-5.179626
855,17.447674,-10.128082,46.073761,-5.256172
856,17.426025,-9.94015,44.610386,-5.322975
857,17.397551,-9.719268,43.126709,-5.378944
858,17.370113,-9.462095,41.623409,-5.428902
859,17.350304,-9.168571,40.101624,-5.480385
860,17.338177,-8.844027,38.561546,-5.543953
861,17.330139,-8.494539,37.001297,-5.630669
862,17.323883,-8.121587,35.417328,-5.748291
863,17.319149,-7.72289,33.80714,-5.900497
864,17.316408,-7.295033,32.171509,-6.086929
865,17.316975,-6.834101,30.514473,-6.304283
866,17.322567,-6.336984,28.842978,-6.547882
867,17.333763,-5.804622,27.16699,-6.811775
868,17.348906,-5.245229,25.500587,-7.088387
869,17.36447,-4.671764,23.859184,-7.371101
870,17.378313,-4.093547,22.253862,-7.655922
871,17.39155,-3.512584,20.690182,-7.940285
872,17.406954,-2.926718,19.171444,-8.225395
873,17.425413,-2.334467,17.700333,-8.518822
874,17.443769,-1.737556,16.278845,-8.831131
875,17.456345,-1.139691,14.908101,-9.170265
876,17.458487,-0.542443,13.586492,-9.53804
877,17.449915,0.057565,12.30937,-9.929008
878,17.437088,0.668292,11.07155,-10.334679
879,17.430851,1.297058,9.872171,-10.749619
880,17.440605,1.944539,8.71992,-11.171486
881,17.466694,2.600939,7.632066,-11.595093
882,17.498131,3.249046,6.624541,-12.010971
883,17.518391,3.871205,5.704731,-12.411507
884,17.516064,4.456959,4.874047,-12.793892
885,17.488962,5.002413,4.13624,-13.150154
886,17.44076,5.505481,3.499089,-13.458344
887,17.375593,5.963887,2.969113,-13.686615
888,17.295002,6.37445,2.551355,-13.79631
889,17.198414,6.733086,2.25363,-13.739876
890,17.085596,7.037638,2.084393,-13.473572
891,16.956825,7.287727,2.046851,-12.98333
892,16.81423,7.485891,2.133826,-12.298714
893,16.665405,7.642653,2.324789,-11.483231
894,16.522806,7.775845,2.586726,-10.614426
895,16.396311,7.90161,2.879043,-9.767036
896,16.288593,8.02877,3.161281,-9.000221
897,16.197639,8.160287,3.401165,-8.348701
898,16.121088,8.297927,3.579447,-7.821754
899,16.058239,8.444462,3.692235,-7.408974
900,16.00692,8.597769,3.753331,-7.08786
901,15.962518,8.746812,3.791759,-6.8312
902,15.921635,8.876407,3.840832,-6.61515
903,15.884949,8.974901,3.925048,-6.425072
904,15.856818,9.037885,4.055146,-6.255661
905,15.842698,9.067888,4.23102,-6.106171
906,15.845288,9.071694,4.443807,-5.97583
907,15.863857,9.058455,4.677508,-5.862846
908,15.896648,9.037868,4.915103,-5.765205
909,15.941239,9.016244,5.145106,-5.681007
910,15.993792,8.994629,5.362614,-5.607384
911,16.048887,8.971074,5.56507,-5.540672
912,16.103083,8.947069,5.74809,-5.479042
913,16.155125,8.927244,5.907093,-5.421883
914,16.205313,8.917337,6.038709,-5.367516
915,16.255033,8.923796,6.138584,-5.313248
916,16.303867,8.950507,6.201308,-5.257446
917,16.347691,8.996883,6.222989,-5.199989
918,16.381514,9.061265,6.201911,-5.141533
919,16.404682,9.14526,6.139381,-5.081833
920,16.419926,9.250531,6.040718,-5.019295
921,16.429968,9.376726,5.912152,-4.952118
922,16.435219,9.520945,5.756794,-4.880325
923,16.434374,9.678788,5.57411,-4.807671
924,16.426023,9.846555,5.362159,-4.740799
925,16.408817,10.022176,5.120404,-4.685585
926,16.381441,10.204332,4.851308,-4.644348
927,16.343437,10.392442,4.559797,-4.615974
928,16.297098,10.588634,4.251671,-4.596107
929,16.250402,10.800842,3.932313,-4.577179
930,16.216633,11.040515,3.607658,-4.549515
931,16.209545,11.314817,3.287406,-4.502663
932,16.237288,11.62009,2.982697,-4.429443
933,16.299389,11.941071,2.700486,-4.3311
934,16.387611,12.256511,2.441992,-4.216866
935,16.489534,12.550319,2.203752,-4.097504
936,16.588482,12.816252,1.978082,-3.978783
937,16.666794,13.054382,1.756636,-3.859375
938,16.716206,13.268219,1.536504,-3.733185
939,16.739902,13.46182,1.321858,-3.594238
940,16.743284,13.63562,1.120082,-3.440819
941,16.729427,13.787309,0.937275,-3.276405
942,16.700588,13.915893,0.774781,-3.107391
943,16.659752,14.022961,0.628206,-2.939461
944,16.610106,14.110064,0.490526,-2.775368
945,16.556263,14.178524,0.358493,-2.613441
946,16.503162,14.230702,0.2341,-2.447906
947,16.452991,14.269485,0.121593,-2.272652
948,16.405066,14.296878,0.024884,-2.085556
949,16.357128,14.312324,-0.053109,-1.889153
950,16.306797,14.31463,-0.11327,-1.689491
951,16.251707,14.304656,-0.162447,-1.495071
952,16.19186,14.286524,-0.209887,-1.313431
953,16.129734,14.263844,-0.259503,-1.145592
954,16.067581,14.236148,-0.306909,-0.986656
955,16.006458,14.200603,-0.344475,-0.833359
956,15.94783,14.157443,-0.369679,-0.688995
957,15.894153,14.110989,-0.385975,-0.558838
958,15.847177,14.066012,-0.396893,-0.442932
959,15.806952,14.024711,-0.403131,-0.335754
960,15.77387,13.988268,-0.405579,-0.231308
961,15.750358,13.95847,-0.406189,-0.126587
962,15.739478,13.936281,-0.405019,-0.021652
963,15.741353,13.9198,-0.398715,0.081772
964,15.75313,13.907683,-0.385698,0.181923
965,15.769649,13.901806,-0.372364,0.277344
966,15.783605,13.902726,-0.367756,0.367577
967,15.787674,13.905425,-0.372654,0.454041
968,15.776854,13.902076,-0.380505,0.538788
969,15.750747,13.886901,-0.384881,0.622528
970,15.71283,13.857812,-0.382435,0.704445
971,15.66819,13.816704,-0.373194,0.781555
972,15.619905,13.76679,-0.360233,0.849495
973,15.56904,13.709741,-0.345239,0.906456
974,15.516032,13.644648,-0.324065,0.955421
975,15.463273,13.571414,-0.289529,1.000542
976,15.414726,13.493052,-0.238659,1.041855
977,15.373097,13.413849,-0.175458,1.07476
978,15.33806,13.336214,-0.107444,1.094322
979,15.306898,13.259508,-0.040855,1.097961
980,15.275266,13.181231,0.020736,1.084236
981,15.237482,13.09884,0.074195,1.05127
982,15.189731,13.011756,0.116521,0.99826
983,15.134446,12.924104,0.146726,0.927834
984,15.079185,12.844077,0.166968,0.845245
985,15.029401,12.776609,0.181951,0.754539
986,14.98625,12.720139,0.19676,0.655678
987,14.949199,12.670414,0.21332,0.545181
988,14.918702,12.62555,0.228371,0.41893
989,14.896381,12.587021,0.235771,0.275391
990,14.882358,12.557263,0.230059,0.116661
991,14.875522,12.54042,0.207395,-0.055832
992,14.873563,12.540689,0.164637,-0.245399
993,14.87367,12.559857,0.099025,-0.457001
994,14.871809,12.593778,0.01083,-0.690376
995,14.865457,12.63421,-0.094127,-0.938835
996,14.857423,12.674599,-0.205954,-1.193596
997,14.853296,12.712477,-0.31551,-1.447098
998,14.856133,12.74826,-0.417799,-1.692909
999,14.863145,12.780821,-0.510567,-1.924583
1000,14.869092,12.807995,-0.591611,-2.135941
1001,14.872083,12.829367,-0.658218,-2.324211
1002,14.874226,12.84592,-0.708015,-2.491005
1003,14.878123,12.858882,-0.74026,-2.638611
1004,14.883514,12.869928,-0.759142,-2.767174
1005,14.889567,12.883883,-0.775846,-2.877144
1006,14.895541,12.906243,-0.803463,-2.972298
1007,14.9003,12.938857,-0.848979,-3.058571
1008,14.902328,12.97868,-0.911698,-3.141464
1009,14.900545,13.02037,-0.986684,-3.22438
1010,14.895901,13.059992,-1.066503,-3.307907
1011,14.891121,13.096047,-1.142895,-3.39064
1012,14.88919,13.130329,-1.211474,-3.471626
1013,14.891806,13.167376,-1.27502,-3.551445
1014,14.898447,13.211116,-1.34182,-3.631744
1015,14.909189,13.264297,-1.420513,-3.714203
1016,14.925848,13.327677,-1.515011,-3.800514
1017,14.94906,13.397956,-1.622108,-3.891403
1018,14.975897,13.469362,-1.733948,-3.985558
1019,14.999923,13.536888,-1.843017,-4.080299
1020,15.013884,13.597764,-1.946097,-4.172974
1021,15.014995,13.652953,-2.045135,-4.261688
1022,15.006166,13.705913,-2.144852,-4.346062
1023,14.994049,13.760645,-2.248339,-4.427261
1024,14.98478,13.819957,-2.355986,-4.507126
1025,14.980169,13.884902,-2.468917,-4.587677
1026,14.979431,13.95783,-2.591631,-4.670776
1027,14.981053,14.041993,-2.730195,-4.758049
1028,14.984705,14.139341,-2.888299,-4.850685
1029,14.991314,14.247562,-3.06234,-4.948357
1030,15.001562,14.359242,-3.23844,-5.046814
1031,15.014973,14.465611,-3.398036,-5.13884
1032,15.029291,14.560535,-3.529199,-5.218117
1033,15.04077,14.641674,-3.632432,-5.282249
1034,15.04504,14.709652,-3.716701,-5.332657
1035,15.039828,14.768639,-3.79255,-5.373672
1036,15.026193,14.82473,-3.867059,-5.409653
1037,15.008542,14.882553,-3.940904,-5.442574
1038,14.992919,14.943292,-4.009635,-5.472046
1039,14.983951,15.005334,-4.067984,-5.496574
1040,14.981839,15.065579,-4.114114,-5.515121
1041,14.982179,15.120447,-4.150139,-5.528511
1042,14.97863,15.167615,-4.181186,-5.539238
1043,14.96568,15.206537,-4.213292,-5.549515
1044,14.941314,15.239159,-4.250975,-5.560608
1045,14.907314,15.269193,-4.295924,-5.573708
1046,14.868274,15.301439,-4.347736,-5.58976
1047,14.829157,15.339605,-4.404461,-5.607925
1048,14.793896,15.384587,-4.462938,-5.626183
1049,14.76507,15.434854,-4.52013,-5.643341
1050,14.742615,15.487702,-4.574717,-5.659012
1051,14.722974,15.540324,-4.627738,-5.673035
1052,14.700938,15.590282,-4.680634,-5.685364
1053,14.672037,15.635132,-4.733605,-5.695534
1054,14.634861,15.673674,-4.785742,-5.702484
1055,14.590517,15.705974,-4.835465,-5.704269
1056,14.543118,15.735576,-4.881556,-5.698486
1057,14.497042,15.767689,-4.924098,-5.684021
1058,14.454629,15.806132,-4.964283,-5.661934
1059,14.414978,15.851475,-5.004205,-5.634445
1060,14.373825,15.900347,-5.045669,-5.60392
1061,14.327921,15.9489,-5.08875,-5.572929
1062,14.278017,15.995584,-5.131473,-5.543221
1063,14.228804,16.041771,-5.170687,-5.514915
1064,14.185679,16.089226,-5.202466,-5.487282
1065,14.152003,16.138601,-5.22357,-5.459366
1066,14.128138,16.190617,-5.233384,-5.428535
1067,14.111594,16.246656,-5.234864,-5.39138
1068,14.100251,16.310028,-5.233585,-5.346863
1069,14.093949,16.385876,-5.237004,-5.298508
1070,14.094629,16.480188,-5.252172,-5.252625
1071,14.101545,16.593348,-5.281694,-5.214592
1072,14.108844,16.716131,-5.321141,-5.186554
1073,14.105204,16.830675,-5.360506,-5.167839
1074,14.079546,16.918163,-5.386238,-5.154846
1075,14.028127,16.967041,-5.384054,-5.140953
1076,13.956849,16.977095,-5.344977,-5.11998
1077,13.87574,16.956554,-5.271627,-5.090622
1078,13.793679,16.918343,-5.176914,-5.055588
1079,13.715322,16.875095,-5.075091,-5.017929
1080,13.641339,16.835691,-4.976894,-4.980896
1081,13.569342,16.804308,-4.890228,-4.949028
1082,13.494578,16.78087,-4.820104,-4.92585
1083,13.414383,16.764816,-4.767369,-4.911446
1084,13.329625,16.756392,-4.730615,-4.90345
1085,13.243566,16.756845,-4.70807,-4.899361
1086,13.160954,16.768139,-4.696621,-4.897011
1087,13.088949,16.793934,-4.690385,-4.893906
1088,13.038017,16.842072,-4.682223,-4.886711
1089,13.016796,16.921213,-4.667226,-4.872009
1090,13.026131,17.03326,-4.644684,-4.849068
1091,13.052823,17.16461,-4.616436,-4.820892
1092,13.07576,17.291298,-4.582782,-4.790909
1093,13.080952,17.39403,-4.54044,-4.759529
1094,13.067908,17.467003,-4.486295,-4.725861
1095,13.045846,17.517004,-4.420669,-4.690819
1096,13.02399,17.555185,-4.345975,-4.657013
1097,13.006457,17.590788,-4.265964,-4.627052
1098,12.991346,17.626867,-4.18759,-4.60347
1099,12.976665,17.662786,-4.119234,-4.588005
1100,12.963045,17.697277,-4.063051,-4.578171
1101,12.951229,17.729208,-4.011041,-4.566765
1102,12.936952,17.755251,-3.949057,-4.545898
1103,12.91391,17.772341,-3.864455,-4.511978
1104,12.878181,17.779566,-3.752032,-4.467422
1105,12.830964,17.77902,-3.616482,-4.419182
1106,12.777272,17.773083,-3.467513,-4.375107
1107,12.724875,17.762264,-3.311622,-4.340988
1108,12.68183,17.744564,-3.149706,-4.320023
1109,12.653096,17.716719,-2.98183,-4.311623
1110,12.639367,17.676908,-2.809833,-4.308266
1111,12.63716,17.626949,-2.636322,-4.297386
1112,12.639668,17.570639,-2.462917,-4.268959
1113,12.639571,17.509546,-2.288898,-4.219009
1114,12.632463,17.441196,-2.109377,-4.146652
1115,12.61841,17.362253,-1.917134,-4.052628
1116,12.599409,17.270849,-1.707025,-3.939934
1117,12.575761,17.164839,-1.476882,-3.813423
1118,12.549401,17.043318,-1.222863,-3.678818
1119,12.524177,16.906006,-0.936754,-3.540962
1120,12.504085,16.753576,-0.610501,-3.401642
1121,12.489916,16.585907,-0.241635,-3.260101
1122,12.478481,16.400564,0.166279,-3.115196
1123,12.465132,16.195354,0.604308,-2.967133
1124,12.447275,15.973372,1.05815,-2.818848
1125,12.426469,15.741208,1.516197,-2.673805
1126,12.406387,15.501275,1.979723,-2.531601
1127,12.390091,15.251154,2.459678,-2.3881
1128,12.378433,14.988408,2.965166,-2.239578
1129,12.370744,14.712167,3.499715,-2.084404
1130,12.366194,14.42189,4.064515,-1.921265
1131,12.364121,14.117036,4.65919,-1.749245
1132,12.363406,13.796823,5.281241,-1.569344
1133,12.364044,13.460668,5.927999,-1.384331
1134,12.36802,13.109684,6.597789,-1.197807
1135,12.377281,12.746822,7.287976,-1.013855
1136,12.391962,12.375657,7.993797,-0.835945
1137,12.411454,11.99849,8.711438,-0.664299
1138,12.434258,11.613137,9.441864,-0.496094
1139,12.458885,11.215392,10.188339,-0.330505
1140,12.484799,10.80412,10.950827,-0.172478
1141,12.513813,10.384122,11.724191,-0.030067
1142,12.548079,9.962962,12.50142,0.091599
1143,12.587483,9.546512,13.277062,0.192352
1144,12.629204,9.135646,14.049034,0.27533
1145,12.670807,8.728322,14.816298,0.342987
1146,12.712531,8.324329,15.57454,0.394928
1147,12.755289,7.925253,16.3167,0.431282
1148,12.798908,7.532289,17.037724,0.456177
1149,12.84228,7.146268,17.737173,0.475342
1150,12.884623,6.77015,18.417057,0.492409
1151,12.926733,6.410255,19.078627,0.50824
1152,12.970195,6.072244,19.722294,0.523888
1153,13.014043,5.755141,20.348793,0.542793
1154,13.054388,5.45292,20.957907,0.568153
1155,13.087526,5.160575,21.54726,0.598099
1156,13.113177,4.877016,22.114313,0.62677
1157,13.135454,4.603692,22.659487,0.65078
1158,13.157355,4.339918,23.18539,0.672676
1159,13.176124,4.082613,23.691647,0.698792
1160,13.184198,3.829342,24.17173,0.735413
1161,13.17673,3.581134,24.618608,0.787575
1162,13.156374,3.342488,25.031708,0.860489
1163,13.132059,3.120468,25.415741,0.960724
1164,13.111835,2.920881,25.774487,1.094383
1165,13.097711,2.745546,26.10807,1.26577
1166,13.086606,2.591634,26.415733,1.475174
1167,13.074902,2.453373,26.698238,1.714233
1168,13.059801,2.324188,26.956949,1.968803
1169,13.0405,2.202831,27.190184,2.229233
1170,13.017017,2.094646,27.392086,2.492798
1171,12.988536,2.006362,27.555674,2.755394
1172,12.952402,1.939452,27.676792,3.006577
1173,12.905656,1.890196,27.754459,3.234344
1174,12.847691,1.854659,27.78993,3.432022
1175,12.78077,1.831399,27.786156,3.600243
1176,12.709634,1.821959,27.74649,3.744293
1177,12.63784,1.827626,27.674358,3.870834
1178,12.565744,1.84673,27.574024,3.986122
1179,12.491128,1.875376,27.448933,4.094398
1180,12.41295,1.912533,27.298746,4.195061
1181,12.333813,1.963056,27.119257,4.28289
1182,12.258661,2.034677,26.904917,4.35244
1183,12.189275,2.12996,26.652168,4.400719
1184,12.121623,2.24464,26.360491,4.42498
1185,12.048692,2.374174,26.029554,4.420692
1186,11.966323,2.519001,25.657248,4.383331
1187,11.876383,2.683474,25.241175,4.309578
1188,11.783881,2.871803,24.780699,4.197128
1189,11.691723,3.08437,24.277603,4.043854
1190,11.598645,3.316947,23.736223,3.846245
1191,11.50189,3.564379,23.161299,3.597023
1192,11.401124,3.825495,22.555611,3.284798
1193,11.298797,4.103824,21.920147,2.895714
1194,11.196914,4.404038,21.256777,2.420799
1195,11.0958,4.729009,20.572584,1.87146
1196,10.995287,5.077114,19.884666,1.293907
1197,10.896814,5.440844,19.220415,0.764366
1198,10.80153,5.806652,18.610937,0.359322
1199,10.70875,6.159208,18.080809,0.121399
1200,10.617587,6.48868,17.639688,0.045967
1201,10.528492,6.793272,17.281582,0.090927
1202,10.441515,7.074888,16.989685,0.198654
1203,10.355583,7.336617,16.740761,0.317795
1204,10.270357,7.583356,16.509554,0.414001
1205,10.185852,7.820172,16.274153,0.468323
1206,10.102023,8.052327,16.018723,0.472069
1207,10.018726,8.286007,15.733606,0.4245
1208,9.935859,8.526819,15.416531,0.333107
1209,9.852146,8.776733,15.072991,0.212898
1210,9.766124,9.03358,14.713892,0.081635
1211,9.678894,9.292618,14.353002,-0.046967
1212,9.593002,9.545975,14.005402,-0.166245
1213,9.509363,9.783285,13.685319,-0.27462
1214,9.426485,9.994383,13.403353,-0.37265
1215,9.340705,10.171965,13.163242,-0.462021
1216,9.247459,10.314755,12.960811,-0.545448
1217,9.142195,10.428016,12.78573,-0.625778
1218,9.022471,10.52069,12.626493,-0.704353
1219,8.888834,10.600142,12.474942,-0.781433
1220,8.744405,10.669887,12.327077,-0.857864
1221,8.593055,10.730331,12.181476,-0.93412
1222,8.438981,10.78108,12.038055,-1.008583
1223,8.286842,10.825221,11.895443,-1.078804
1224,8.139551,10.872824,11.747199,-1.144287
1225,7.997016,10.937435,11.583326,-1.207222
1226,7.858781,11.028365,11.397097,-1.270561
1227,7.726842,11.147079,11.189646,-1.336136
1228,7.603247,11.287467,10.968416,-1.403938
1229,7.487319,11.439358,10.742115,-1.472466
1230,7.37696,11.594336,10.516823,-1.539688
1231,7.270553,11.748094,10.294734,-1.605003
1232,7.16728,11.898907,10.074803,-1.669983
1233,7.068513,12.048156,9.85466,-1.736893
1234,6.976693,12.199121,9.63221,-1.807274
1235,6.894962,12.356559,9.405988,-1.881584
1236,6.825522,12.524572,9.175227,-1.95919
1237,6.769845,12.706373,8.940308,-2.03875
1238,6.727018,12.902548,8.702682,-2.118942
1239,6.692779,13.110313,8.46351,-2.198761
1240,6.66116,13.325612,8.221858,-2.276451
1241,6.627811,13.545527,7.975389,-2.349297
1242,6.591519,13.767632,7.723566,-2.414841
1243,6.552652,13.989019,7.469112,-2.471413
1244,6.511303,14.206982,7.215081,-2.519226
1245,6.46564,14.418668,6.962271,-2.561195
1246,6.413302,14.621349,6.709455,-2.601929
1247,6.355038,14.815382,6.455176,-2.645271
1248,6.295165,15.005111,6.198389,-2.692825
1249,6.237906,15.195642,5.93757,-2.744606
1250,6.182438,15.387248,5.670686,-2.800781
1251,6.123768,15.576527,5.395577,-2.862839
1252,6.056319,15.759569,5.112005,-2.932182
1253,5.977617,15.934938,4.822273,-3.008965
1254,5.888962,16.103935,4.530217,-3.091797
1255,5.793927,16.268801,4.239716,-3.177933
1256,5.695206,16.429771,3.953625,-3.264542
1257,5.593626,16.585527,3.673249,-3.349678
1258,5.490332,16.735548,3.399801,-3.432388
1259,5.389867,16.881239,3.136864,-3.51226
1260,5.298693,17.023769,2.889685,-3.589516
1261,5.21978,17.162165,2.659721,-3.665909
1262,5.149698,17.295683,2.438552,-3.745354
1263,5.07993,17.42733,2.207006,-3.833298
1264,5.001654,17.56321,1.944942,-3.933884
1265,4.911586,17.707552,1.647844,-4.046028
1266,4.812602,17.859434,1.330253,-4.163658
1267,4.70932,18.014095,1.012392,-4.28035
1268,4.605294,18.167696,0.706309,-4.393105
1269,4.503512,18.320086,0.413585,-4.501816
1270,4.406953,18.474226,0.129718,-4.607941
1271,4.318079,18.633526,-0.150911,-4.713524
1272,4.237906,18.800234,-0.433112,-4.820366
1273,4.165304,18.973801,-0.719021,-4.928772
1274,4.098486,19.150661,-1.005422,-5.036667
1275,4.036589,19.326506,-1.28524,-5.141029
1276,3.978179,19.498075,-1.553458,-5.240799
1277,3.92102,19.663696,-1.809599,-5.337181
1278,3.862918,19.822117,-2.054656,-5.430428
1279,3.800946,19.970789,-2.288532,-5.517982
1280,3.733579,20.108189,-2.511764,-5.597214
1281,3.661905,20.234694,-2.725362,-5.667557
1282,3.588425,20.351683,-2.929134,-5.729645
1283,3.514513,20.460108,-3.122427,-5.784546
1284,3.439733,20.560671,-3.306481,-5.834061
1285,3.362366,20.652523,-3.482963,-5.879875
1286,3.281477,20.733936,-3.650914,-5.921684
1287,3.197998,20.803432,-3.806371,-5.957321
1288,3.115046,20.860897,-3.944095,-5.984528
1289,3.03582,20.906301,-4.059201,-6.001999
1290,2.960689,20.938864,-4.149405,-6.009628
1291,2.887047,20.958204,-4.216565,-6.008934
1292,2.8114,20.964437,-4.264943,-6.002419
1293,2.732859,20.959238,-4.298787,-5.991852
1294,2.652913,20.945398,-4.321658,-5.977882
1295,2.573066,20.924742,-4.335594,-5.960732
1296,2.495402,20.899179,-4.340182,-5.940269
1297,2.423869,20.872675,-4.333592,-5.916527
1298,2.362163,20.849188,-4.314465,-5.890213
1299,2.311507,20.829706,-4.282762,-5.862404
1300,2.271492,20.813145,-4.239831,-5.833992
1301,2.240624,20.79854,-4.189417,-5.805855
1302,2.216609,20.786579,-4.138127,-5.779343
1303,2.196239,20.777218,-4.092246,-5.756081
1304,2.176659,20.7679,-4.053168,-5.736763
1305,2.155824,20.754513,-4.01648,-5.719955
1306,2.131335,20.73377,-3.975828,-5.702644
1307,2.099859,20.704655,-3.927554,-5.682037
1308,2.059449,20.668827,-3.872398,-5.657646
1309,2.011794,20.629375,-3.813477,-5.630875
1310,1.961863,20.590195,-3.755086,-5.604332
1311,1.915278,20.555723,-3.701967,-5.580872
1312,1.875323,20.528921,-3.656705,-5.561615
1313,1.842342,20.510006,-3.617781,-5.544304
1314,1.815286,20.497765,-3.581707,-5.525177
1315,1.793634,20.490881,-3.546095,-5.502159
1316,1.777506,20.488287,-3.511066,-5.476509
1317,1.764961,20.487356,-3.478489,-5.451828
1318,1.750931,20.484083,-3.450642,-5.430992
1319,1.728969,20.473862,-3.428667,-5.414192
1320,1.695499,20.453875,-3.412064,-5.400452
1321,1.652527,20.425301,-3.399724,-5.389008
1322,1.605823,20.392679,-3.390778,-5.378967
1323,1.560476,20.360975,-3.385585,-5.369423
1324,1.518535,20.333542,-3.385592,-5.360367
1325,1.480093,20.312075,-3.392189,-5.353081
1326,1.445199,20.297428,-3.405393,-5.348892
1327,1.413506,20.28896,-3.42344,-5.348213
1328,1.383122,20.284605,-3.443931,-5.350708
1329,1.351316,20.282116,-3.466017,-5.356064
1330,1.316972,20.280447,-3.490376,-5.363495
1331,1.281513,20.279705,-3.517372,-5.371986
1332,1.247182,20.280293,-3.546134,-5.380928
1333,1.21461,20.282148,-3.575843,-5.390862
1334,1.181895,20.284937,-3.607009,-5.40226
1335,1.146017,20.288128,-3.641104,-5.414558
1336,1.104597,20.289967,-3.679033,-5.426781
1337,1.057955,20.289116,-3.720915,-5.438492
1338,1.009104,20.285515,-3.766023,-5.449684
1339,0.961998,20.279598,-3.812398,-5.460091
1340,0.917616,20.269878,-3.857053,-5.469337
1341,0.873147,20.253647,-3.897522,-5.477303
1342,0.824823,20.229094,-3.932713,-5.483437
1343,0.771817,20.197783,-3.963658,-5.487152
1344,0.717818,20.164986,-3.992228,-5.488548
1345,0.667641,20.135324,-4.018893,-5.489143
1346,0.623095,20.109247,-4.04207,-5.490723
1347,0.581553,20.083973,-4.061164,-5.494728
1348,0.539384,20.057701,-4.078832,-5.50206
1349,0.494668,20.030039,-4.099018,-5.512863
1350,0.449393,20.001806,-4.122983,-5.526192
1351,0.406693,19.973619,-4.14857,-5.540535
1352,0.368175,19.946201,-4.172378,-5.55452
1353,0.334095,19.921724,-4.191899,-5.56694
1354,0.304653,19.903442,-4.206255,-5.576324
1355,0.279383,19.893053,-4.215453,-5.581375
1356,0.255934,19.888092,-4.219138,-5.581665
1357,0.231278,19.882616,-4.216096,-5.577774
1358,0.205058,19.871269,-4.205176,-5.570854
1359,0.179593,19.852074,-4.186871,-5.562492
1360,0.157423,19.826262,-4.163393,-5.55452
1361,0.139347,19.795767,-4.136163,-5.548004
1362,0.123107,19.759722,-4.103082,-5.541862
1363,0.104908,19.71517,-4.059077,-5.533325
1364,0.080897,19.658556,-3.997926,-5.518593
1365,0.049349,19.588289,-3.915644,-5.494415
1366,0.011346,19.50638,-3.814785,-5.4608
1367,-0.030319,19.419037,-3.706875,-5.422821
1368,-0.072221,19.335054,-3.608043,-5.38884
1369,-0.111879,19.260809,-3.529291,-5.366013
1370,-0.147809,19.198259,-3.471731,-5.357025
1371,-0.178644,19.146719,-3.430023,-5.359886
1372,-0.203031,19.104111,-3.396508,-5.369209
1373,-0.220464,19.067127,-3.364072,-5.379051
1374,-0.231788,19.03252,-3.328025,-5.385422
1375,-0.239081,18.99822,-3.287031,-5.387817
1376,-0.243857,18.964203,-3.242548,-5.38858
1377,-0.24629,18.931858,-3.197338,-5.390549
1378,-0.246223,18.902184,-3.153572,-5.395134
1379,-0.244198,18.874846,-3.111785,-5.40197
1380,-0.240594,18.848858,-3.070945,-5.409912
1381,-0.235181,18.823618,-3.029639,-5.418098
1382,-0.227657,18.798141,-2.984967,-5.425354
1383,-0.218789,18.770294,-2.932103,-5.429955
1384,-0.210603,18.738085,-2.868095,-5.430931
1385,-0.205553,18.700909,-2.794897,-5.428642
1386,-0.203546,18.660431,-2.715984,-5.42318
1387,-0.202272,18.61904,-2.63324,-5.414001
1388,-0.198506,18.579811,-2.548635,-5.400986
1389,-0.190677,18.544712,-2.465087,-5.384926
1390,-0.179457,18.51372,-2.384889,-5.367233
1391,-0.166295,18.485546,-2.308674,-5.35022
1392,-0.152892,18.458099,-2.236426,-5.337143
1393,-0.139905,18.430618,-2.169249,-5.331215
1394,-0.1275,18.403648,-2.108039,-5.332893
1395,-0.115466,18.378742,-2.052066,-5.339195
1396,-0.103801,18.356951,-1.998877,-5.34549
1397,-0.092778,18.338503,-1.945928,-5.348236
1398,-0.082448,18.323797,-1.892108,-5.346855
1399,-0.072954,18.313044,-1.837777,-5.342964
1400,-0.064925,18.305286,-1.784236,-5.338722
1401,-0.059293,18.298147,-1.732586,-5.335182
1402,-0.055944,18.289156,-1.682883,-5.33152
1403,-0.05289,18.277615,-1.634294,-5.325722
1404,-0.048012,18.26408,-1.58637,-5.317284
1405,-0.040178,18.249916,-1.539384,-5.307999
1406,-0.028758,18.237324,-1.493739,-5.300079
1407,-0.012771,18.228825,-1.44909,-5.294266
1408,0.007728,18.224566,-1.403605,-5.289513
1409,0.030091,18.22127,-1.355442,-5.284218
1410,0.050076,18.214731,-1.304865,-5.277054
1411,0.065445,18.203541,-1.25348,-5.266846
1412,0.077136,18.189627,-1.202531,-5.252678
1413,0.08698,18.1754,-1.152107,-5.234352
1414,0.09617,18.162197,-1.102154,-5.212936
1415,0.103893,18.148764,-1.052823,-5.1903
1416,0.108961,18.133472,-1.00489,-5.168518
1417,0.110307,18.115505,-0.959604,-5.148987
1418,0.108154,18.095673,-0.918957,-5.132614
1419,0.102791,18.074507,-0.88456,-5.119652
1420,0.093601,18.051491,-0.857081,-5.110069
1421,0.079768,18.025963,-0.835991,-5.103325
1422,0.061866,17.998972,-0.820375,-5.098198
1423,0.040893,17.971981,-0.809463,-5.093697
1424,0.018463,17.946789,-0.802871,-5.090218
1425,-0.003658,17.925406,-0.800488,-5.089096
1426,-0.023462,17.909937,-0.802198,-5.090927
1427,-0.038859,17.902264,-0.808011,-5.09462
1428,-0.047902,17.903807,-0.817859,-5.098274
1429,-0.050405,17.91378,-0.830933,-5.100769
1430,-0.048244,17.928709,-0.845526,-5.10228
1431,-0.044783,17.943398,-0.859882,-5.103615
1432,-0.04283,17.953609,-0.872875,-5.105194
1433,-0.043441,17.957954,-0.884722,-5.107094
1434,-0.045589,17.958481,-0.896785,-5.109108
1435,-0.047536,17.958929,-0.910982,-5.110466
1436,-0.047765,17.963018,-0.928774,-5.109459
1437,-0.045515,17.972656,-0.949931,-5.104439
1438,-0.041204,17.987255,-0.973333,-5.095398
1439,-0.035312,18.006056,-0.999143,-5.084488
1440,-0.028876,18.028133,-1.029054,-5.075096
1441,-0.022953,18.052757,-1.065237,-5.070847
1442,-0.018607,18.078602,-1.108551,-5.073563
1443,-0.015441,18.105038,-1.157871,-5.08226
1444,-0.011378,18.132902,-1.210908,-5.094147
1445,-0.004165,18.163549,-1.265704,-5.106636
1446,0.006413,18.196772,-1.321257,-5.118477
1447,0.019033,18.230936,-1.377341,-5.13028
1448,0.032328,18.264193,-1.434095,-5.143959
1449,0.045374,18.295227,-1.49185,-5.161705
1450,0.056571,18.322424,-1.550617,-5.184456
1451,0.062727,18.342957,-1.609416,-5.210815
1452,0.06119,18.355017,-1.666715,-5.237953
1453,0.052105,18.359962,-1.721771,-5.263779
1454,0.037653,18.360949,-1.775375,-5.288033
1455,0.019528,18.359861,-1.828742,-5.311203
1456,-0.001522,18.357008,-1.882678,-5.333771
1457,-0.024814,18.352329,-1.937142,-5.355721
1458,-0.049011,18.346281,-1.991567,-5.376801
1459,-0.071837,18.340618,-2.045601,-5.39679
1460,-0.090693,18.338444,-2.100156,-5.415558
1461,-0.103886,18.342838,-2.157278,-5.433029
1462,-0.111082,18.355652,-2.219591,-5.449791
1463,-0.11396,18.375895,-2.288558,-5.467522
1464,-0.114824,18.39995,-2.362301,-5.487534
1465,-0.115658,18.421957,-2.43365,-5.508583
1466,-0.117612,18.436424,-2.493631,-5.52726
1467,-0.122211,18.441305,-2.539602,-5.541603
1468,-0.131685,18.438177,-2.57743,-5.553139
1469,-0.147125,18.430185,-2.615314,-5.565285
1470,-0.167796,18.419832,-2.657688,-5.580666
1471,-0.192072,18.408703,-2.705077,-5.599854
1472,-0.218017,18.398285,-2.756016,-5.621521
1473,-0.244054,18.389053,-2.808081,-5.643387
1474,-0.268443,18.380121,-2.857722,-5.663315
1475,-0.288575,18.370764,-2.900906,-5.67952
1476,-0.303188,18.360958,-2.936461,-5.691498
1477,-0.312821,18.352144,-2.96759,-5.700714
1478,-0.319217,18.345688,-2.99891,-5.70977
1479,-0.322738,18.342777,-3.03277,-5.720779
1480,-0.323437,18.343111,-3.068531,-5.734383
1481,-0.321865,18.345316,-3.103869,-5.750015
1482,-0.31904,18.347912,-3.136837,-5.766815
1483,-0.315401,18.350565,-3.167116,-5.784042
1484,-0.310521,18.353676,-3.195348,-5.80114
1485,-0.30351,18.357391,-3.221859,-5.817818
1486,-0.294872,18.360088,-3.24596,-5.833656
1487,-0.287357,18.358582,-3.266384,-5.847855
1488,-0.283601,18.350811,-3.281749,-5.859245
1489,-0.284956,18.336634,-3.291761,-5.867233
1490,-0.290751,18.317736,-3.297522,-5.872055
1491,-0.299546,18.295717,-3.300609,-5.874901
1492,-0.309416,18.272633,-3.302689,-5.877525
1493,-0.31746,18.251825,-3.305207,-5.881027
1494,-0.320992,18.236217,-3.308397,-5.884682
1495,-0.318405,18.226919,-3.311299,-5.887138
1496,-0.309398,18.223145,-3.31254,-5.887985
1497,-0.295231,18.222734,-3.311794,-5.888176
1498,-0.278352,18.223297,-3.309726,-5.888664
1499,-0.261613,18.2227,-3.307183,-5.889961
1500,-0.246494,18.220469,-3.304683,-5.892433
1501,-0.233203,18.217207,-3.30233,-5.89624
1502,-0.221807,18.213364,-3.29973,-5.900414
1503,-0.21096,18.21077,-3.296736,-5.903343
1504,-0.198563,18.211742,-3.293389,-5.90416
1505,-0.182909,18.21777,-3.289492,-5.903282
1506,-0.16384,18.228092,-3.284369,-5.901588
1507,-0.142026,18.240631,-3.277274,-5.899834
1508,-0.119304,18.252558,-3.267939,-5.898476
1509,-0.098406,18.261625,-3.257472,-5.898071
1510,-0.082609,18.266253,-3.247986,-5.899208
1511,-0.073736,18.266207,-3.240859,-5.902237
1512,-0.071027,18.262646,-3.235729,-5.906776
1513,-0.07097,18.258097,-3.230991,-5.911713
1514,-0.068518,18.255795,-3.224898,-5.91613
1515,-0.060302,18.25795,-3.216743,-5.920235
1516,-0.045972,18.26479,-3.20704,-5.924698
1517,-0.027277,18.274902,-3.196287,-5.92926
1518,-0.005996,18.286955,-3.184757,-5.933189
1519,0.016194,18.299404,-3.172021,-5.935753
1520,0.038631,18.311163,-3.157053,-5.936256
1521,0.061087,18.321268,-3.139045,-5.934174
1522,0.082662,18.329155,-3.118761,-5.930016
1523,0.1016,18.334644,-3.098446,-5.92543
1524,0.116269,18.337337,-3.08009,-5.922081
1525,0.126816,18.337858,-3.064769,-5.92041
1526,0.133824,18.337194,-3.052885,-5.919556
1527,0.137197,18.335472,-3.043853,-5.918404
1528,0.137159,18.332561,-3.036401,-5.916725
1529,0.134647,18.328966,-3.029854,-5.915665
1530,0.13091,18.326088,-3.024392,-5.916634
1531,0.126995,18.325205,-3.020599,-5.92012
1532,0.12283,18.326218,-3.018009,-5.924774
1533,0.117374,18.328228,-3.015887,-5.928833
1534,0.109432,18.330215,-3.013793,-5.931259
1535,0.099309,18.332108,-3.011767,-5.932198
1536,0.088274,18.333841,-3.009695,-5.932594
1537,0.078246,18.335569,-3.007263,-5.933144
1538,0.07144,18.337885,-3.004124,-5.93354
1539,0.069612,18.341612,-3.000159,-5.93309
1540,0.072707,18.346798,-2.995597,-5.931564
1541,0.079464,18.353729,-2.991366,-5.928833
1542,0.087005,18.361971,-2.988817,-5.92527
1543,0.092464,18.370977,-2.989092,-5.922226
1544,0.094094,18.380869,-2.993261,-5.921082
1545,0.091506,18.392311,-3.002013,-5.922325
1546,0.085662,18.40608,-3.015221,-5.925522
1547,0.07803,18.422264,-3.031771,-5.929901
1548,0.069886,18.439653,-3.049542,-5.934486
1549,0.06267,18.456865,-3.066221,-5.938522
1550,0.057187,18.472179,-3.079813,-5.942368
1551,0.053534,18.484257,-3.089467,-5.946983
1552,0.050499,18.491089,-3.09509,-5.952477
1553,0.047073,18.491613,-3.097561,-5.958519
1554,0.042961,18.486712,-3.098251,-5.965065
1555,0.037732,18.47821,-3.098588,-5.972435
1556,0.030979,18.467657,-3.099075,-5.979851
1557,0.021998,18.454721,-3.0989,-5.985649
1558,0.009721,18.43791,-3.097026,-5.989227
1559,-0.006031,18.417309,-3.093591,-5.99115
1560,-0.023632,18.396269,-3.090625,-5.99218
1561,-0.040472,18.379839,-3.09177,-5.993416
1562,-0.054176,18.373154,-3.102072,-5.997246
1563,-0.063034,18.38032,-3.126972,-6.006744
1564,-0.066518,18.402594,-3.17011,-6.02359
1565,-0.064314,18.437723,-3.229583,-6.046501
1566,-0.056602,18.479145,-3.295013,-6.071098
1567,-0.044612,18.518192,-3.351377,-6.092102
1568,-0.031565,18.54789,-3.389218,-6.1064
1569,-0.021468,18.565792,-3.409408,-6.113922
1570,-0.017036,18.573135,-3.418667,-6.116386
1571,-0.018061,18.573137,-3.423682,-6.116287
1572,-0.02163,18.569752,-3.428419,-6.116035
1573,-0.025157,18.565489,-3.433791,-6.11657
1574,-0.028493,18.560947,-3.439114,-6.117493
1575,-0.033561,18.555429,-3.443769,-6.118225
1576,-0.041845,18.548422,-3.447716,-6.118607
1577,-0.052529,18.540283,-3.44998,-6.117981
1578,-0.063743,18.530689,-3.44656,-6.114662
1579,-0.072949,18.518818,-3.430945,-6.106201
1580,-0.078129,18.503155,-3.396966,-6.090645
1581,-0.077367,18.483904,-3.343749,-6.068794
1582,-0.069405,18.464682,-3.280135,-6.04538
1583,-0.054071,18.451685,-3.221182,-6.026245
1584,-0.033645,18.44832,-3.178055,-6.014374
1585,-0.011108,18.453789,-3.152692,-6.008965
1586,0.01064,18.464375,-3.140952,-6.007538
1587,0.029926,18.476397,-3.137254,-6.007469
1588,0.047035,18.488155,-3.137022,-6.007004
1589,0.063646,18.500286,-3.137338,-6.005081
1590,0.080099,18.513058,-3.136787,-6.001434
1591,0.095224,18.525211,-3.134948,-5.996956
1592,0.107346,18.534708,-3.132394,-5.99337
1593,0.114654,18.539803,-3.130336,-5.991791
1594,0.115443,18.539858,-3.130153,-5.991898
1595,0.109341,18.535555,-3.132766,-5.992714
1596,0.097544,18.527822,-3.13787,-5.993416
1597,0.082503,18.517746,-3.14446,-5.993523
1598,0.066606,18.50629,-3.151738,-5.993156
1599,0.051041,18.494513,-3.160087,-5.993752
1600,0.036126,18.483528,-3.169983,-5.997375
1601,0.021404,18.473577,-3.181116,-6.004974
1602,0.007576,18.465265,-3.192132,-6.014977
1603,-0.004766,18.458324,-3.201162,-6.023979
1604,-0.01393,18.453054,-3.206341,-6.028687
1605,-0.01807,18.449745,-3.206477,-6.028076
1606,-0.016171,18.448847,-3.202519,-6.02449
1607,-0.009298,18.450357,-3.19726,-6.021751
1608,-0.000753,18.45359,-3.194126,-6.02256
1609,0.005852,18.457663,-3.19626,-6.028152
1610,0.007891,18.461706,-3.205874,-6.038628
1611,0.005385,18.466257,-3.223979,-6.053421
1612,-0.000729,18.472107,-3.25007,-6.071617
1613,-0.009263,18.479034,-3.280464,-6.091072
1614,-0.019033,18.484419,-3.306681,-6.107277
1615,-0.029157,18.48469,-3.320564,-6.11647
1616,-0.037969,18.48035,-3.322537,-6.119591
1617,-0.044417,18.474539,-3.319333,-6.12011
1618,-0.048317,18.469149,-3.314368,-6.119034
1619,-0.051014,18.463118,-3.307098,-6.115608
1620,-0.053922,18.456064,-3.298742,-6.110214
1621,-0.058196,18.448673,-3.291813,-6.104195
1622,-0.064742,18.441616,-3.28788,-6.098915
1623,-0.073176,18.436554,-3.288403,-6.095863
1624,-0.082218,18.435762,-3.295707,-6.096893
1625,-0.090968,18.44043,-3.312292,-6.103615
1626,-0.099168,18.449949,-3.339721,-6.11615
1627,-0.106599,18.463264,-3.378705,-6.133484
1628,-0.112727,18.479006,-3.427321,-6.154274
1629,-0.116755,18.494492,-3.478481,-6.176498
1630,-0.118662,18.505198,-3.521424,-6.197014
1631,-0.119298,18.507534,-3.54846,-6.213242
1632,-0.119366,18.501204,-3.559077,-6.224815
1633,-0.118741,18.489119,-3.558067,-6.233017
1634,-0.116288,18.476355,-3.552059,-6.239906
1635,-0.111118,18.467558,-3.546682,-6.24707
1636,-0.103481,18.465128,-3.545812,-6.25547
1637,-0.094443,18.468884,-3.55151,-6.265915
1638,-0.084871,18.477407,-3.564058,-6.278801
1639,-0.075316,18.48867,-3.581271,-6.293037
1640,-0.066783,18.499786,-3.598532,-6.306206
1641,-0.060305,18.508335,-3.611773,-6.316238
1642,-0.056536,18.51358,-3.620802,-6.323143
1643,-0.054768,18.516809,-3.628548,-6.328918
1644,-0.052954,18.520088,-3.637127,-6.335335
1645,-0.049154,18.524347,-3.646064,-6.342667
1646,-0.043074,18.52803,-3.651675,-6.349068
1647,-0.035481,18.527933,-3.648024,-6.351395
1648,-0.027091,18.520849,-3.629,-6.346573
1649,-0.017949,18.505638,-3.591393,-6.333298
1650,-0.007352,18.484461,-3.537437,-6.312874
1651,0.005448,18.462667,-3.476782,-6.289459
1652,0.020403,18.446363,-3.422761,-6.268257
1653,0.036354,18.438608,-3.384065,-6.252632
1654,0.051513,18.438221,-3.36114,-6.243011
1655,0.065124,18.442217,-3.349205,-6.237923
1656,0.078592,18.448839,-3.342901,-6.235802
1657,0.093239,18.456596,-3.338187,-6.235741
1658,0.109568,18.4645,-3.333044,-6.237442
1659,0.125199,18.470118,-3.327341,-6.24073
1660,0.137064,18.47146,-3.322028,-6.24501
1661,0.142886,18.467276,-3.317771,-6.249207
1662,0.142952,18.45808,-3.314356,-6.252838
1663,0.138588,18.444693,-3.311101,-6.256294
1664,0.131433,18.427656,-3.307144,-6.25985
1665,0.124448,18.408604,-3.301792,-6.263313
1666,0.120688,18.389824,-3.295094,-6.266266
1667,0.122132,18.373577,-3.28759,-6.268265
1668,0.128205,18.360216,-3.279488,-6.269432
1669,0.137917,18.349457,-3.270535,-6.270508
1670,0.150436,18.340988,-3.260494,-6.271675
1671,0.16508,18.3354,-3.249947,-6.271927
1672,0.180778,18.333815,-3.240631,-6.270203
1673,0.195586,18.336508,-3.234584,-6.267212
1674,0.208047,18.342815,-3.233208,-6.265533
1675,0.218435,18.351948,-3.236244,-6.267563
1676,0.228685,18.363916,-3.242532,-6.273674
1677,0.240278,18.378418,-3.250447,-6.2817
1678,0.254018,18.394894,-3.25851,-6.288681
1679,0.268953,18.410921,-3.265295,-6.293114
1680,0.282877,18.423063,-3.269886,-6.295593
1681,0.293209,18.428267,-3.271962,-6.29715
1682,0.29823,18.425289,-3.271798,-6.298363
1683,0.298064,18.415138,-3.269741,-6.299324
1684,0.294522,18.400047,-3.265733,-6.300354
1685,0.290161,18.381926,-3.259187,-6.302193
1686,0.286717,18.361626,-3.249688,-6.305687
1687,0.28409,18.339401,-3.237987,-6.310791
1688,0.281358,18.316246,-3.226015,-6.316582
1689,0.278189,18.293995,-3.215698,-6.321564
1690,0.275093,18.274158,-3.208063,-6.325333
1691,0.27409,18.258162,-3.2029,-6.329033
1692,0.277808,18.247604,-3.199643,-6.33374
1693,0.287456,18.243465,-3.197991,-6.338875
1694,0.301988,18.245777,-3.198311,-6.342834
1695,0.318563,18.253199,-3.200678,-6.34449
1696,0.33434,18.263468,-3.204544,-6.344307
1697,0.348361,18.274603,-3.208802,-6.343506
1698,0.360859,18.284494,-3.212225,-6.342216
1699,0.373112,18.29166,-3.213629,-6.339401
1700,0.38706,18.296232,-3.212622,-6.335213
1701,0.404146,18.299767,-3.209881,-6.331192
1702,0.423741,18.303366,-3.206492,-6.328453
1703,0.444017,18.306992,-3.203015,-6.326927
1704,0.464114,18.310352,-3.198996,-6.326027
1705,0.484812,18.313749,-3.194005,-6.325737
1706,0.508712,18.319429,-3.188512,-6.326401
1707,0.537566,18.329605,-3.183183,-6.328522
1708,0.570181,18.343973,-3.178146,-6.333138
1709,0.602753,18.359371,-3.173224,-6.340691
1710,0.630755,18.371202,-3.168072,-6.3498
1711,0.651021,18.375759,-3.161967,-6.358154
1712,0.662382,18.371225,-3.154403,-6.364967
1713,0.667294,18.358999,-3.145194,-6.371155
1714,0.670207,18.342478,-3.134431,-6.377342
1715,0.675495,18.326025,-3.122773,-6.383347
1716,0.684833,18.312313,-3.111081,-6.388191
1717,0.698208,18.302404,-3.099838,-6.390739
1718,0.713777,18.294966,-3.088839,-6.390541
1719,0.728534,18.286804,-3.077477,-6.388191
1720,0.739664,18.274853,-3.065406,-6.385139
1721,0.746764,18.258408,-3.052634,-6.38298
1722,0.751484,18.238455,-3.039212,-6.38266
1723,0.756421,18.216484,-3.024836,-6.383797
1724,0.764429,18.194813,-3.009586,-6.385529
1725,0.777625,18.176807,-2.994666,-6.387276
1726,0.796177,18.165575,-2.982181,-6.388855
1727,0.817414,18.161724,-2.974187,-6.390419
1728,0.838102,18.163803,-2.971691,-6.392021
1729,0.855925,18.16881,-2.973897,-6.393288
1730,0.870467,18.174107,-2.978823,-6.394539
1731,0.881681,18.177265,-2.984158,-6.396568
1732,0.890444,18.177143,-2.987951,-6.399063
1733,0.897673,18.172834,-2.988826,-6.400963
1734,0.90419,18.163748,-2.986048,-6.402008
1735,0.909923,18.148993,-2.979415,-6.403587
1736,0.914585,18.128044,-2.969195,-6.407127
1737,0.91866,18.102169,-2.956436,-6.412697
1738,0.92396,18.075823,-2.943515,-6.41893
1739,0.932468,18.054478,-2.93319,-6.424767
1740,0.944459,18.041393,-2.927461,-6.431206
1741,0.958644,18.036894,-2.927327,-6.440331
1742,0.973202,18.039509,-2.932784,-6.452972
1743,0.986894,18.047127,-2.942928,-6.468414
1744,1.000044,18.057688,-2.955671,-6.485222
1745,1.015061,18.069994,-2.968205,-6.501671
1746,1.034767,18.083338,-2.977594,-6.516083
1747,1.060272,18.096357,-2.981475,-6.527229
1748,1.090353,18.107008,-2.978876,-6.534241
1749,1.122314,18.113262,-2.970525,-6.537041
1750,1.152426,18.113064,-2.95816,-6.536789
1751,1.176832,18.104671,-2.943742,-6.535362
1752,1.194019,18.089359,-2.929521,-6.534081
1753,1.205203,18.071499,-2.918009,-6.53347
1754,1.213041,18.055624,-2.911012,-6.534126
1755,1.219474,18.042734,-2.908044,-6.536568
1756,1.225809,18.031084,-2.906661,-6.54113
1757,1.233095,18.018957,-2.904414,-6.547729
1758,1.241882,18.006166,-2.900384,-6.555923
1759,1.25194,17.993464,-2.894888,-6.56472
1760,1.263245,17.982475,-2.888798,-6.572754
1761,1.275858,17.974655,-2.883145,-6.579346
1762,1.289967,17.970768,-2.878976,-6.584877
1763,1.305266,17.970306,-2.877224,-6.58989
1764,1.321439,17.972193,-2.87824,-6.594032
1765,1.337954,17.975021,-2.881634,-6.596695
1766,1.354305,17.977827,-2.886092,-6.597992
1767,1.369384,17.979696,-2.890094,-6.598709
1768,1.382022,17.979969,-2.893106,-6.600243
1769,1.39244,17.979061,-2.895683,-6.603851
1770,1.401658,17.977646,-2.898582,-6.609581
1771,1.412107,17.977457,-2.902149,-6.616577
1772,1.426041,17.979851,-2.906135,-6.624161
1773,1.444848,17.985134,-2.909754,-6.632103
1774,1.467786,17.991133,-2.911082,-6.639496
1775,1.492255,17.994343,-2.908205,-6.645271
1776,1.515412,17.992752,-2.900993,-6.649597
1777,1.534391,17.986151,-2.891581,-6.653557
1778,1.547329,17.974859,-2.882123,-6.65773
1779,1.553788,17.958872,-2.873389,-6.661934
1780,1.555119,17.938599,-2.864757,-6.665718
1781,1.554466,17.916637,-2.855723,-6.668579
1782,1.554957,17.896414,-2.84632,-6.670082
1783,1.558831,17.880636,-2.83678,-6.669731
1784,1.566651,17.869728,-2.82717,-6.667358
1785,1.578141,17.862823,-2.817892,-6.663925
1786,1.59271,17.858751,-2.809361,-6.661003
1787,1.609069,17.856215,-2.80189,-6.659309
1788,1.625333,17.853922,-2.795584,-6.65863
1789,1.640268,17.851543,-2.790759,-6.658531
1790,1.654461,17.85042,-2.787569,-6.658852
1791,1.669502,17.852259,-2.785772,-6.659889
1792,1.686672,17.857841,-2.784577,-6.661758
1793,1.70489,17.865545,-2.783733,-6.664398
1794,1.721426,17.872427,-2.783252,-6.667282
1795,1.733089,17.875214,-2.783066,-6.670052
1796,1.738234,17.871738,-2.782407,-6.672455
1797,1.737513,17.86216,-2.780775,-6.674583
1798,1.733445,17.849073,-2.778485,-6.676758
1799,1.728574,17.835541,-2.776541,-6.679237
1800,1.724616,17.823166,-2.775566,-6.681473
1801,1.722717,17.812689,-2.775685,-6.68248
1802,1.722781,17.804016,-2.776936,-6.681801
1803,1.724019,17.796312,-2.778789,-6.679756
1804,1.725553,17.788206,-2.780042,-6.677223
1805,1.726888,17.778526,-2.779511,-6.675446
1806,1.728691,17.768028,-2.776937,-6.675308
1807,1.732256,17.759014,-2.773475,-6.677269
1808,1.737979,17.752998,-2.770619,-6.680893
1809,1.744712,17.749399,-2.769029,-6.685074
1810,1.750831,17.746796,-2.7686,-6.688538
1811,1.755726,17.744781,-2.769118,-6.6903
1812,1.760554,17.744156,-2.770216,-6.69001
1813,1.767589,17.746307,-2.771733,-6.688522
1814,1.777529,17.751305,-2.774121,-6.687393
1815,1.788987,17.757174,-2.777886,-6.687889
1816,1.799489,17.760584,-2.782645,-6.690514
1817,1.80803,17.759914,-2.787624,-6.695412
1818,1.815439,17.756033,-2.792095,-6.702209
1819,1.823616,17.751894,-2.795778,-6.709839
1820,1.832863,17.749844,-2.799273,-6.7173
1821,1.842008,17.750944,-2.804313,-6.724709
1822,1.849018,17.753376,-2.81144,-6.732719
1823,1.85283,17.754026,-2.818865,-6.740997
1824,1.85321,17.750114,-2.823691,-6.747803
1825,1.851325,17.741232,-2.824222,-6.751793
1826,1.848902,17.729242,-2.820921,-6.752953
1827,1.846561,17.715801,-2.815309,-6.752365
1828,1.844075,17.701815,-2.808934,-6.751534
1829,1.841176,17.687572,-2.802713,-6.752167
1830,1.838493,17.673965,-2.796975,-6.755066
1831,1.836693,17.661995,-2.791862,-6.75943
1832,1.835947,17.651945,-2.787137,-6.763153
1833,1.835887,17.643566,-2.782673,-6.764946
1834,1.835702,17.636293,-2.778789,-6.765228
1835,1.834669,17.629595,-2.775514,-6.765106
1836,1.83266,17.622993,-2.772253,-6.765228
1837,1.830524,17.616348,-2.768112,-6.765572
1838,1.829332,17.609974,-2.762705,-6.766037
1839,1.829638,17.604153,-2.756038,-6.766861
1840,1.830843,17.598698,-2.74829,-6.768166
1841,1.832919,17.594172,-2.739893,-6.769798
1842,1.835196,17.590069,-2.731298,-6.771072
1843,1.836816,17.585144,-2.722627,-6.770958
1844,1.836789,17.577765,-2.713441,-6.768936
1845,1.835385,17.567816,-2.703388,-6.765968
1846,1.833682,17.556255,-2.692512,-6.763474
1847,1.833275,17.544781,-2.681242,-6.76181
1848,1.835067,17.534914,-2.669901,-6.759872
1849,1.839308,17.528233,-2.659108,-6.756615
1850,1.845675,17.525463,-2.649582,-6.752228
1851,1.853073,17.525379,-2.64142,-6.747726
1852,1.860881,17.526548,-2.634101,-6.744148
1853,1.868119,17.527578,-2.627069,-6.741898
1854,1.874208,17.528128,-2.620412,-6.740829
1855,1.878989,17.528328,-2.614566,-6.740906
1856,1.882598,17.528677,-2.610251,-6.742561
1857,1.885307,17.529486,-2.607349,-6.745705
1858,1.887391,17.530653,-2.604918,-6.749237
1859,1.888834,17.531384,-2.601631,-6.7519
1860,1.889683,17.53076,-2.596324,-6.752937
1861,1.890184,17.528402,-2.588563,-6.752251
1862,1.890967,17.525215,-2.578974,-6.74987
1863,1.891989,17.522039,-2.568907,-6.746056
1864,1.892853,17.519133,-2.55952,-6.741257
1865,1.893028,17.515833,-2.550771,-6.735901
1866,1.892954,17.512066,-2.542061,-6.730309
1867,1.89282,17.507858,-2.53333,-6.725311
1868,1.893264,17.504427,-2.525627,-6.722328
1869,1.894833,17.502913,-2.520109,-6.722366
1870,1.897871,17.503679,-2.516762,-6.72467
1871,1.902462,17.506351,-2.514617,-6.727043
1872,1.908549,17.510794,-2.512905,-6.727715
1873,1.915496,17.516251,-2.510901,-6.726204
1874,1.922221,17.521065,-2.507627,-6.723053
1875,1.92762,17.523542,-2.502457,-6.719055
1876,1.930775,17.522989,-2.495654,-6.7146
1877,1.931616,17.520336,-2.488349,-6.709534
1878,1.930264,17.516672,-2.481907,-6.703972
1879,1.926975,17.512711,-2.477498,-6.69873
1880,1.922247,17.508871,-2.475053,-6.694252
1881,1.91636,17.505123,-2.473699,-6.690674
1882,1.909692,17.50201,-2.473192,-6.688179
1883,1.902539,17.499977,-2.473742,-6.686531
1884,1.895334,17.499432,-2.475474,-6.685051
1885,1.887969,17.499968,-2.478093,-6.683624
1886,1.880863,17.501175,-2.480946,-6.682686
1887,1.87394,17.501713,-2.483016,-6.681953
1888,1.86703,17.500505,-2.483643,-6.680313
1889,1.859607,17.497168,-2.482835,-6.677002
1890,1.851706,17.492727,-2.481321,-6.672691
1891,1.844209,17.489218,-2.479972,-6.668411
1892,1.837519,17.48735,-2.478898,-6.664597
1893,1.831522,17.48612,-2.477093,-6.661018
1894,1.826238,17.484074,-2.473604,-6.657501
1895,1.821909,17.480801,-2.468932,-6.654243
1896,1.818953,17.477032,-2.464218,-6.651527
1897,1.816638,17.472986,-2.459995,-6.6493
1898,1.812662,17.467365,-2.456054,-6.647003
1899,1.804488,17.458225,-2.451736,-6.643723
1900,1.791517,17.445068,-2.446656,-6.639107
1901,1.775806,17.430084,-2.441769,-6.633644
1902,1.759645,17.415751,-2.438625,-6.628311
1903,1.745148,17.404259,-2.438076,-6.624107
1904,1.733431,17.396494,-2.439788,-6.621361
1905,1.724254,17.392057,-2.443257,-6.619598
1906,1.715488,17.389,-2.448572,-6.618195
1907,1.705316,17.385719,-2.456222,-6.617432
1908,1.693373,17.38162,-2.466113,-6.618118
1909,1.680073,17.37635,-2.477057,-6.620636
1910,1.666267,17.369783,-2.48718,-6.624336
1911,1.652887,17.362249,-2.495053,-6.628029
1912,1.640672,17.354441,-2.500298,-6.630806
1913,1.62959,17.346691,-2.503451,-6.632683
1914,1.619985,17.339899,-2.505552,-6.634399
1915,1.611698,17.334381,-2.507679,-6.63681
1916,1.604363,17.329933,-2.510572,-6.640221
1917,1.597275,17.326027,-2.514451,-6.643883
1918,1.590045,17.322487,-2.519129,-6.646591
1919,1.583181,17.319933,-2.524314,-6.647865
1920,1.577107,17.31864,-2.529566,-6.648125
1921,1.57174,17.318226,-2.534654,-6.648003
1922,1.565562,17.317013,-2.539621,-6.647774
1923,1.557678,17.314234,-2.544981,-6.647682
1924,1.548308,17.310291,-2.551137,-6.647942
1925,1.539372,17.307156,-2.558311,-6.648582
1926,1.532647,17.306412,-2.566282,-6.649559
1927,1.528555,17.308207,-2.574681,-6.650986
1928,1.527369,17.312689,-2.583341,-6.653168
1929,1.528701,17.319492,-2.591878,-6.655922
1930,1.53126,17.327566,-2.599542,-6.658409
1931,1.532945,17.335058,-2.605665,-6.659485
1932,1.531757,17.340612,-2.610858,-6.658661
1933,1.526871,17.344381,-2.617221,-6.656761
1934,1.518834,17.347784,-2.626796,-6.655388
1935,1.50839,17.352013,-2.640147,-6.656075
1936,1.496389,17.357328,-2.656022,-6.659248
1937,1.482911,17.36264,-2.67256,-6.663986
1938,1.468008,17.36701,-2.688593,-6.66909
1939,1.452418,17.370564,-2.703582,-6.673813
1940,1.43647,17.373087,-2.717049,-6.678001
1941,1.419559,17.372871,-2.728232,-6.682205
1942,1.401765,17.368858,-2.736842,-6.687057
1943,1.385101,17.362774,-2.743629,-6.692474
1944,1.371876,17.357697,-2.749472,-6.697502
1945,1.362832,17.355471,-2.754362,-6.700874
1946,1.357295,17.356649,-2.758046,-6.701965
1947,1.35449,17.361374,-2.760623,-6.70134
1948,1.353705,17.368841,-2.761968,-6.699928
1949,1.353388,17.376955,-2.761786,-6.698143
1950,1.351754,17.383825,-2.760264,-6.695656
1951,1.347713,17.389124,-2.75846,-6.691742
1952,1.341361,17.393774,-2.757928,-6.686127
1953,1.333512,17.398699,-2.759898,-6.679832
1954,1.325821,17.404116,-2.763767,-6.674683
1955,1.31987,17.409121,-2.767044,-6.671967
1956,1.316036,17.412458,-2.767867,-6.672073
1957,1.313119,17.413414,-2.766926,-6.674805
1958,1.308786,17.411282,-2.765621,-6.679062
1959,1.301694,17.405754,-2.763839,-6.682755
1960,1.291767,17.397024,-2.76036,-6.683456
1961,1.280104,17.386597,-2.754845,-6.679756
1962,1.267566,17.375845,-2.747986,-6.672409
1963,1.25451,17.365269,-2.740596,-6.663979
1964,1.241593,17.355307,-2.732994,-6.656952
1965,1.230034,17.346937,-2.725196,-6.652512
1966,1.22146,17.341686,-2.717145,-6.650261
1967,1.216295,17.33988,-2.709236,-6.649025
1968,1.213499,17.340811,-2.702938,-6.647972
1969,1.211749,17.343489,-2.699607,-6.647125
1970,1.210029,17.347,-2.699542,-6.646881
1971,1.20825,17.350771,-2.701539,-6.646973
1972,1.207238,17.354929,-2.703743,-6.646667
1973,1.206957,17.359001,-2.704629,-6.645088
1974,1.207153,17.36285,-2.703592,-6.641846
1975,1.207917,17.367027,-2.701186,-6.637215
1976,1.208619,17.371174,-2.698323,-6.631424
1977,1.208342,17.374363,-2.695824,-6.624619
1978,1.206578,17.376179,-2.69399,-6.617485
1979,1.203747,17.377228,-2.69265,-6.611229
1980,1.200563,17.377989,-2.691016,-6.606537
1981,1.198259,17.379181,-2.688406,-6.603424
1982,1.197428,17.381187,-2.68476,-6.601257
1983,1.19815,17.384481,-2.680826,-6.599091
1984,1.199702,17.388647,-2.677118,-6.596115
1985,1.199957,17.391399,-2.673471,-6.592247
1986,1.197317,17.39082,-2.669454,-6.587868
1987,1.191633,17.38666,-2.665212,-6.583626
1988,1.184703,17.38092,-2.66123,-6.580109
1989,1.178747,17.376162,-2.657866,-6.57756
1990,1.17528,17.373808,-2.654974,-6.575645
1991,1.1758,17.375376,-2.652585,-6.573814
1992,1.180764,17.382088,-2.651281,-6.57193
1993,1.189438,17.394709,-2.651887,-6.570129
1994,1.199936,17.412121,-2.654806,-6.568634
1995,1.209989,17.431786,-2.660197,-6.5672
1996,1.2178,17.450842,-2.667696,-6.565071
1997,1.223168,17.467562,-2.676065,-6.561668
1998,1.226434,17.48086,-2.683928,-6.557106
1999,1.227431,17.48999,-2.690662,-6.551888
2000,1.225579,17.494883,-2.696496,-6.546303
2001,1.219891,17.495369,-2.701936,-6.540894
2002,1.210074,17.491642,-2.707482,-6.536644
2003,1.197799,17.485226,-2.713173,-6.533485
2004,1.185404,17.477701,-2.718319,-6.530235
2005,1.174599,17.469328,-2.721633,-6.526344
2006,1.166507,17.460205,-2.722416,-6.522644
2007,1.162217,17.451641,-2.720889,-6.519791
2008,1.161804,17.445366,-2.71807,-6.517502
2009,1.163334,17.4412,-2.71506,-6.515587
2010,1.164699,17.438192,-2.71275,-6.513947
2011,1.164854,17.435959,-2.712026,-6.512329
2012,1.164447,17.435381,-2.713531,-6.51049
2013,1.164394,17.436874,-2.716862,-6.508514
2014,1.164863,17.4394,-2.720801,-6.506729
2015,1.165826,17.441786,-2.724299,-6.505188
2016,1.167469,17.443556,-2.727127,-6.503906
2017,1.170241,17.445385,-2.729817,-6.50325
2018,1.174918,17.449183,-2.733545,-6.503891
2019,1.181941,17.456987,-2.739635,-6.506271
2020,1.190712,17.468988,-2.748281,-6.509773
2021,1.200217,17.483444,-2.758058,-6.512451
2022,1.209496,17.498184,-2.767256,-6.51239
2023,1.217454,17.511368,-2.775274,-6.509369
2024,1.223532,17.522259,-2.782712,-6.505424
2025,1.22754,17.530485,-2.790163,-6.502953
2026,1.229935,17.53606,-2.797708,-6.503304
2027,1.231356,17.539148,-2.804893,-6.506332
2028,1.2322,17.540243,-2.811688,-6.511078
2029,1.232381,17.539522,-2.818248,-6.516197
2030,1.231366,17.536499,-2.824259,-6.5205
2031,1.229272,17.531176,-2.829214,-6.523102
2032,1.226904,17.524811,-2.833015,-6.52343
2033,1.225556,17.519777,-2.836348,-6.52182
2034,1.22645,17.518259,-2.840032,-6.519524
2035,1.229497,17.520336,-2.844367,-6.518097
2036,1.233727,17.524221,-2.849067,-6.518303
2037,1.237151,17.526949,-2.853636,-6.519814
2038,1.238138,17.526318,-2.857464,-6.52169
2039,1.236731,17.522076,-2.859574,-6.523071
2040,1.23436,17.515636,-2.859368,-6.523521
2041,1.232424,17.508886,-2.857554,-6.523544
2042,1.231353,17.502665,-2.855266,-6.524422
2043,1.231412,17.497225,-2.853035,-6.527184
2044,1.232796,17.492512,-2.850975,-6.531708
2045,1.235331,17.488344,-2.849105,-6.53614
2046,1.239198,17.485329,-2.847591,-6.538414
2047,1.244438,17.484156,-2.846705,-6.538033
2048,1.251286,17.485758,-2.847015,-6.536324
2049,1.259244,17.490145,-2.848983,-6.535072
2050,1.267204,17.496155,-2.852503,-6.535393
2051,1.274802,17.502594,-2.856724,-6.537537
2052,1.28193,17.508224,-2.860591,-6.54097
2053,1.289188,17.512756,-2.863202,-6.544167
2054,1.296885,17.516058,-2.864131,-6.545273
2055,1.305179,17.518314,-2.863561,-6.543449
2056,1.313501,17.519281,-2.86247,-6.53981
2057,1.321369,17.518288,-2.861501,-6.536575
2058,1.328624,17.514532,-2.860223,-6.535645
2059,1.335014,17.507397,-2.857595,-6.537354
2060,1.341397,17.498404,-2.853362,-6.540627
2061,1.348643,17.489723,-2.848109,-6.543861
2062,1.357375,17.483063,-2.842794,-6.546265
2063,1.368492,17.479784,-2.838126,-6.547943
2064,1.382152,17.479719,-2.83412,-6.54921
2065,1.397282,17.481302,-2.830469,-6.55014
2066,1.411199,17.482174,-2.827274,-6.550819
2067,1.421558,17.4806,-2.824759,-6.551544
2068,1.427746,17.475866,-2.822715,-6.552208
2069,1.430851,17.468687,-2.820922,-6.552521
2070,1.433181,17.461407,-2.81924,-6.552628
2071,1.436905,17.456701,-2.817655,-6.552971
2072,1.442772,17.455753,-2.815971,-6.553627
2073,1.450642,17.458887,-2.814589,-6.554749
2074,1.460054,17.46604,-2.814475,-6.556679
2075,1.469917,17.475946,-2.816234,-6.559753
2076,1.479311,17.486734,-2.81943,-6.563652
2077,1.487344,17.495783,-2.822633,-6.56749
2078,1.493895,17.501337,-2.824415,-6.570587
2079,1.499867,17.503668,-2.824433,-6.573257
2080,1.506471,17.504248,-2.823379,-6.576393
2081,1.514279,17.50423,-2.822238,-6.580505
2082,1.522343,17.503183,-2.821706,-6.585648
2083,1.528913,17.499428,-2.821404,-6.591507
2084,1.532572,17.491161,-2.82012,-6.597786
2085,1.534009,17.478727,-2.81672,-6.604378
2086,1.535814,17.465412,-2.811336,-6.611427
2087,1.540404,17.455212,-2.805088,-6.619476
2088,1.548169,17.44981,-2.799124,-6.629219
2089,1.558307,17.448835,-2.793943,-6.640305
2090,1.57024,17.451038,-2.78919,-6.6511
2091,1.584023,17.455738,-2.784789,-6.660095
2092,1.600134,17.46303,-2.780902,-6.666649
2093,1.617856,17.472191,-2.777241,-6.670296
2094,1.63564,17.482105,-2.773094,-6.670525
2095,1.651853,17.491903,-2.767974,-6.667511
2096,1.665665,17.50165,-2.762246,-6.662941
2097,1.677637,17.511992,-2.756124,-6.659126
2098,1.688924,17.523365,-2.749396,-6.65789
2099,1.700388,17.536055,-2.741888,-6.659737
2100,1.711877,17.549547,-2.733265,-6.663803
2101,1.722643,17.562811,-2.723499,-6.668869
2102,1.731022,17.573765,-2.712628,-6.673065
2103,1.736123,17.58148,-2.701262,-6.674438
2104,1.737908,17.586195,-2.690116,-6.672058
2105,1.737636,17.589718,-2.679949,-6.666855
2106,1.737196,17.594658,-2.671639,-6.66095
2107,1.738531,17.603188,-2.665696,-6.655655
2108,1.742902,17.616005,-2.661869,-6.650826
2109,1.750504,17.632185,-2.659396,-6.646095
2110,1.761033,17.650358,-2.65766,-6.641716
2111,1.773703,17.668982,-2.656345,-6.637993
2112,1.787769,17.686806,-2.654849,-6.634766
2113,1.802806,17.703377,-2.652888,-6.632431
2114,1.819021,17.719166,-2.65073,-6.631989
2115,1.836957,17.734997,-2.648778,-6.633781
2116,1.856297,17.75069,-2.647285,-6.636978
2117,1.87675,17.765865,-2.646507,-6.640465
2118,1.898341,17.780582,-2.647008,-6.643555
2119,1.92109,17.795202,-2.649455,-6.646286
2120,1.945526,17.811028,-2.654019,-6.648804
2121,1.971456,17.828905,-2.660064,-6.650566
2122,1.997793,17.848871,-2.666517,-6.650444
2123,2.022414,17.8696,-2.672339,-6.648369
2124,2.043613,17.889133,-2.676312,-6.646255
2125,2.061612,17.906244,-2.677222,-6.64653
2126,2.078922,17.920813,-2.673978,-6.649719
2127,2.099668,17.933479,-2.665469,-6.653801
2128,2.128186,17.945074,-2.650537,-6.656082
2129,2.166713,17.95595,-2.628519,-6.655418
2130,2.213355,17.965418,-2.600472,-6.652626
2131,2.263337,17.974009,-2.570334,-6.649315
2132,2.31087,17.985018,-2.544774,-6.646492
2133,2.35191,18.004408,-2.531496,-6.644485
2134,2.385786,18.036762,-2.53537,-6.643044
2135,2.415707,18.079865,-2.55361,-6.641693
2136,2.447451,18.125765,-2.576668,-6.640175
2137,2.486093,18.166811,-2.595051,-6.638695
2138,2.533781,18.199474,-2.604562,-6.637741
2139,2.590859,18.224974,-2.606321,-6.63784
2140,2.656623,18.247099,-2.604295,-6.639168
2141,2.728464,18.268209,-2.601934,-6.641411
2142,2.802102,18.288099,-2.601027,-6.643799
2143,2.871632,18.303715,-2.601339,-6.644745
2144,2.93245,18.312178,-2.60186,-6.643196
2145,2.984006,18.313261,-2.602019,-6.640419
2146,3.029876,18.309349,-2.601705,-6.63945
2147,3.075212,18.303661,-2.600739,-6.642632
2148,3.124357,18.298769,-2.598563,-6.650398
2149,3.180149,18.296217,-2.594319,-6.661888
2150,3.243468,18.297758,-2.588326,-6.675957
2151,3.312299,18.306486,-2.583085,-6.691193
2152,3.381891,18.325962,-2.582108,-6.706253
2153,3.447624,18.357384,-2.587641,-6.720779
2154,3.508784,18.39757,-2.598639,-6.735016
2155,3.569267,18.440577,-2.611011,-6.748337
2156,3.633611,18.480871,-2.620819,-6.7593
2157,3.703204,18.514791,-2.626349,-6.766563
2158,3.776118,18.540884,-2.628411,-6.770065
2159,3.849274,18.559416,-2.62904,-6.771072
2160,3.921296,18.572178,-2.630374,-6.771225
2161,3.993396,18.581541,-2.633264,-6.771523
2162,4.06849,18.589306,-2.636627,-6.772049
2163,4.1497,18.596434,-2.638562,-6.772736
2164,4.238951,18.603283,-2.637813,-6.773949
2165,4.336283,18.610451,-2.635212,-6.77655
2166,4.438598,18.617895,-2.633213,-6.781509
2167,4.541946,18.626005,-2.634801,-6.789597
2168,4.643557,18.634722,-2.641173,-6.80072
2169,4.742821,18.643133,-2.650944,-6.814171
2170,4.839669,18.64992,-2.661772,-6.829422
2171,4.934376,18.655281,-2.672521,-6.846382
2172,5.027299,18.659647,-2.682417,-6.864487
2173,5.11924,18.662239,-2.68948,-6.8825
2174,5.212155,18.662663,-2.69166,-6.899635
2175,5.307798,18.662371,-2.68909,-6.915413
2176,5.405306,18.664705,-2.686074,-6.929176
2177,5.501333,18.67382,-2.690002,-6.940735
2178,5.593258,18.692616,-2.707076,-6.9506
2179,5.682988,18.718815,-2.736768,-6.959747
2180,5.778905,18.744055,-2.769431,-6.96907
2181,5.891121,18.758348,-2.791975,-6.979538
2182,6.024216,18.757492,-2.797563,-6.991737
2183,6.175327,18.744726,-2.788362,-7.005951
2184,6.336142,18.725237,-2.771184,-7.022453
2185,6.497345,18.702755,-2.75252,-7.0411
2186,6.651743,18.677927,-2.735798,-7.061089
2187,6.797022,18.64938,-2.721124,-7.081848
2188,6.936849,18.615952,-2.706196,-7.103661
2189,7.077461,18.57826,-2.688197,-7.126816
2190,7.223821,18.540171,-2.666308,-7.150864
2191,7.377096,18.506758,-2.642813,-7.175018
2192,7.53534,18.481081,-2.622059,-7.198944
2193,7.695644,18.462166,-2.60776,-7.222992
2194,7.855942,18.445398,-2.600223,-7.248032
2195,8.014873,18.425144,-2.595983,-7.274757
2196,8.169065,18.396275,-2.59086,-7.302849
2197,8.314298,18.355436,-2.582613,-7.330818
2198,8.450075,18.301033,-2.570071,-7.356499
2199,8.581423,18.233437,-2.552221,-7.378876
2200,8.713264,18.153732,-2.528907,-7.398933
2201,8.847206,18.063702,-2.501794,-7.418152
2202,8.982826,17.966063,-2.473748,-7.436928
2203,9.118999,17.863632,-2.447259,-7.455002
2204,9.252671,17.755753,-2.421792,-7.472351
2205,9.381354,17.639587,-2.394148,-7.489906
2206,9.505375,17.51326,-2.361435,-7.50898
2207,9.627789,17.378595,-2.324336,-7.530586
2208,9.749981,17.238659,-2.286867,-7.555527
2209,9.869444,17.096088,-2.254856,-7.584908
2210,9.980735,16.951515,-2.233605,-7.619637
2211,10.079616,16.803774,-2.225344,-7.659599
2212,10.165374,16.650372,-2.228133,-7.7043
2213,10.242691,16.491051,-2.237527,-7.754082
2214,10.318276,16.32737,-2.249256,-7.810081
2215,10.397406,16.161564,-2.260686,-7.871994
2216,10.4813,15.995275,-2.271628,-7.937187
2217,10.567732,15.829218,-2.284423,-8.003609
2218,10.654213,15.663786,-2.302655,-8.071419
2219,10.740052,15.499899,-2.32927,-8.142014
2220,10.825619,15.337826,-2.364458,-8.21611
2221,10.910656,15.175838,-2.405881,-8.293312
2222,10.993154,15.01011,-2.450729,-8.371964
2223,11.071079,14.838024,-2.497674,-8.450096
2224,11.142844,14.660112,-2.548054,-8.52697
2225,11.209498,14.481391,-2.604586,-8.603294
2226,11.275128,14.306683,-2.666522,-8.680214
2227,11.34706,14.137196,-2.727355,-8.758911
2228,11.431677,13.970333,-2.779453,-8.840576
2229,11.530806,13.801981,-2.818156,-8.925331
2230,11.641479,13.629889,-2.844056,-9.012466
2231,11.756997,13.456295,-2.865142,-9.101883
2232,11.867884,13.284403,-2.892233,-9.193741
2233,11.966807,13.11418,-2.929679,-9.286987
2234,12.053025,12.943891,-2.973102,-9.379395
2235,12.130891,12.773824,-3.016181,-9.469498
2236,12.20527,12.605658,-3.055567,-9.557266
2237,12.279574,12.440454,-3.091398,-9.643585
2238,12.356771,12.278711,-3.124512,-9.728683
2239,12.439955,12.121837,-3.155006,-9.811485
2240,12.529766,11.970683,-3.182808,-9.890526
2241,12.624323,11.824058,-3.207859,-9.965477
2242,12.720162,11.677255,-3.228451,-10.037041
2243,12.814701,11.52608,-3.241611,-10.105621
2244,12.907622,11.370489,-3.245484,-10.171562
2245,13.000485,11.214657,-3.24126,-10.235329
2246,13.092422,11.061519,-3.23273,-10.297813
2247,13.181086,10.910802,-3.223458,-10.361389
2248,13.267274,10.762439,-3.215396,-10.428787
2249,13.35571,10.619158,-3.209043,-10.49984
2250,13.4504,10.482278,-3.201496,-10.570724
2251,13.552349,10.349689,-3.186313,-10.636185
2252,13.659028,10.217812,-3.158606,-10.692146
2253,13.765681,10.083716,-3.118117,-10.736771
2254,13.868131,9.945741,-3.066447,-10.769142
2255,13.966037,9.805674,-3.005345,-10.788635
2256,14.06342,9.668097,-2.936334,-10.796638
2257,14.165156,9.536299,-2.860131,-10.79763
2258,14.272449,9.408775,-2.776323,-10.795914
2259,14.383174,9.281534,-2.684122,-10.791664
2260,14.495181,9.151848,-2.582107,-10.781845
2261,14.607491,9.020443,-2.469021,-10.765289
2262,14.717459,8.890523,-2.345906,-10.744156
2263,14.819815,8.764326,-2.215638,-10.72049
2264,14.909191,8.640249,-2.081036,-10.694221
2265,14.983736,8.514793,-1.944051,-10.664406
2266,15.047503,8.386922,-1.80629,-10.631119
2267,15.109567,8.258819,-1.667457,-10.595062
2268,15.178081,8.131332,-1.52369,-10.556541
2269,15.255678,8.001098,-1.367305,-10.514633
2270,15.339737,7.860402,-1.188396,-10.467583
2271,15.428048,7.701167,-0.977488,-10.413673
2272,15.519533,7.519472,-0.730734,-10.352478
2273,15.612654,7.321312,-0.455175,-10.284935
2274,15.70279,7.119377,-0.166264,-10.212975
2275,15.784452,6.923847,0.122183,-10.138588
2276,15.854652,6.736873,0.405463,-10.062302
2277,15.914158,6.553394,0.689374,-9.981819
2278,15.966259,6.365201,0.985898,-9.893761
2279,16.013725,6.165101,1.30607,-9.796082
2280,16.057644,5.95028,1.653888,-9.688591
2281,16.098976,5.724303,2.024231,-9.571945
2282,16.137945,5.494327,2.406165,-9.447159
2283,16.173052,5.265652,2.790608,-9.315002
2284,16.202929,5.03843,3.176027,-9.175751
2285,16.229149,4.810482,3.567003,-9.029869
2286,16.255018,4.580513,3.968729,-8.880211
2287,16.282953,4.34902,4.382712,-8.733437
2288,16.312782,4.116074,4.807066,-8.596306
2289,16.340452,3.878359,5.239609,-8.469208
2290,16.361269,3.632601,5.678491,-8.344612
2291,16.373734,3.379991,6.12136,-8.212265
2292,16.380703,3.126415,6.5655,-8.06543
2293,16.388256,2.879719,7.009119,-7.902359
2294,16.401262,2.644905,7.451346,-7.723953
2295,16.421516,2.423472,7.891429,-7.532112
2296,16.447746,2.214069,8.328851,-7.330009
2297,16.477646,2.0137,8.763709,-7.123466
2298,16.508528,1.81853,9.19628,-6.920189
2299,16.539076,1.626921,9.625523,-6.727661
2300,16.570173,1.440531,10.049981,-6.549385
2301,16.60301,1.261778,10.46961,-6.382942
2302,16.637596,1.092434,10.884916,-6.222595
2303,16.672716,0.932738,11.29601,-6.064568
2304,16.707815,0.782799,11.702536,-5.909302
2305,16.743402,0.644311,12.102328,-5.758362
2306,16.779913,0.520634,12.490462,-5.610031
2307,16.816225,0.413999,12.861868,-5.458351
2308,16.849684,0.323068,13.215169,-5.29641
2309,16.876408,0.242256,13.553784,-5.119904
2310,16.893703,0.163979,13.883785,-4.929657
2311,16.902048,0.082419,14.210239,-4.730232
2312,16.905739,-0.003097,14.534984,-4.526726
2313,16.90877,-0.088868,14.85549,-4.323746
2314,16.913376,-0.168944,15.165524,-4.126175
2315,16.919298,-0.239614,15.458835,-3.937981
2316,16.923822,-0.301759,15.732622,-3.761047
2317,16.9237,-0.357082,15.986317,-3.595917
2318,16.916695,-0.404352,16.218071,-3.442871
2319,16.900635,-0.441439,16.424559,-3.301033
2320,16.873346,-0.468165,16.603212,-3.167549
2321,16.835064,-0.485452,16.753393,-3.038551
2322,16.790106,-0.49276,16.876204,-2.911278
2323,16.744846,-0.487104,16.973669,-2.785294
2324,16.702816,-0.466438,17.047377,-2.662582
2325,16.663506,-0.431713,17.097635,-2.547661
2326,16.624514,-0.385297,17.124498,-2.446129
2327,16.584982,-0.327278,17.12859,-2.361671
2328,16.546597,-0.25629,17.111315,-2.295128
2329,16.511869,-0.173303,17.07519,-2.246437
2330,16.481007,-0.08253,17.022535,-2.21563
2331,16.451685,0.013161,16.952684,-2.201408
2332,16.420069,0.11469,16.862064,-2.198875
2333,16.383163,0.225022,16.748177,-2.199287
2334,16.340782,0.346658,16.612513,-2.194633
2335,16.295057,0.480492,16.45941,-2.183517
2336,16.246761,0.625139,16.292259,-2.173866
2337,16.194998,0.778037,16.111544,-2.181442
2338,16.138836,0.937058,15.914955,-2.223473
2339,16.079123,1.10255,15.698271,-2.310951
2340,16.01741,1.277319,15.456734,-2.445053
2341,15.954772,1.46484,15.187174,-2.620621
2342,15.891302,1.666717,14.888976,-2.831825
2343,15.827823,1.884012,14.562894,-3.075409
2344,15.76462,2.116414,14.210625,-3.352219
2345,15.700156,2.360488,13.836489,-3.663765
2346,15.632008,2.61151,13.447421,-4.004654
2347,15.557822,2.867025,13.050025,-4.358353
2348,15.476918,3.127419,12.650043,-4.699364
2349,15.391821,3.394281,12.254097,-4.999817
2350,15.306235,3.669755,11.86845,-5.237747
2351,15.222207,3.955924,11.497156,-5.40197
2352,15.139937,4.252504,11.142715,-5.491302
2353,15.058663,4.555374,10.807657,-5.512154
2354,14.977076,4.858635,10.493856,-5.47686
2355,14.895221,5.158156,10.201368,-5.401382
2356,14.815299,5.452843,9.927243,-5.302528
2357,14.738851,5.742268,9.665665,-5.197144
2358,14.665443,6.026022,9.409017,-5.102264
2359,14.592789,6.304566,9.149005,-5.03257
2360,14.519147,6.581084,8.877573,-4.996315
2361,14.44432,6.858278,8.590348,-4.993645
2362,14.370919,7.136524,8.288561,-5.019226
2363,14.300954,7.412675,7.977763,-5.066223
2364,14.233582,7.680788,7.665893,-5.128578
2365,14.1669,7.934962,7.362256,-5.200684
2366,14.100542,8.173058,7.074852,-5.277397
2367,14.035346,8.395338,6.809309,-5.354607
2368,13.970644,8.600892,6.568205,-5.430038
2369,13.904989,8.789248,6.350568,-5.503021
2370,13.838892,8.962347,6.152918,-5.573326
2371,13.774296,9.123568,5.970534,-5.640076
2372,13.711322,9.276786,5.796692,-5.701988
2373,13.648213,9.425644,5.624129,-5.757759
2374,13.585722,9.573655,5.449179,-5.805573
2375,13.527001,9.724316,5.272476,-5.842567
2376,13.473751,9.879788,5.096859,-5.865952
2377,13.423639,10.037807,4.924495,-5.877327
2378,13.372149,10.192216,4.755722,-5.883598
2379,13.316019,10.3369,4.590882,-5.891342
2380,13.255102,10.467763,4.432915,-5.901749
2381,13.193407,10.585811,4.286243,-5.911102
2382,13.136031,10.696088,4.153188,-5.91478
2383,13.085894,10.803943,4.031291,-5.911156
2384,13.044321,10.913651,3.914084,-5.902191
2385,13.011119,11.02893,3.793956,-5.891663
2386,12.983413,11.151463,3.665482,-5.882515
2387,12.956387,11.278028,3.527838,-5.875641
2388,12.926482,11.403256,3.384181,-5.869949
2389,12.893151,11.524058,3.239531,-5.863411
2390,12.859487,11.640808,3.099702,-5.854065
2391,12.829958,11.755557,2.969671,-5.840118
2392,12.806971,11.871438,2.849916,-5.821037
2393,12.788993,11.990672,2.735869,-5.799629
2394,12.774111,12.11417,2.622165,-5.781662
2395,12.762472,12.242234,2.505783,-5.771072
2396,12.755383,12.375483,2.385438,-5.766487
2397,12.754835,12.516072,2.25975,-5.763802
2398,12.763405,12.6672,2.12784,-5.760231
2399,12.783815,12.83248,1.989201,-5.754784
2400,12.814097,13.011407,1.843008,-5.747238
2401,12.84853,13.199111,1.688547,-5.738091
2402,12.88179,13.38945,1.525715,-5.729645
2403,12.912115,13.579237,1.355037,-5.725365
2404,12.940544,13.768565,1.177749,-5.727875
2405,12.970759,13.959638,0.996387,-5.738136
2406,13.00604,14.153074,0.815591,-5.75528
2407,13.045315,14.345217,0.641388,-5.775734
2408,13.08255,14.529591,0.477787,-5.794891
2409,13.111991,14.702214,0.32313,-5.81073
2410,13.132767,14.864235,0.170991,-5.825478
2411,13.146977,15.019174,0.015009,-5.842339
2412,13.156311,15.170149,-0.145937,-5.861168
2413,13.161389,15.317706,-0.305193,-5.878387
2414,13.165675,15.46145,-0.45253,-5.890694
2415,13.17362,15.600997,-0.582876,-5.898315
2416,13.185678,15.736291,-0.700732,-5.905159
2417,13.196854,15.866336,-0.815364,-5.91584
2418,13.200652,15.990644,-0.934904,-5.932449
2419,13.193718,16.110498,-1.063639,-5.954086
2420,13.177106,16.228336,-1.202551,-5.979446
2421,13.154966,16.34679,-1.35026,-6.008728
2422,13.131418,16.468361,-1.504691,-6.043114
2423,13.108719,16.594616,-1.663676,-6.082695
2424,13.089124,16.72584,-1.824727,-6.127007
2425,13.075931,16.861481,-1.985634,-6.176384
2426,13.072039,17.001974,-2.146435,-6.232185
2427,13.077121,17.148306,-2.310337,-6.295471
2428,13.087394,17.299513,-2.48033,-6.365738
2429,13.097019,17.450769,-2.656412,-6.441261
2430,13.102435,17.596603,-2.835891,-6.519928
2431,13.10488,17.736261,-3.016525,-6.600014
2432,13.107641,17.874519,-3.198051,-6.680298
2433,13.111849,18.017151,-3.380285,-6.758751
2434,13.113537,18.164148,-3.560423,-6.832085
2435,13.106209,18.308722,-3.732553,-6.897209
2436,13.085578,18.441353,-3.890037,-6.953209
2437,13.052177,18.555059,-4.028121,-7.001114
2438,13.011489,18.649649,-4.146094,-7.042709
2439,12.970676,18.730324,-4.246719,-7.079163
2440,12.93474,18.802078,-4.332731,-7.110596
2441,12.905718,18.867147,-4.404711,-7.136414
2442,12.883265,18.925474,-4.461917,-7.155922
2443,12.8657,18.976694,-4.504121,-7.169113
2444,12.848317,19.019712,-4.533187,-7.176979
2445,12.822601,19.052383,-4.553125,-7.180817
2446,12.778003,19.071367,-4.568835,-7.181145
2447,12.708278,19.074503,-4.583566,-7.177483
2448,12.617291,19.063026,-4.596989,-7.169144
2449,12.521546,19.042482,-4.604461,-7.155777
2450,12.443726,19.021172,-4.59932,-7.137459
2451,12.397994,19.005106,-4.576897,-7.114487
2452,12.385208,18.997463,-4.537507,-7.087708
2453,12.397702,18.998756,-4.484952,-7.057808
2454,12.425592,19.006893,-4.423298,-7.024635
2455,12.458004,19.016533,-4.355462,-6.987778
2456,12.486169,19.023046,-4.283838,-6.947784
2457,12.506721,19.026161,-4.210582,-6.90612
2458,12.521465,19.028637,-4.137512,-6.864876
2459,12.533072,19.03233,-4.066305,-6.825981
2460,12.542527,19.037388,-3.999133,-6.790779
2461,12.550562,19.044497,-3.937703,-6.759651
2462,12.557448,19.053619,-3.8816,-6.731247
2463,12.562278,19.063179,-3.829052,-6.703072
2464,12.562064,19.07036,-3.779037,-6.673294
2465,12.553083,19.072647,-3.732166,-6.641678
2466,12.534543,19.06996,-3.689155,-6.60891
2467,12.511175,19.065983,-3.649019,-6.575676
2468,12.49077,19.066385,-3.609588,-6.542107
2469,12.478963,19.075809,-3.569737,-6.507507
2470,12.475687,19.094711,-3.530147,-6.470955
2471,12.4771,19.118479,-3.491349,-6.43277
2472,12.480096,19.140905,-3.453203,-6.395302
2473,12.48396,19.158859,-3.417016,-6.361565
2474,12.488605,19.173,-3.385553,-6.332932
2475,12.493226,19.185349,-3.360204,-6.308052
2476,12.496687,19.19763,-3.339848,-6.284294
2477,12.497066,19.209881,-3.322713,-6.260315
2478,12.492611,19.221134,-3.308455,-6.237122
2479,12.483034,19.230543,-3.298378,-6.216698
2480,12.469503,19.237352,-3.293291,-6.199814
2481,12.452794,19.240242,-3.292843,-6.186066
2482,12.433026,19.237843,-3.295509,-6.175011
2483,12.409753,19.229542,-3.299308,-6.166267
2484,12.383363,19.217213,-3.30345,-6.15966
2485,12.35509,19.204432,-3.308802,-6.154907
2486,12.324944,19.1931,-3.316598,-6.151199
2487,12.291645,19.183182,-3.327678,-6.147079
2488,12.254941,19.175165,-3.342512,-6.141594
2489,12.218516,19.171295,-3.360559,-6.134842
2490,12.18895,19.174795,-3.380641,-6.127037
2491,12.173224,19.189137,-3.402321,-6.117882
2492,12.177525,19.217665,-3.425907,-6.107353
2493,12.206551,19.261768,-3.450834,-6.096603
2494,12.25878,19.317471,-3.475259,-6.08757
2495,12.322396,19.375847,-3.498403,-6.081612
2496,12.378471,19.426363,-3.521732,-6.078598
2497,12.413856,19.463642,-3.547371,-6.07737
2498,12.426543,19.48888,-3.576171,-6.0765
2499,12.423231,19.507933,-3.607589,-6.0755
2500,12.411788,19.526104,-3.641041,-6.075249
2501,12.397621,19.545803,-3.676278,-6.076736
2502,12.384301,19.565928,-3.711417,-6.08004
2503,12.375167,19.581079,-3.740562,-6.084412
2504,12.373319,19.581652,-3.754186,-6.088989
2505,12.380238,19.555769,-3.742475,-6.092972
2506,12.395595,19.493593,-3.699048,-6.095535
2507,12.418068,19.396271,-3.626681,-6.096634
2508,12.44667,19.283691,-3.54103,-6.097466
2509,12.479635,19.185888,-3.464381,-6.099686
2510,12.512638,19.121832,-3.411442,-6.104073
2511,12.539639,19.090714,-3.38323,-6.110054
2512,12.556424,19.081219,-3.372264,-6.115501
2513,12.559989,19.079828,-3.369381,-6.117661
2514,12.549796,19.076565,-3.366819,-6.114151
2515,12.529418,19.068405,-3.359729,-6.103706
2516,12.504953,19.057814,-3.346475,-6.086792
2517,12.481667,19.04858,-3.327777,-6.065437
2518,12.461776,19.042458,-3.305176,-6.042
2519,12.444536,19.039125,-3.280253,-6.017723
2520,12.428267,19.038631,-3.255341,-5.993149
2521,12.412058,19.04225,-3.233745,-5.969185
2522,12.395319,19.051304,-3.219687,-5.947418
2523,12.378748,19.066898,-3.216521,-5.929932
2524,12.363832,19.088661,-3.224226,-5.918205
2525,12.351541,19.113516,-3.238422,-5.911972
2526,12.341017,19.135994,-3.25242,-5.909607
2527,12.329924,19.150574,-3.259786,-5.909187
2528,12.316026,19.153799,-3.254537,-5.908073
2529,12.298857,19.145052,-3.231202,-5.902786
2530,12.279579,19.125343,-3.187124,-5.891136
2531,12.260587,19.098593,-3.127374,-5.874954
2532,12.245083,19.071413,-3.06356,-5.858932
2533,12.234608,19.046989,-3.003687,-5.845924
2534,12.229124,19.023577,-2.946839,-5.834816
2535,12.22769,18.996838,-2.887248,-5.82251
2536,12.2298,18.963367,-2.819301,-5.805695
2537,12.233523,18.91997,-2.739357,-5.781662
2538,12.235552,18.864424,-2.646367,-5.749062
2539,12.233976,18.79936,-2.543952,-5.709412
2540,12.229843,18.732332,-2.43959,-5.666573
2541,12.226568,18.671291,-2.339842,-5.624344
2542,12.227109,18.619589,-2.247096,-5.584602
2543,12.233485,18.576939,-2.160833,-5.54821
2544,12.245012,18.540146,-2.079302,-5.515205
2545,12.25777,18.503565,-2.000185,-5.484451
2546,12.268437,18.463919,-1.922913,-5.45443
2547,12.27714,18.423834,-1.85052,-5.425247
2548,12.285589,18.388655,-1.787183,-5.398193
2549,12.295441,18.360708,-1.732827,-5.373474
2550,12.307998,18.336891,-1.680746,-5.349388
2551,12.324471,18.31246,-1.621761,-5.32402
2552,12.344652,18.28441,-1.550176,-5.296692
2553,12.367037,18.252718,-1.466122,-5.267998
2554,12.391557,18.219933,-1.372874,-5.238388
2555,12.419605,18.189198,-1.274634,-5.20768
2556,12.45048,18.161245,-1.176341,-5.175995
2557,12.480376,18.134773,-1.083542,-5.14502
2558,12.50326,18.107046,-0.999962,-5.116852
2559,12.515164,18.076416,-0.925908,-5.092293
2560,12.518832,18.045374,-0.858914,-5.070282
2561,12.52234,18.019697,-0.795593,-5.048187
2562,12.532725,18.00354,-0.733338,-5.023911
2563,12.550871,17.994411,-0.669791,-4.997108
2564,12.571901,17.98317,-0.602094,-4.969147
2565,12.589663,17.96036,-0.527807,-4.941338
2566,12.601222,17.923508,-0.447791,-4.9151
2567,12.60849,17.880054,-0.36795,-4.892227
2568,12.614022,17.841333,-0.297693,-4.87442
2569,12.617812,17.815029,-0.245622,-4.862228
2570,12.617936,17.801908,-0.214976,-4.855087
2571,12.614018,17.797832,-0.200597,-4.85096
2572,12.607829,17.79759,-0.191966,-4.846642
2573,12.60141,17.796755,-0.17948,-4.839523
2574,12.596605,17.792847,-0.158914,-4.829178
2575,12.593973,17.785782,-0.131977,-4.817146
2576,12.591485,17.779037,-0.105971,-4.805771
2577,12.586226,17.781176,-0.091595,-4.796829
2578,12.576437,17.803619,-0.098105,-4.790192
2579,12.562989,17.85652,-0.12961,-4.783966
2580,12.547754,17.939087,-0.182198,-4.776932
2581,12.532965,18.032511,-0.240625,-4.769318
2582,12.520698,18.107229,-0.282127,-4.761353
2583,12.512803,18.142221,-0.289225,-4.751968
2584,12.510436,18.134228,-0.258047,-4.739685
2585,12.514227,18.093288,-0.1957,-4.723167
2586,12.522635,18.033918,-0.113344,-4.70018
2587,12.531516,17.968403,-0.021218,-4.667793
2588,12.536222,17.90209,0.075451,-4.624084
2589,12.533874,17.832098,0.177675,-4.569809
2590,12.524846,17.75235,0.290336,-4.507645
2591,12.513232,17.661537,0.417215,-4.440895
2592,12.50408,17.563877,0.558103,-4.372803
2593,12.499994,17.46402,0.709566,-4.305908
2594,12.499846,17.362488,0.867958,-4.241508
2595,12.502352,17.257317,1.03182,-4.179398
2596,12.507573,17.146713,1.202404,-4.11821
2597,12.514615,17.028948,1.383159,-4.055481
2598,12.521614,16.902674,1.578168,-3.988007
2599,12.528354,16.768307,1.789846,-3.91317
2600,12.536256,16.627033,2.017655,-3.830109
2601,12.545558,16.478474,2.258872,-3.739883
2602,12.55536,16.321602,2.509611,-3.644958
2603,12.565098,16.156183,2.765964,-3.548645
2604,12.577582,15.98389,3.026497,-3.453636
2605,12.59722,15.806167,3.293846,-3.360611
2606,12.626245,15.622621,3.572905,-3.268593
2607,12.660803,15.43179,3.865244,-3.177193
2608,12.691471,15.234587,4.165875,-3.087135
2609,12.709636,15.035317,4.468013,-2.998055
2610,12.714352,14.837406,4.771691,-2.907265
2611,12.711397,14.637562,5.08647,-2.810486
2612,12.709081,14.427501,5.426432,-2.702904
2613,12.713544,14.199582,5.802297,-2.580093
2614,12.726293,13.951598,6.214092,-2.440956
2615,12.746635,13.688454,6.650685,-2.290199
2616,12.774327,13.420844,7.094346,-2.137054
2617,12.808589,13.161874,7.525194,-1.991882
2618,12.846387,12.920676,7.928597,-1.861908
2619,12.884757,12.695827,8.304577,-1.748543
2620,12.921688,12.474082,8.667463,-1.648804
2621,12.955665,12.235662,9.036916,-1.558517
2622,12.987979,11.962961,9.430694,-1.4739
2623,13.024386,11.647929,9.860597,-1.391579
2624,13.072741,11.300209,10.325778,-1.309135
2625,13.1356,10.947477,10.808051,-1.226433
2626,13.206882,10.621078,11.280187,-1.145393
2627,13.276067,10.336457,11.722219,-1.067924
2628,13.332916,10.086647,12.130002,-0.993813
2629,13.372293,9.855014,12.510075,-0.921532
2630,13.394331,9.626641,12.871848,-0.850258
2631,13.403468,9.393176,13.223643,-0.779961
2632,13.406863,9.152707,13.572767,-0.709831
2633,13.413262,8.908634,13.92513,-0.637146
2634,13.430328,8.667033,14.283871,-0.557442
2635,13.461629,8.432713,14.649079,-0.465958
2636,13.504649,8.206114,15.018961,-0.358856
2637,13.551857,7.984164,15.390594,-0.23246
2638,13.596272,7.765144,15.759549,-0.083336
2639,13.635864,7.55157,16.120186,0.090302
2640,13.672558,7.349187,16.4666,0.286224
2641,13.707809,7.163449,16.793663,0.496117
2642,13.741187,6.997241,17.097921,0.705971
2643,13.771643,6.851645,17.376827,0.901497
2644,13.798917,6.727276,17.62793,1.076149
2645,13.825629,6.627179,17.849291,1.234047
2646,13.856215,6.555605,18.041668,1.385063
2647,13.894718,6.515233,18.208921,1.537827
2648,13.942183,6.504391,18.355818,1.695824
2649,13.994143,6.515911,18.485006,1.855431
2650,14.043686,6.541297,18.596163,2.00666
2651,14.08496,6.574475,18.686749,2.136917
2652,14.116877,6.615302,18.752674,2.234856
2653,14.142302,6.668634,18.78974,2.292381
2654,14.164825,6.739596,18.795811,2.306145
2655,14.185996,6.829063,18.771772,2.278961
2656,14.206447,6.93483,18.719915,2.219513
2657,14.226952,7.053943,18.642155,2.139694
2658,14.249649,7.185077,18.539404,2.051445
2659,14.27545,7.328238,18.411016,1.964066
2660,14.299952,7.483675,18.253565,1.881256
2661,14.314724,7.653532,18.060879,1.799614
2662,14.312068,7.843859,17.825811,1.712631
2663,14.288762,8.064807,17.543652,1.619041
2664,14.246539,8.325803,17.216326,1.526329
2665,14.191154,8.624082,16.85791,1.445488
2666,14.130358,8.93503,16.497253,1.382881
2667,14.070195,9.223327,16.165808,1.336449
2668,14.014094,9.469068,15.878186,1.298706
2669,13.964813,9.676362,15.628771,1.262039
2670,13.923648,9.860269,15.402806,1.220787
2671,13.887578,10.033974,15.185809,1.170372
2672,13.848803,10.20412,14.966615,1.107368
2673,13.799455,10.372344,14.738592,1.031601
2674,13.737475,10.538496,14.501028,0.947182
2675,13.668126,10.702391,14.25879,0.860664
2676,13.598755,10.863469,14.018703,0.777573
2677,13.534283,11.021628,13.785023,0.699936
2678,13.476567,11.177974,13.558124,0.626884
2679,13.425261,11.334002,13.336227,0.557053
2680,13.375937,11.487759,13.117184,0.489861
2681,13.321107,11.634624,12.897963,0.425224
2682,13.254952,11.772401,12.674325,0.362419
2683,13.176529,11.903436,12.442468,0.299515
2684,13.090138,12.031774,12.202538,0.234108
2685,13.001975,12.158569,11.959454,0.164627
2686,12.917819,12.283107,11.719728,0.091614
2687,12.841991,12.40698,11.485754,0.016838
2688,12.776678,12.535966,11.253461,-0.058655
2689,12.720935,12.675843,11.015602,-0.135094
2690,12.670526,12.826639,10.76825,-0.212273
2691,12.620101,12.982203,10.514047,-0.288704
2692,12.566195,13.133946,10.261711,-0.361717
2693,12.509114,13.27531,10.021745,-0.4282
2694,12.451882,13.404582,9.800149,-0.486221
2695,12.396837,13.525378,9.593722,-0.537102
2696,12.344028,13.645897,9.390013,-0.586502
2697,12.293025,13.777076,9.17188,-0.642456
2698,12.244014,13.928789,8.923484,-0.712387
2699,12.198233,14.105174,8.638262,-0.799835
2700,12.159188,14.302184,8.327019,-0.900925
2701,12.132859,14.5117,8.01233,-1.006081
2702,12.124277,14.729083,7.710581,-1.107552
2703,12.13318,14.953501,7.424812,-1.20327
2704,12.153104,15.182061,7.152776,-1.293777
2705,12.174656,15.408004,6.892564,-1.379448
2706,12.190699,15.624492,6.642635,-1.460213
2707,12.199157,15.82752,6.402876,-1.535065
2708,12.203267,16.015913,6.177123,-1.600922
2709,12.207345,16.190636,5.969697,-1.655045
2710,12.212147,16.35475,5.779664,-1.698135
2711,12.214329,16.511839,5.600085,-1.734489
2712,12.210028,16.663019,5.423428,-1.768845
2713,12.198647,16.805603,5.247558,-1.803612
2714,12.183502,16.931616,5.079212,-1.838638
2715,12.170033,17.026873,4.933491,-1.872681
2716,12.162827,17.07548,4.827106,-1.904678
2717,12.163645,17.074512,4.765024,-1.934082
2718,12.171266,17.046192,4.730405,-1.961517
2719,12.183811,17.027557,4.693335,-1.988647
2720,12.200138,17.043634,4.632926,-2.016586
2721,12.219204,17.096277,4.547668,-2.044365
2722,12.238159,17.173298,4.446956,-2.070366
2723,12.253544,17.261667,4.339308,-2.094673
2724,12.262739,17.352745,4.227906,-2.119713
2725,12.265609,17.443033,4.112401,-2.148529
2726,12.264872,17.532501,3.992758,-2.182465
2727,12.266243,17.623356,3.871582,-2.220428
2728,12.274825,17.716988,3.753711,-2.260185
2729,12.291492,17.811411,3.644857,-2.299202
2730,12.312562,17.900991,3.550027,-2.335251
2731,12.334743,17.980679,3.472317,-2.366875
2732,12.35742,18.048586,3.412034,-2.393867
2733,12.380597,18.104418,3.367687,-2.416878
2734,12.402761,18.147617,3.336551,-2.437523
2735,12.421295,18.177399,3.315396,-2.457672
2736,12.43431,18.193989,3.301526,-2.477951
2737,12.440146,18.198032,3.292846,-2.498093
2738,12.436829,18.190313,3.287323,-2.51767
2739,12.421385,18.170874,3.282849,-2.536789
2740,12.391933,18.139786,3.278127,-2.555794
2741,12.352253,18.100931,3.272818,-2.574501
2742,12.311666,18.062044,3.267152,-2.591942
2743,12.279685,18.030266,3.261986,-2.606949
2744,12.262351,18.009457,3.258469,-2.619537
2745,12.261364,18.000288,3.256848,-2.631462
2746,12.274469,18.001007,3.256159,-2.645302
2747,12.296259,18.008017,3.254539,-2.663132
2748,12.320733,18.017366,3.249873,-2.685326
2749,12.344003,18.026724,3.240596,-2.710129
2750,12.365162,18.036222,3.225786,-2.734909
2751,12.383996,18.04635,3.205107,-2.757439
2752,12.398252,18.055704,3.178299,-2.776779
2753,12.404232,18.06164,3.145241,-2.793015
2754,12.400187,18.063301,3.106107,-2.806648
2755,12.387647,18.062222,3.06153,-2.818436
2756,12.370124,18.060122,3.013577,-2.829277
2757,12.350844,18.057125,2.965571,-2.840065
2758,12.331097,18.052734,2.918911,-2.852585
2759,12.311492,18.04796,2.871863,-2.869156
2760,12.292849,18.044678,2.821853,-2.891083
2761,12.27605,18.044245,2.76793,-2.917572
2762,12.261352,18.047493,2.710438,-2.946228
2763,12.248765,18.055187,2.650664,-2.973953
2764,12.237593,18.066992,2.590482,-2.997688
2765,12.226653,18.081869,2.531191,-3.015503
2766,12.214653,18.09823,2.47319,-3.027657
2767,12.201368,18.115208,2.41577,-3.036804
2768,12.187469,18.132854,2.357104,-3.046036
2769,12.172442,18.150139,2.295384,-3.057014
2770,12.155268,18.165726,2.229441,-3.069954
2771,12.135829,18.179178,2.159023,-3.084999
2772,12.115632,18.191645,2.085289,-3.102814
2773,12.095529,18.20417,2.009806,-3.124245
2774,12.075386,18.217054,1.933433,-3.149574
2775,12.05478,18.229328,1.856525,-3.178078
2776,12.032732,18.23847,1.779772,-3.207344
2777,12.006922,18.240559,1.704667,-3.234169
2778,11.973694,18.231091,1.633275,-3.256165
2779,11.930252,18.207392,1.56753,-3.272987
2780,11.876234,18.170834,1.507512,-3.286606
2781,11.814891,18.12714,1.451711,-3.299835
2782,11.750393,18.082022,1.398284,-3.315086
2783,11.686939,18.039295,1.346261,-3.333946
2784,11.626469,17.999094,1.295709,-3.357712
2785,11.569092,17.959736,1.247341,-3.386917
2786,11.513617,17.919558,1.20125,-3.421356
2787,11.457401,17.877403,1.155445,-3.460594
2788,11.396683,17.832293,1.106192,-3.504379
2789,11.328438,17.783371,1.05106,-3.551903
2790,11.251352,17.729088,0.991386,-3.601334
2791,11.166472,17.668924,0.929949,-3.650749
2792,11.077029,17.604765,0.868643,-3.699303
2793,10.987662,17.539787,0.809821,-3.746956
2794,10.902867,17.47657,0.756775,-3.7938
2795,10.824098,17.414787,0.711539,-3.839706
2796,10.749652,17.352221,0.673029,-3.884071
2797,10.676209,17.287815,0.635666,-3.927032
2798,10.600729,17.223289,0.59109,-3.970352
2799,10.521962,17.161592,0.532657,-4.016708
2800,10.439867,17.103771,0.45933,-4.067085
2801,10.355281,17.049232,0.373821,-4.120377
2802,10.270437,16.999323,0.277018,-4.175713
2803,10.187488,16.956543,0.166932,-4.233574
2804,10.107471,16.921623,0.043434,-4.293793
2805,10.030293,16.892054,-0.087771,-4.353813
2806,9.954073,16.861206,-0.214599,-4.408653
2807,9.876868,16.821831,-0.323314,-4.452881
2808,9.798086,16.771635,-0.408015,-4.485077
2809,9.718832,16.717579,-0.478171,-4.510841
2810,9.64147,16.674892,-0.554696,-4.539391
2811,9.569681,16.66279,-0.658777,-4.57708
2812,9.505476,16.697205,-0.804942,-4.625618
2813,9.447985,16.785263,-0.999108,-4.683891
2814,9.395154,16.917288,-1.233152,-4.749443
2815,9.347159,17.061533,-1.478736,-4.817284
2816,9.303838,17.174726,-1.697867,-4.880104
2817,9.263115,17.229094,-1.867028,-4.93145
2818,9.22209,17.224644,-1.989204,-4.970161
2819,9.180785,17.18014,-2.083978,-5.000221
2820,9.141386,17.11768,-2.171681,-5.02626
2821,9.106455,17.054434,-2.263911,-5.05027
2822,9.076625,16.99968,-2.362827,-5.072449
2823,9.050381,16.955761,-2.465199,-5.092972
2824,9.025767,16.922029,-2.568406,-5.11277
2825,9.001597,16.89786,-2.672943,-5.132881
2826,8.976931,16.882338,-2.779906,-5.152832
2827,8.95118,16.872997,-2.887402,-5.169792
2828,8.925527,16.866608,-2.990893,-5.180916
2829,8.90278,16.860752,-3.087042,-5.186401
2830,8.88594,16.85594,-3.178105,-5.190353
2831,8.877048,16.855822,-3.271721,-5.198997
2832,8.877068,16.865137,-3.375671,-5.217949
2833,8.885945,16.885618,-3.489818,-5.249062
2834,8.90145,16.911736,-3.601537,-5.288254
2835,8.920701,16.934643,-3.693237,-5.328316
2836,8.942984,16.949806,-3.755129,-5.364212
2837,8.970864,16.959761,-3.788854,-5.394814
2838,9.008195,16.969946,-3.801441,-5.420815
2839,9.056956,16.983614,-3.798779,-5.442268
2840,9.116186,17.000582,-3.783151,-5.457794
2841,9.182424,17.018921,-3.7555,-5.466499
2842,9.250557,17.035919,-3.717902,-5.469521
2843,9.316013,17.049513,-3.674832,-5.470032
2844,9.376099,17.058867,-3.631685,-5.471779
2845,9.42955,17.064363,-3.593316,-5.477631
2846,9.476747,17.067055,-3.562018,-5.488213
2847,9.519688,17.067709,-3.536136,-5.501434
2848,9.560409,17.066833,-3.51171,-5.514488
2849,9.599167,17.064665,-3.4847,-5.525764
2850,9.634273,17.060736,-3.452403,-5.53492
2851,9.665925,17.05633,-3.414037,-5.541946
2852,9.69666,17.054375,-3.37069,-5.547028
2853,9.728769,17.057512,-3.325558,-5.551117
2854,9.762377,17.06624,-3.282243,-5.55529
2855,9.795637,17.078745,-3.243259,-5.560699
2856,9.826113,17.091724,-3.209351,-5.569008
2857,9.851727,17.100916,-3.179033,-5.581993
2858,9.871132,17.102489,-3.148685,-5.599716
2859,9.883513,17.09573,-3.114946,-5.620102
2860,9.888099,17.082834,-3.076085,-5.639931
2861,9.884684,17.066465,-3.031314,-5.656593
2862,9.873971,17.047169,-2.979733,-5.668137
2863,9.858754,17.025383,-2.921078,-5.673126
2864,9.842903,17.003292,-2.856686,-5.671196
2865,9.829602,16.984413,-2.789427,-5.664162
2866,9.819849,16.971798,-2.723363,-5.655518
2867,9.811768,16.966242,-2.662439,-5.648079
2868,9.801814,16.96653,-2.608968,-5.642052
2869,9.786619,16.971535,-2.565359,-5.636345
2870,9.764493,16.982235,-2.537477,-5.631966
2871,9.736099,17.00115,-2.532795,-5.632607
2872,9.704596,17.031181,-2.555205,-5.641251
2873,9.673914,17.073483,-2.601676,-5.657097
2874,9.646475,17.125694,-2.663691,-5.676338
2875,9.621887,17.181055,-2.729592,-5.694336
2876,9.598665,17.231535,-2.78856,-5.707985
2877,9.575766,17.271725,-2.834276,-5.716812
2878,9.552629,17.300156,-2.865321,-5.722145
2879,9.529432,17.31938,-2.88406,-5.725777
2880,9.5068,17.334433,-2.895794,-5.729836
2881,9.485769,17.351353,-2.907316,-5.73629
2882,9.46717,17.37525,-2.92458,-5.746658
2883,9.451454,17.409321,-2.950719,-5.761078
2884,9.437753,17.454075,-2.986179,-5.77803
2885,9.423848,17.507044,-3.02924,-5.795326
2886,9.407976,17.563538,-3.07633,-5.811668
2887,9.389733,17.61829,-3.122831,-5.827011
2888,9.368683,17.667406,-3.165423,-5.841797
2889,9.343646,17.709244,-3.203613,-5.856346
2890,9.314042,17.743961,-3.238684,-5.870491
2891,9.281147,17.772652,-3.271386,-5.883621
2892,9.248126,17.797472,-3.300798,-5.894363
2893,9.217234,17.820335,-3.325748,-5.901443
2894,9.189878,17.842703,-3.345859,-5.904785
2895,9.165873,17.864071,-3.36132,-5.905579
2896,9.143879,17.882429,-3.371844,-5.904991
2897,9.121192,17.894766,-3.376124,-5.903214
2898,9.095646,17.898546,-3.372459,-5.899445
2899,9.066537,17.892321,-3.359586,-5.892647
2900,9.034854,17.877151,-3.338035,-5.882576
2901,9.002412,17.85677,-3.311197,-5.870499
2902,8.971685,17.836111,-3.283659,-5.858536
2903,8.944961,17.819704,-3.258949,-5.848145
2904,8.923218,17.810621,-3.238696,-5.839531
2905,8.905189,17.808834,-3.222581,-5.832359
2906,8.889431,17.81217,-3.208416,-5.826263
2907,8.875498,17.817772,-3.193755,-5.821365
2908,8.864301,17.823887,-3.177743,-5.818108
2909,8.857361,17.830328,-3.161311,-5.81662
2910,8.854976,17.83643,-3.14486,-5.816032
2911,8.855484,17.840431,-3.12797,-5.814819
2912,8.856951,17.841782,-3.110618,-5.811462
2913,8.857956,17.841608,-3.09359,-5.805481
2914,8.857531,17.841309,-3.077561,-5.797791
2915,8.855725,17.842623,-3.063084,-5.790161
2916,8.853622,17.847223,-3.050686,-5.784348
2917,8.853017,17.855829,-3.04033,-5.781143
2918,8.855651,17.868412,-3.03164,-5.780022
2919,8.861914,17.884172,-3.023925,-5.779312
2920,8.870177,17.901127,-3.016124,-5.777542
2921,8.878062,17.91674,-3.007015,-5.774277
2922,8.882259,17.927441,-2.996072,-5.769531
2923,8.881027,17.931049,-2.983468,-5.763504
2924,8.874323,17.927456,-2.96956,-5.756981
2925,8.86449,17.919405,-2.954785,-5.751747
2926,8.853939,17.910515,-2.940075,-5.749687
2927,8.844051,17.903727,-2.926507,-5.751205
2928,8.835048,17.900476,-2.915156,-5.755547
2929,8.826384,17.900335,-2.906549,-5.761658
2930,8.817235,17.901339,-2.900788,-5.769066
2931,8.807754,17.902393,-2.897944,-5.777664
2932,8.797979,17.903162,-2.897686,-5.78672
2933,8.78793,17.904392,-2.899637,-5.794708
2934,8.777298,17.906359,-2.903075,-5.800194
2935,8.765779,17.908419,-2.906859,-5.802437
2936,8.753769,17.910276,-2.910286,-5.801796
2937,8.741816,17.911926,-2.913831,-5.799477
2938,8.730392,17.913,-2.917876,-5.796432
2939,8.719901,17.912722,-2.921656,-5.792641
2940,8.710644,17.910427,-2.923531,-5.78756
2941,8.703034,17.906624,-2.922561,-5.781044
2942,8.697063,17.902617,-2.919591,-5.773994
2943,8.692262,17.899446,-2.916437,-5.768074
2944,8.687787,17.896957,-2.914179,-5.764359
2945,8.682929,17.894272,-2.912609,-5.762642
2946,8.676992,17.890905,-2.911641,-5.762016
2947,8.669376,17.887295,-2.912515,-5.762192
2948,8.660323,17.884783,-2.916905,-5.764481
2949,8.650466,17.884338,-2.925309,-5.77079
2950,8.6406,17.886202,-2.936674,-5.781807
2951,8.630935,17.889385,-2.948731,-5.795792
2952,8.621351,17.892649,-2.959507,-5.809624
2953,8.612285,17.895796,-2.968231,-5.820885
2954,8.60433,17.899727,-2.975723,-5.829391
2955,8.598522,17.905918,-2.983164,-5.836357
2956,8.594451,17.913664,-2.9912,-5.843002
2957,8.590966,17.921009,-2.999468,-5.849663
2958,8.586207,17.925444,-3.007237,-5.856262
2959,8.579614,17.925701,-3.01349,-5.862267
2960,8.570975,17.92079,-3.017027,-5.866783
2961,8.560294,17.910866,-3.017257,-5.868736
2962,8.5483,17.898146,-3.014752,-5.867424
2963,8.536645,17.886148,-3.011322,-5.863091
2964,8.526041,17.876131,-3.008202,-5.856415
2965,8.515891,17.866711,-3.00576,-5.848862
2966,8.505282,17.856052,-3.003984,-5.842575
2967,8.493707,17.843317,-3.002802,-5.838997
2968,8.481188,17.828907,-3.002176,-5.838005
2969,8.467727,17.813192,-3.001352,-5.837921
2970,8.452955,17.795984,-2.999386,-5.837082
2971,8.436859,17.777327,-2.996067,-5.834923
2972,8.420209,17.757839,-2.991956,-5.83152
2973,8.404998,17.73929,-2.987789,-5.827011
2974,8.392488,17.723145,-2.984229,-5.822296
2975,8.382964,17.710106,-2.981429,-5.819122
2976,8.376124,17.70022,-2.978899,-5.818703
2977,8.371346,17.693277,-2.976112,-5.820999
2978,8.367866,17.689079,-2.973177,-5.825325
2979,8.365487,17.68745,-2.970481,-5.830521
2980,8.364307,17.687878,-2.968183,-5.835197
2981,8.364062,17.689091,-2.966152,-5.838638
2982,8.364138,17.689573,-2.964336,-5.841255
2983,8.364469,17.688868,-2.962931,-5.843758
2984,8.36552,17.687737,-2.962389,-5.846725
2985,8.367566,17.686893,-2.962571,-5.850166
2986,8.371317,17.686651,-2.961832,-5.852875
2987,8.377072,17.686062,-2.957586,-5.852783
2988,8.384081,17.684521,-2.949126,-5.848701
2989,8.389905,17.682364,-2.939118,-5.841759
2990,8.392272,17.680576,-2.931317,-5.834488
2991,8.390581,17.679789,-2.927664,-5.82885
2992,8.384856,17.679371,-2.928236,-5.825928
2993,8.375153,17.678532,-2.93271,-5.826416
2994,8.362593,17.678261,-2.940853,-5.829811
2995,8.349666,17.680752,-2.952072,-5.834122
2996,8.338725,17.686115,-2.964438,-5.837273
2997,8.330836,17.691969,-2.975522,-5.838486
2998,8.326088,17.696182,-2.983961,-5.837692
2999,8.323871,17.698446,-2.989549,-5.834724
3000,8.323479,17.699814,-2.99262,-5.830116
3001,8.32345,17.700441,-2.993403,-5.825294
3002,8.322337,17.699406,-2.991863,-5.821564
3003,8.319724,17.696028,-2.987849,-5.819313
3004,8.315401,17.689795,-2.981374,-5.817986
3005,8.309261,17.680782,-2.97292,-5.816536
3006,8.300798,17.669273,-2.963725,-5.814308
3007,8.289852,17.655973,-2.955229,-5.811501
3008,8.277349,17.64245,-2.948657,-5.808975
3009,8.264632,17.630716,-2.944783,-5.807961
3010,8.25286,17.622608,-2.943681,-5.808922
3011,8.242347,17.618233,-2.944681,-5.811432
3012,8.232976,17.615501,-2.946087,-5.814476
3013,8.224176,17.611645,-2.946368,-5.817268
3014,8.214628,17.605309,-2.945539,-5.819588
3015,8.203,17.59705,-2.945029,-5.821739
3016,8.189036,17.588985,-2.946404,-5.824112
3017,8.173626,17.583485,-2.950261,-5.826775
3018,8.158173,17.58189,-2.956147,-5.829918
3019,8.144413,17.584398,-2.96285,-5.833534
3020,8.133365,17.590096,-2.968583,-5.836479
3021,8.124394,17.597273,-2.971559,-5.837006
3022,8.115552,17.603891,-2.971176,-5.834686
3023,8.105227,17.608486,-2.968749,-5.831009
3024,8.093335,17.610903,-2.966288,-5.827255
3025,8.081041,17.612,-2.964956,-5.823402
3026,8.069956,17.612896,-2.964878,-5.819061
3027,8.0614,17.614353,-2.965528,-5.81485
3028,8.055553,17.61655,-2.966407,-5.812347
3029,8.052216,17.620085,-2.967566,-5.812874
3030,8.050578,17.625177,-2.969288,-5.816521
3031,8.049556,17.631336,-2.971571,-5.822342
3032,8.047645,17.63695,-2.973686,-5.828712
3033,8.043299,17.639795,-2.974437,-5.833855
3034,8.035373,17.638361,-2.973174,-5.836517
3035,8.022954,17.632046,-2.970255,-5.836639
3036,8.006227,17.622002,-2.967034,-5.835312
3037,7.98769,17.611523,-2.964805,-5.834106
3038,7.970699,17.60401,-2.964071,-5.833656
3039,7.957626,17.601564,-2.964926,-5.833435
3040,7.949159,17.605125,-2.967664,-5.832634
3041,7.94454,17.61434,-2.972231,-5.831192
3042,7.942183,17.627529,-2.977975,-5.829865
3043,7.9399,17.641573,-2.98379,-5.829353
3044,7.936584,17.653717,-2.988544,-5.829872
3045,7.932963,17.663176,-2.99122,-5.83075
3046,7.929906,17.670168,-2.991129,-5.831032
3047,7.92778,17.675341,-2.987593,-5.82975
3048,7.926658,17.679586,-2.98016,-5.826027
3049,7.926854,17.684448,-2.969218,-5.819183
3050,7.929206,17.691923,-2.95656,-5.809669
3051,7.93386,17.702921,-2.945333,-5.80014
3052,7.939517,17.716265,-2.937841,-5.793755
3053,7.943453,17.728878,-2.933712,-5.791626
3054,7.942424,17.737614,-2.931494,-5.792603
3055,7.933683,17.741028,-2.931125,-5.794899
3056,7.916028,17.740011,-2.934034,-5.797318
3057,7.890419,17.736383,-2.940518,-5.799004
3058,7.86082,17.732649,-2.948908,-5.799484
3059,7.832321,17.73134,-2.957054,-5.798683
3060,7.808591,17.734428,-2.964203,-5.796608
3061,7.790993,17.741856,-2.970387,-5.793365
3062,7.779697,17.752234,-2.975029,-5.789093
3063,7.773833,17.763973,-2.977618,-5.784576
3064,7.771475,17.776201,-2.97858,-5.780502
3065,7.770072,17.787703,-2.978628,-5.77684
3066,7.767739,17.797239,-2.978268,-5.772964
3067,7.764011,17.80463,-2.977588,-5.768333
3068,7.758576,17.810051,-2.97637,-5.762886
3069,7.751393,17.81395,-2.974197,-5.75721
3070,7.742068,17.815805,-2.97023,-5.75148
3071,7.730176,17.814283,-2.963572,-5.744331
3072,7.716107,17.808784,-2.954395,-5.734566
3073,7.701056,17.800455,-2.944192,-5.72319
3074,7.686608,17.791485,-2.934129,-5.711761
3075,7.67406,17.78334,-2.92404,-5.700432
3076,7.663595,17.775927,-2.913369,-5.688789
3077,7.655169,17.768864,-2.901384,-5.676888
3078,7.648038,17.761547,-2.88715,-5.664902
3079,7.641519,17.753563,-2.869674,-5.652512
3080,7.634714,17.744646,-2.849207,-5.639542
3081,7.627575,17.736162,-2.828257,-5.626633
3082,7.62094,17.730858,-2.810739,-5.614586
3083,7.615421,17.729841,-2.798784,-5.60376
3084,7.610787,17.731426,-2.790823,-5.593903
3085,7.605741,17.732613,-2.783754,-5.584831
3086,7.598983,17.731916,-2.776868,-5.577568
3087,7.590247,17.729643,-2.771491,-5.573586
3088,7.581005,17.727032,-2.768718,-5.573296
3089,7.57364,17.725477,-2.768046,-5.574852
3090,7.569763,17.726053,-2.768721,-5.5756
3091,7.569529,17.729563,-2.770345,-5.573753
3092,7.572039,17.735992,-2.772662,-5.569557
3093,7.576657,17.74519,-2.77516,-5.564438
3094,7.582994,17.756638,-2.777251,-5.559723
3095,7.590399,17.769211,-2.778352,-5.555931
3096,7.597381,17.781271,-2.778569,-5.553535
3097,7.602546,17.791838,-2.778716,-5.552765
3098,7.60474,17.800179,-2.779873,-5.55381
3099,7.603681,17.805948,-2.782397,-5.556671
3100,7.599873,17.809351,-2.785603,-5.560402
3101,7.59367,17.810585,-2.788442,-5.563011
3102,7.585312,17.809546,-2.79037,-5.563484
3103,7.574478,17.805643,-2.791395,-5.562515
3104,7.561721,17.799675,-2.791568,-5.560623
3105,7.54821,17.793228,-2.790849,-5.557732
3106,7.535511,17.787764,-2.789848,-5.554527
3107,7.524113,17.783024,-2.78942,-5.552177
3108,7.513056,17.777353,-2.789923,-5.551186
3109,7.501604,17.769913,-2.791149,-5.550903
3110,7.489464,17.760633,-2.792469,-5.550461
3111,7.477406,17.750477,-2.793391,-5.549919
3112,7.466844,17.741108,-2.793758,-5.550308
3113,7.458714,17.733721,-2.793557,-5.552338
3114,7.453073,17.728424,-2.792591,-5.555588
3115,7.449576,17.724596,-2.790742,-5.559334
3116,7.447351,17.721462,-2.788405,-5.563141
3117,7.445472,17.718622,-2.786259,-5.56691
3118,7.443014,17.715691,-2.784815,-5.57032
3119,7.439333,17.71204,-2.783926,-5.572617
3120,7.434405,17.707546,-2.783618,-5.573662
3121,7.428624,17.702618,-2.784367,-5.574341
3122,7.422789,17.698223,-2.786382,-5.575127
3123,7.417168,17.695084,-2.7895,-5.575356
3124,7.411252,17.693064,-2.793098,-5.573921
3125,7.403969,17.690773,-2.796371,-5.570763
3126,7.394206,17.68638,-2.798683,-5.567337
3127,7.381976,17.679506,-2.800094,-5.565323
3128,7.368634,17.671438,-2.801015,-5.56543
3129,7.356455,17.664333,-2.801781,-5.567268
3130,7.347206,17.660191,-2.802719,-5.570107
3131,7.340811,17.659683,-2.80416,-5.573242
3132,7.33579,17.662016,-2.806601,-5.576454
3133,7.330951,17.666307,-2.810724,-5.579926
3134,7.325547,17.671137,-2.81644,-5.583847
3135,7.320237,17.675797,-2.822497,-5.58802
3136,7.315781,17.679241,-2.826833,-5.592125
3137,7.313221,17.681051,-2.827927,-5.596085
3138,7.312647,17.681093,-2.825623,-5.599854
3139,7.313996,17.680571,-2.821421,-5.603416
3140,7.316576,17.680744,-2.817467,-5.60688
3141,7.318913,17.681717,-2.815119,-5.610313
3142,7.319953,17.683083,-2.814464,-5.613785
3143,7.319448,17.684429,-2.814976,-5.617409
3144,7.317729,17.685585,-2.815992,-5.620621
3145,7.314635,17.686583,-2.817144,-5.622314
3146,7.309933,17.688334,-2.818808,-5.622253
3147,7.3034,17.69208,-2.822335,-5.621643
3148,7.295563,17.698893,-2.82921,-5.621994
3149,7.287035,17.708551,-2.839786,-5.623642
3150,7.278245,17.719431,-2.852513,-5.625725
3151,7.268872,17.728306,-2.864426,-5.627327
3152,7.258428,17.732094,-2.873155,-5.628448
3153,7.247347,17.729933,-2.878012,-5.629181
3154,7.237696,17.724203,-2.879837,-5.629143
3155,7.231422,17.718479,-2.880036,-5.62767
3156,7.229011,17.715437,-2.879795,-5.624687
3157,7.230259,17.717001,-2.880359,-5.621223
3158,7.234021,17.722832,-2.882508,-5.618553
3159,7.238979,17.731081,-2.88638,-5.617645
3160,7.243865,17.739609,-2.891199,-5.618607
3161,7.247594,17.746939,-2.895817,-5.620781
3162,7.249611,17.752436,-2.899297,-5.62281
3163,7.249245,17.755424,-2.901428,-5.62355
3164,7.246425,17.755686,-2.902583,-5.622665
3165,7.241361,17.753008,-2.903174,-5.620605
3166,7.234121,17.747143,-2.903372,-5.618095
3167,7.225666,17.739046,-2.903439,-5.616066
3168,7.217438,17.730278,-2.903499,-5.615204
3169,7.210931,17.722301,-2.903403,-5.615395
3170,7.206457,17.715401,-2.90297,-5.615913
3171,7.203489,17.709038,-2.902353,-5.616219
3172,7.201028,17.702131,-2.901782,-5.615974
3173,7.198645,17.69422,-2.901321,-5.614647
3174,7.196755,17.686213,-2.901206,-5.612015
3175,7.195377,17.679106,-2.901742,-5.608742
3176,7.194584,17.674231,-2.903295,-5.605972
3177,7.193883,17.671484,-2.905719,-5.604324
3178,7.193304,17.669847,-2.908252,-5.603378
3179,7.193111,17.66819,-2.910243,-5.602325
3180,7.193555,17.66629,-2.911572,-5.600777
3181,7.194938,17.665035,-2.912728,-5.59903
3182,7.19704,17.665033,-2.914222,-5.597397
3183,7.199375,17.666739,-2.916465,-5.596031
3184,7.201441,17.670462,-2.919918,-5.595261
3185,7.203366,17.676949,-2.92502,-5.595383
3186,7.205517,17.686356,-2.93194,-5.596397
3187,7.208426,17.697891,-2.939997,-5.598022
3188,7.211501,17.709164,-2.947922,-5.599899
3189,7.213716,17.718166,-2.954798,-5.601486
3190,7.21454,17.724508,-2.960662,-5.602257
3191,7.214482,17.729403,-2.965946,-5.601486
3192,7.214252,17.734192,-2.970948,-5.598724
3193,7.213341,17.738478,-2.975815,-5.594688
3194,7.210606,17.740587,-2.980379,-5.591232
3195,7.205206,17.739471,-2.984779,-5.590355
3196,7.197311,17.735556,-2.989238,-5.59256
3197,7.188054,17.730032,-2.993457,-5.596176
3198,7.179246,17.724632,-2.99687,-5.598442
3199,7.172132,17.72065,-2.999378,-5.598061
3200,7.167277,17.718927,-3.001844,-5.596039
3201,7.164708,17.719563,-3.005291,-5.594116
3202,7.163789,17.721313,-3.009598,-5.592789
3203,7.163496,17.722216,-3.013457,-5.591393
3204,7.162923,17.720739,-3.015321,-5.589165
3205,7.160985,17.715971,-3.014601,-5.58622
3206,7.15632,17.707527,-3.011966,-5.583305
3207,7.148136,17.695612,-3.008514,-5.580849
3208,7.137478,17.681696,-3.005195,-5.578903
3209,7.126296,17.667721,-3.002591,-5.577599
3210,7.116589,17.65571,-3.001053,-5.577209
3211,7.109082,17.646727,-3.000728,-5.577965
3212,7.104002,17.641609,-3.001718,-5.579628
3213,7.101465,17.640974,-3.003829,-5.581497
3214,7.101507,17.644543,-3.006528,-5.582817
3215,7.103762,17.650454,-3.008451,-5.582832
3216,7.107358,17.655806,-3.008106,-5.581573
3217,7.111837,17.659103,-3.005113,-5.579933
3218,7.117297,17.660627,-3.000168,-5.57885
3219,7.123607,17.660744,-2.993809,-5.578644
3220,7.130336,17.65937,-2.986187,-5.579002
3221,7.136811,17.656233,-2.977738,-5.579224
3222,7.14278,17.651709,-2.969301,-5.579224
3223,7.148464,17.646971,-2.96169,-5.579391
3224,7.153796,17.643167,-2.955548,-5.579453
3225,7.157912,17.640928,-2.952012,-5.578903
3226,7.159795,17.640512,-2.952164,-5.577858
3227,7.159268,17.642063,-2.955812,-5.576584
3228,7.157439,17.645687,-2.961366,-5.575165
3229,7.156275,17.65143,-2.966874,-5.573669
3230,7.157547,17.658937,-2.971229,-5.572838
3231,7.161456,17.666935,-2.97404,-5.572922
3232,7.167337,17.674782,-2.975793,-5.573471
3233,7.174569,17.683002,-2.977123,-5.573814
3234,7.182523,17.692513,-2.978693,-5.573738
3235,7.189661,17.703245,-2.981126,-5.573235
3236,7.194691,17.714804,-2.984952,-5.572037
3237,7.197171,17.725945,-2.989755,-5.570015
3238,7.197664,17.734573,-2.993906,-5.567551
3239,7.197225,17.739162,-2.995863,-5.565514
3240,7.196486,17.739494,-2.994891,-5.564407
3241,7.196041,17.736898,-2.991053,-5.56395
3242,7.195755,17.732378,-2.984465,-5.56321
3243,7.195909,17.726858,-2.975208,-5.561546
3244,7.19709,17.721184,-2.96398,-5.558975
3245,7.199763,17.716501,-2.952692,-5.555862
3246,7.203218,17.713112,-2.943364,-5.552437
3247,7.206676,17.710875,-2.936852,-5.549088
3248,7.210192,17.709764,-2.932966,-5.546646
3249,7.21459,17.710205,-2.931223,-5.546036
3250,7.220141,17.712233,-2.931059,-5.547813
3251,7.227293,17.716372,-2.931911,-5.551796
3252,7.235593,17.722183,-2.933011,-5.556831
3253,7.244073,17.728601,-2.93333,-5.560936
3254,7.251918,17.73457,-2.931956,-5.562523
3255,7.258384,17.738834,-2.928153,-5.561241
3256,7.263244,17.740576,-2.921847,-5.557991
3257,7.266426,17.739603,-2.914023,-5.554092
3258,7.26865,17.737204,-2.906404,-5.550568
3259,7.270607,17.734545,-2.900068,-5.547142
3260,7.273489,17.733509,-2.89545,-5.542511
3261,7.277225,17.735548,-2.892222,-5.535515
3262,7.279947,17.740692,-2.89025,-5.526474
3263,7.279391,17.747215,-2.890062,-5.517235
3264,7.275615,17.753637,-2.891945,-5.509644
3265,7.271174,17.760191,-2.895481,-5.504387
3266,7.268503,17.767939,-2.899937,-5.500923
3267,7.268182,17.77689,-2.904466,-5.498192
3268,7.269501,17.785414,-2.907577,-5.494911
3269,7.271513,17.791986,-2.908027,-5.489929
3270,7.273903,17.796856,-2.905781,-5.483406
3271,7.276223,17.800703,-2.90169,-5.476578
3272,7.278643,17.804535,-2.896975,-5.470734
3273,7.28175,17.809559,-2.893016,-5.466652
3274,7.28549,17.816387,-2.891144,-5.464508
3275,7.289424,17.824287,-2.891196,-5.463371
3276,7.293324,17.83164,-2.891704,-5.461815
3277,7.297377,17.838037,-2.891702,-5.458755
3278,7.301127,17.843458,-2.891363,-5.453598
3279,7.303137,17.846762,-2.891001,-5.446304
3280,7.30217,17.846693,-2.8909,-5.438606
3281,7.298165,17.843386,-2.891507,-5.433266
3282,7.292416,17.838427,-2.892881,-5.431541
3283,7.285885,17.833239,-2.894808,-5.432159
3284,7.278578,17.828402,-2.896974,-5.432907
3285,7.270751,17.824471,-2.898957,-5.432495
3286,7.263679,17.822098,-2.89994,-5.430954
3287,7.258477,17.821178,-2.898801,-5.428444
3288,7.254876,17.820578,-2.894765,-5.424797
3289,7.251399,17.818781,-2.888187,-5.419846
3290,7.247157,17.815451,-2.88046,-5.413773
3291,7.242763,17.811665,-2.873416,-5.407394
3292,7.239628,17.808968,-2.868083,-5.401787
3293,7.23886,17.808022,-2.864195,-5.397575
3294,7.240701,17.808752,-2.860625,-5.394699
3295,7.24552,17.812771,-2.857426,-5.392899
3296,7.25285,17.821575,-2.85571,-5.391815
3297,7.261222,17.83474,-2.856696,-5.391464
3298,7.26829,17.849417,-2.860647,-5.391792
3299,7.271659,17.862204,-2.86685,-5.392159
3300,7.270851,17.871868,-2.873778,-5.391403
3301,7.266634,17.878508,-2.879668,-5.389053
3302,7.261189,17.883167,-2.883569,-5.386032
3303,7.256565,17.887077,-2.885621,-5.383614
3304,7.254139,17.891558,-2.886007,-5.382057
3305,7.254877,17.898191,-2.885197,-5.380814
3306,7.259199,17.907854,-2.883929,-5.378906
3307,7.267206,17.920622,-2.882922,-5.375549
3308,7.277266,17.934473,-2.882163,-5.370438
3309,7.287162,17.946978,-2.881243,-5.36409
3310,7.294573,17.956028,-2.879937,-5.358063
3311,7.298435,17.960897,-2.878426,-5.353981
3312,7.299041,17.962189,-2.877236,-5.352547
3313,7.29734,17.960976,-2.876731,-5.3536
3314,7.294345,17.957979,-2.87656,-5.356308
3315,7.290648,17.953218,-2.875586,-5.359314
3316,7.286325,17.946512,-2.872977,-5.361038
3317,7.281436,17.938242,-2.868551,-5.360481
3318,7.276154,17.928881,-2.862203,-5.35788
3319,7.271306,17.919256,-2.853725,-5.354164
3320,7.267489,17.910149,-2.843691,-5.350342
3321,7.264621,17.90243,-2.833888,-5.346924
3322,7.262268,17.896666,-2.826058,-5.343582
3323,7.259827,17.892477,-2.820958,-5.340233
3324,7.2576,17.889721,-2.818074,-5.337692
3325,7.256426,17.888765,-2.816431,-5.337341
3326,7.257625,17.890543,-2.815115,-5.339729
3327,7.261674,17.894968,-2.813487,-5.3442
3328,7.267593,17.900587,-2.811243,-5.349365
3329,7.273459,17.905178,-2.807997,-5.353806
3330,7.278419,17.907789,-2.803336,-5.356865
3331,7.282599,17.908703,-2.797379,-5.358963
3332,7.286914,17.909184,-2.790852,-5.360519
3333,7.291591,17.909668,-2.783976,-5.360901
3334,7.29607,17.909693,-2.776382,-5.358917
3335,7.298921,17.908031,-2.767823,-5.353775
3336,7.298196,17.903158,-2.758869,-5.346184
3337,7.293012,17.895088,-2.750994,-5.338226
3338,7.284507,17.885704,-2.745378,-5.331505
3339,7.275119,17.876823,-2.741557,-5.326019
3340,7.266938,17.869183,-2.738051,-5.321114
3341,7.260914,17.862913,-2.734091,-5.316895
3342,7.257323,17.858929,-2.730965,-5.314636
3343,7.255018,17.856636,-2.72987,-5.315567
3344,7.252363,17.854155,-2.730407,-5.319748
3345,7.249072,17.850504,-2.730947,-5.325951
3346,7.245708,17.845621,-2.73001,-5.332733
3347,7.242749,17.839884,-2.727138,-5.338997
3348,7.23987,17.833778,-2.723124,-5.343773
3349,7.237096,17.828602,-2.719838,-5.34687
3350,7.235611,17.82642,-2.718942,-5.348816
3351,7.23686,17.828659,-2.720445,-5.34996
3352,7.240916,17.834763,-2.722913,-5.35025
3353,7.246551,17.842936,-2.724981,-5.349655
3354,7.251271,17.850927,-2.726974,-5.349365
3355,7.252921,17.857393,-2.730412,-5.351196
3356,7.251106,17.862246,-2.736428,-5.355865
3357,7.246988,17.866013,-2.744523,-5.362015
3358,7.242418,17.868946,-2.752716,-5.367737
3359,7.238738,17.871225,-2.759665,-5.37249
3360,7.236497,17.873014,-2.765239,-5.376472
3361,7.23568,17.874674,-2.770061,-5.379578
3362,7.235519,17.875992,-2.774631,-5.38147
3363,7.234401,17.875662,-2.779085,-5.382156
3364,7.231423,17.873009,-2.783156,-5.381805
3365,7.227054,17.869007,-2.786539,-5.380821
3366,7.222794,17.865999,-2.789767,-5.379608
3367,7.220296,17.866028,-2.793636,-5.378311
3368,7.220199,17.869631,-2.798558,-5.376938
3369,7.22234,17.875904,-2.803752,-5.374901
3370,7.226268,17.882782,-2.80706,-5.371002
3371,7.231611,17.888273,-2.806807,-5.364952
3372,7.237493,17.891512,-2.803985,-5.358414
3373,7.24311,17.893305,-2.801569,-5.354309
3374,7.247586,17.894245,-2.801648,-5.354637
3375,7.251555,17.895191,-2.804409,-5.359238
3376,7.256008,17.896538,-2.808971,-5.366386
3377,7.260828,17.89785,-2.814405,-5.373978
3378,7.265308,17.89875,-2.819823,-5.380234
3379,7.26838,17.898146,-2.823899,-5.384132
3380,7.269658,17.894814,-2.825476,-5.385483
3381,7.269793,17.888382,-2.823913,-5.384605
3382,7.270206,17.880117,-2.819476,-5.381844
3383,7.272686,17.872797,-2.813427,-5.377968
3384,7.277977,17.868862,-2.807865,-5.374306
3385,7.285506,17.869059,-2.804746,-5.372551
3386,7.29371,17.872076,-2.804849,-5.373466
3387,7.301268,17.876545,-2.808015,-5.375961
3388,7.308197,17.88212,-2.813282,-5.377869
3389,7.315818,17.888891,-2.818858,-5.377663
3390,7.32525,17.896822,-2.823096,-5.37532
3391,7.33617,17.90547,-2.825283,-5.371704
3392,7.347499,17.914541,-2.82619,-5.367973
3393,7.358521,17.923956,-2.826965,-5.364784
3394,7.368503,17.932995,-2.828143,-5.362305
3395,7.37695,17.940609,-2.829265,-5.360352
3396,7.3838,17.94606,-2.829732,-5.359306
3397,7.389701,17.949299,-2.82904,-5.359703
3398,7.395764,17.950863,-2.827151,-5.361084
3399,7.402755,17.951456,-2.824733,-5.36232
3400,7.411081,17.952202,-2.823167,-5.363136
3401,7.419851,17.953901,-2.82407,-5.364281
3402,7.427859,17.957058,-2.8281,-5.365807
3403,7.434508,17.961689,-2.834403,-5.367256
3404,7.439589,17.967043,-2.841339,-5.368469
3405,7.443804,17.972408,-2.847242,-5.369789
3406,7.447458,17.976311,-2.851014,-5.371468
3407,7.450552,17.977867,-2.853034,-5.373741
3408,7.452853,17.97683,-2.854208,-5.376442
3409,7.454459,17.973455,-2.854947,-5.379097
3410,7.455966,17.969179,-2.85554,-5.381241
3411,7.458825,17.966944,-2.856777,-5.382988
3412,7.463447,17.968014,-2.859144,-5.384529
3413,7.468897,17.971329,-2.862632,-5.385757
3414,7.47411,17.975445,-2.867325,-5.386368
3415,7.478433,17.979168,-2.873028,-5.386047
3416,7.48171,17.981695,-2.879263,-5.385223
3417,7.484371,17.982826,-2.885483,-5.385017
3418,7.487507,17.983198,-2.890908,-5.386253
3419,7.492238,17.983637,-2.894414,-5.388687
3420,7.499023,17.984829,-2.895673,-5.391541
3421,7.507181,17.986155,-2.895123,-5.394157
3422,7.514957,17.985548,-2.893411,-5.396568
3423,7.521273,17.981766,-2.891132,-5.399353
3424,7.525605,17.975048,-2.889088,-5.402832
3425,7.528252,17.966599,-2.887729,-5.406929
3426,7.529753,17.957357,-2.886539,-5.411385
3427,7.530496,17.947315,-2.883788,-5.415283
3428,7.531384,17.937021,-2.878505,-5.417534
3429,7.532828,17.927458,-2.871605,-5.417526
3430,7.534963,17.919813,-2.864865,-5.415779
3431,7.537694,17.914543,-2.859471,-5.413742
3432,7.540329,17.910858,-2.856214,-5.413162
3433,7.542256,17.908201,-2.856049,-5.414818
3434,7.54369,17.906996,-2.85968,-5.418533
3435,7.546386,17.909121,-2.867113,-5.423668
3436,7.552156,17.91605,-2.877298,-5.429199
3437,7.56037,17.92625,-2.888185,-5.434464
3438,7.568461,17.936525,-2.898319,-5.440063
3439,7.5742,17.944498,-2.907217,-5.446808
3440,7.576421,17.949219,-2.91507,-5.454124
3441,7.575637,17.950777,-2.92151,-5.460281
3442,7.573796,17.949743,-2.925225,-5.463707
3443,7.573197,17.947319,-2.925662,-5.464706
3444,7.574315,17.944231,-2.923836,-5.465408
3445,7.57647,17.941055,-2.921234,-5.467323
3446,7.578904,17.938028,-2.9182,-5.469849
3447,7.580847,17.934431,-2.913779,-5.471237
3448,7.581822,17.929241,-2.906703,-5.470047
3449,7.582599,17.922926,-2.89718,-5.466217
3450,7.584351,17.916916,-2.886552,-5.460686
3451,7.587329,17.911926,-2.876401,-5.454872
3452,7.590783,17.908279,-2.868938,-5.450516
3453,7.593669,17.906214,-2.866576,-5.44931
3454,7.595601,17.905504,-2.869716,-5.45192
3455,7.596467,17.90472,-2.875865,-5.457108
3456,7.597081,17.903036,-2.881392,-5.462639
3457,7.598238,17.900335,-2.883711,-5.467072
3458,7.600322,17.897196,-2.882524,-5.470337
3459,7.603531,17.894899,-2.879622,-5.473076
3460,7.607942,17.894831,-2.877471,-5.475899
3461,7.613223,17.897173,-2.877339,-5.479004
3462,7.618679,17.90143,-2.879551,-5.482269
3463,7.623428,17.906803,-2.88418,-5.485855
3464,7.626731,17.91198,-2.890252,-5.48996
3465,7.628819,17.916037,-2.896039,-5.494804
3466,7.630786,17.919725,-2.901098,-5.500656
3467,7.634246,17.925083,-2.905874,-5.506767
3468,7.640273,17.933397,-2.910286,-5.511124
3469,7.648464,17.944233,-2.914194,-5.512489
3470,7.657584,17.956192,-2.91811,-5.511581
3471,7.665501,17.966396,-2.921747,-5.509415
3472,7.670249,17.971704,-2.922947,-5.50547
3473,7.671216,17.971334,-2.919989,-5.49884
3474,7.669091,17.967184,-2.913978,-5.490555
3475,7.664713,17.961355,-2.907425,-5.482857
3476,7.659559,17.955717,-2.902323,-5.477699
3477,7.655234,17.951832,-2.899933,-5.475967
3478,7.652953,17.951111,-2.90089,-5.476845
3479,7.652835,17.954121,-2.904776,-5.478226
3480,7.654191,17.960045,-2.909613,-5.47821
3481,7.655279,17.966263,-2.912882,-5.476227
3482,7.655002,17.970373,-2.913038,-5.472908
3483,7.653745,17.971884,-2.910515,-5.469635
3484,7.652461,17.971716,-2.90695,-5.467331
3485,7.651468,17.970793,-2.903811,-5.465851
3486,7.650489,17.969402,-2.901504,-5.464592
3487,7.649741,17.96784,-2.899523,-5.462898
3488,7.64971,17.966694,-2.897508,-5.460144
3489,7.650623,17.966642,-2.896092,-5.456459
3490,7.652483,17.967939,-2.895533,-5.452484
3491,7.655006,17.970076,-2.895066,-5.448814
3492,7.657835,17.972458,-2.894026,-5.445618
3493,7.66022,17.974377,-2.8928,-5.442886
3494,7.66194,17.975813,-2.892323,-5.441048
3495,7.662672,17.97695,-2.893443,-5.440735
3496,7.661732,17.978018,-2.896884,-5.441971
3497,7.658101,17.978422,-2.902419,-5.443916
3498,7.651776,17.977514,-2.908767,-5.445816
3499,7.644312,17.97579,-2.914644,-5.447311
3500,7.637497,17.974163,-2.918868,-5.447464
3501,7.631966,17.972883,-2.920614,-5.445007
3502,7.628096,17.97226,-2.91983,-5.439812
3503,7.626453,17.972757,-2.917474,-5.433739
3504,7.627486,17.974205,-2.914468,-5.42923
3505,7.630797,17.975969,-2.911492,-5.427483
3506,7.634802,17.977436,-2.908899,-5.427803
3507,7.637961,17.978727,-2.906191,-5.428215
3508,7.638925,17.979527,-2.901877,-5.426521
3509,7.63765,17.979212,-2.894095,-5.421799
3510,7.635107,17.977606,-2.882128,-5.414864
3511,7.632596,17.975296,-2.867143,-5.40757
3512,7.631273,17.972721,-2.85048,-5.400909
3513,7.63136,17.969511,-2.832518,-5.394646
3514,7.632446,17.96591,-2.814507,-5.388443
3515,7.633455,17.962339,-2.799331,-5.382881
3516,7.633645,17.958797,-2.788757,-5.378426
3517,7.633087,17.955214,-2.782058,-5.374802
3518,7.631557,17.951878,-2.777719,-5.371475
3519,7.628889,17.950232,-2.775417,-5.3685
3520,7.624924,17.951767,-2.775847,-5.366302
3521,7.619654,17.956623,-2.779326,-5.364685
3522,7.613168,17.963297,-2.785004,-5.362633
3523,7.606472,17.969824,-2.790833,-5.359253
3524,7.601321,17.974714,-2.794577,-5.354744
3525,7.59917,17.977427,-2.794914,-5.350212
3526,7.59996,17.978893,-2.793183,-5.347366
3527,7.602887,17.981323,-2.792208,-5.346893
3528,7.60667,17.985817,-2.793549,-5.347702
3529,7.609754,17.991512,-2.797104,-5.348343
3530,7.610355,17.996073,-2.801816,-5.348358
3531,7.607873,17.997366,-2.806021,-5.347923
3532,7.603508,17.995113,-2.808426,-5.347122
3533,7.599153,17.99099,-2.808981,-5.345665
3534,7.595641,17.986998,-2.808734,-5.343704
3535,7.592577,17.983978,-2.808642,-5.342155
3536,7.58878,17.981306,-2.809114,-5.342224
3537,7.583282,17.978018,-2.810112,-5.344543
3538,7.576295,17.974232,-2.811266,-5.348854
3539,7.569112,17.970861,-2.81173,-5.354286
3540,7.563546,17.968975,-2.810847,-5.359657
3541,7.561101,17.969381,-2.808662,-5.36396
3542,7.561975,17.972252,-2.806103,-5.366562
3543,7.565289,17.977249,-2.804214,-5.367279
3544,7.568981,17.982971,-2.803556,-5.366608
3545,7.571008,17.987625,-2.803928,-5.365555
3546,7.570027,17.989466,-2.804267,-5.364594
3547,7.566048,17.987577,-2.802665,-5.363457
3548,7.560118,17.982252,-2.79703,-5.361633
3549,7.55324,17.97463,-2.786763,-5.358688
3550,7.546327,17.966133,-2.772954,-5.354126
3551,7.540204,17.958073,-2.757892,-5.348045
3552,7.534948,17.951078,-2.744346,-5.341377
3553,7.530707,17.945704,-2.734301,-5.335205
3554,7.527509,17.941729,-2.727733,-5.330635
3555,7.52541,17.938345,-2.722887,-5.328163
3556,7.525745,17.935957,-2.718048,-5.327339
3557,7.530076,17.93578,-2.712605,-5.326904
3558,7.538308,17.938181,-2.7068,-5.32563
3559,7.547799,17.941698,-2.701176,-5.323128
3560,7.555926,17.944843,-2.696342,-5.320099
3561,7.56138,17.946918,-2.693099,-5.317673
3562,7.564615,17.948515,-2.692075,-5.316719
3563,7.566902,17.950603,-2.692896,-5.317467
3564,7.569628,17.9538,-2.694374,-5.319626
3565,7.573225,17.957737,-2.695353,-5.322517
3566,7.577118,17.961199,-2.694863,-5.325157
3567,7.580046,17.962358,-2.691787,-5.326248
3568,7.581666,17.960958,-2.686009,-5.325279
3569,7.582675,17.958584,-2.678993,-5.323051
3570,7.584188,17.957207,-2.672842,-5.321106
3571,7.586744,17.957787,-2.668838,-5.320686
3572,7.589632,17.959826,-2.667213,-5.322311
3573,7.591763,17.962107,-2.667167,-5.325226
3574,7.592747,17.963495,-2.66712,-5.327744
3575,7.593351,17.964415,-2.666445,-5.329163
3576,7.594291,17.965797,-2.66555,-5.329994
3577,7.595568,17.96809,-2.664917,-5.330765
3578,7.597011,17.97135,-2.664947,-5.331787
3579,7.598701,17.975767,-2.666036,-5.333412
3580,7.600676,17.981083,-2.667863,-5.335434
3581,7.602454,17.985739,-2.668963,-5.336685
3582,7.603863,17.988283,-2.667853,-5.336121
3583,7.604697,17.987591,-2.664036,-5.333847
3584,7.605283,17.983585,-2.657816,-5.330597
3585,7.6059,17.977066,-2.650023,-5.326477
3586,7.607284,17.970491,-2.64225,-5.321068
3587,7.610354,17.967102,-2.636814,-5.314705
3588,7.615393,17.968855,-2.635003,-5.308693
3589,7.622071,17.975784,-2.636263,-5.304291
3590,7.630227,17.986694,-2.638848,-5.301643
3591,7.639913,18.000063,-2.641128,-5.299889
3592,7.650903,18.01433,-2.642511,-5.29808
3593,7.662586,18.028328,-2.643377,-5.295639
3594,7.673791,18.041227,-2.644449,-5.292496
3595,7.683489,18.052668,-2.646271,-5.289024
3596,7.690701,18.061739,-2.648504,-5.285126
3597,7.695222,18.067585,-2.65028,-5.280449
3598,7.698274,18.070313,-2.65087,-5.275093
3599,7.700526,18.06987,-2.650058,-5.269638
3600,7.701609,18.066244,-2.647671,-5.264496
3601,7.700462,18.059513,-2.643831,-5.260109
3602,7.696267,18.049747,-2.638933,-5.256653
3603,7.688849,18.036839,-2.633268,-5.253777
3604,7.679449,18.022045,-2.627372,-5.251083
3605,7.669371,18.007509,-2.622631,-5.248817
3606,7.658926,17.995131,-2.62069,-5.247444
3607,7.648807,17.986509,-2.621953,-5.246834
3608,7.641022,17.982462,-2.625149,-5.246384
3609,7.637887,17.982916,-2.628577,-5.245186
3610,7.639703,17.986307,-2.631343,-5.242943
3611,7.64502,17.991085,-2.633822,-5.24057
3612,7.651727,17.996078,-2.636671,-5.239601
3613,7.658374,18.000988,-2.64018,-5.24073
3614,7.663526,18.004837,-2.643622,-5.243286
3615,7.666815,18.007027,-2.646221,-5.246056
3616,7.669059,18.007803,-2.64773,-5.248116
3617,7.671173,18.008171,-2.648711,-5.249001
3618,7.673634,18.009546,-2.649985,-5.248833
3619,7.676285,18.012486,-2.651557,-5.247833
3620,7.67898,18.016441,-2.652837,-5.245766
3621,7.681927,18.020567,-2.653489,-5.241646
3622,7.685673,18.024334,-2.653655,-5.235107
3623,7.69017,18.027206,-2.653724,-5.227501
3624,7.694961,18.028687,-2.653684,-5.221252
3625,7.69965,18.028151,-2.65249,-5.21804
3626,7.704167,18.02581,-2.649528,-5.218353
3627,7.708636,18.02313,-2.645674,-5.221436
3628,7.71227,18.021458,-2.643021,-5.226082
3629,7.714383,18.021578,-2.643222,-5.231041
3630,7.714879,18.023697,-2.646935,-5.235016
3631,7.714591,18.027805,-2.6539,-5.237183
3632,7.714511,18.033077,-2.662765,-5.237839
3633,7.714948,18.037891,-2.671346,-5.237968
3634,7.715561,18.040806,-2.677455,-5.238136
3635,7.715264,18.040895,-2.680226,-5.238449
3636,7.713106,18.038044,-2.680435,-5.238907
3637,7.708526,18.031944,-2.679371,-5.239326
3638,7.702729,18.022827,-2.677368,-5.239296
3639,7.698284,18.012514,-2.674676,-5.238846
3640,7.697007,18.003664,-2.672599,-5.238724
3641,7.698679,17.997869,-2.672656,-5.239983
3642,7.701713,17.995501,-2.675579,-5.243774
3643,7.704457,17.996548,-2.680982,-5.250374
3644,7.705462,17.999985,-2.687827,-5.258507
3645,7.703782,18.003531,-2.694927,-5.265533
3646,7.700034,18.005859,-2.701607,-5.269165
3647,7.694989,18.006603,-2.708088,-5.269287
3648,7.690271,18.006306,-2.714714,-5.267616
3649,7.687298,18.005268,-2.72147,-5.266167
3650,7.686762,18.004129,-2.7284,-5.266548
3651,7.68772,18.003141,-2.73547,-5.269356
3652,7.688551,18.002064,-2.742179,-5.273232
3653,7.688654,18.00111,-2.747921,-5.275871
3654,7.688349,18.000673,-2.75241,-5.276482
3655,7.68839,18.000908,-2.755665,-5.276527
3656,7.688965,18.001497,-2.758154,-5.277916
3657,7.689546,18.002386,-2.761117,-5.281631
3658,7.688477,18.003368,-2.766396,-5.287735
3659,7.684649,18.004217,-2.774759,-5.295586
3660,7.678529,18.004244,-2.78456,-5.303757
3661,7.672076,18.002995,-2.792748,-5.310577
3662,7.666355,17.999777,-2.797246,-5.315422
3663,7.661394,17.994289,-2.797843,-5.318947
3664,7.656914,17.987097,-2.795739,-5.322044
3665,7.652711,17.979836,-2.792928,-5.325241
3666,7.647356,17.973499,-2.792115,-5.328888
3667,7.639398,17.968576,-2.795139,-5.332291
3668,7.629359,17.966187,-2.80196,-5.334045
3669,7.61961,17.967577,-2.81109,-5.333755
3670,7.612677,17.972759,-2.820828,-5.33252
3671,7.609323,17.979311,-2.829144,-5.331474
3672,7.608623,17.984356,-2.834319,-5.330795
3673,7.609331,17.986732,-2.835702,-5.329926
3674,7.610341,17.986498,-2.833671,-5.3284
3675,7.611978,17.985235,-2.829644,-5.326431
3676,7.614554,17.984674,-2.825953,-5.324852
3677,7.61817,17.985716,-2.824074,-5.324417
3678,7.622423,17.987707,-2.823338,-5.325104
3679,7.62775,17.989906,-2.821601,-5.32605
3680,7.635192,17.992128,-2.817265,-5.325745
3681,7.6457,17.994902,-2.810428,-5.323128
3682,7.660242,17.99975,-2.802825,-5.318687
3683,7.678442,18.00679,-2.79567,-5.313332
3684,7.699078,18.014896,-2.789003,-5.307297
3685,7.720885,18.022886,-2.782355,-5.300438
3686,7.742959,18.030596,-2.775801,-5.293144
3687,7.765816,18.039383,-2.769849,-5.286102
3688,7.790181,18.050264,-2.764553,-5.279709
3689,7.817344,18.064466,-2.759627,-5.273949
3690,7.847394,18.081871,-2.754586,-5.268623
3691,7.879134,18.099701,-2.747975,-5.263435
3692,7.910189,18.113432,-2.738028,-5.257614
3693,7.938074,18.119669,-2.723843,-5.25029
3694,7.962184,18.118753,-2.706184,-5.241768
3695,7.984312,18.114452,-2.68692,-5.233398
3696,8.006454,18.110662,-2.667389,-5.225754
3697,8.029718,18.109859,-2.648226,-5.218185
3698,8.054149,18.112316,-2.629631,-5.210152
3699,8.080386,18.117582,-2.611882,-5.201904
3700,8.108866,18.124973,-2.595609,-5.193886
3701,8.139074,18.134531,-2.582056,-5.186806
3702,8.16917,18.14772,-2.572895,-5.18119
3703,8.197865,18.168766,-2.569992,-5.176857
3704,8.224293,18.203087,-2.575737,-5.173553
3705,8.2482,18.255112,-2.592264,-5.171623
3706,8.26932,18.326088,-2.620008,-5.171684
3707,8.286914,18.413219,-2.657984,-5.173698
3708,8.299889,18.507948,-2.703481,-5.176346
3709,8.307385,18.595213,-2.751143,-5.178581
3710,8.309882,18.656042,-2.792421,-5.180809
3711,8.30977,18.676584,-2.81875,-5.184128
3712,8.311025,18.660725,-2.827827,-5.18856
3713,8.316377,18.62833,-2.82506,-5.193069
3714,8.325666,18.597559,-2.816856,-5.196709
3715,8.336928,18.574524,-2.805773,-5.198868
3716,8.348278,18.556753,-2.79136,-5.199234
3717,8.359102,18.539854,-2.772654,-5.198158
3718,8.369636,18.521597,-2.750117,-5.196365
3719,8.380135,18.502804,-2.726385,-5.194328
3720,8.392786,18.486464,-2.70428,-5.192162
3721,8.411782,18.474461,-2.68404,-5.189613
3722,8.440472,18.466633,-2.663958,-5.186432
3723,8.477391,18.462568,-2.64348,-5.182434
3724,8.515797,18.463026,-2.624378,-5.177536
3725,8.548661,18.468422,-2.608571,-5.17218
3726,8.57351,18.476274,-2.595975,-5.168091
3727,8.592077,18.480391,-2.584234,-5.167816
3728,8.608077,18.472139,-2.568631,-5.173172
3729,8.625932,18.443514,-2.542847,-5.183815
3730,8.648516,18.390614,-2.502312,-5.197479
3731,8.675436,18.31728,-2.448938,-5.212349
3732,8.703192,18.236309,-2.392607,-5.228531
3733,8.727101,18.16235,-2.344705,-5.246941
3734,8.74445,18.103474,-2.310124,-5.267586
3735,8.755851,18.060465,-2.28714,-5.289063
3736,8.765322,18.032328,-2.273001,-5.31041
3737,8.7781,18.018024,-2.266467,-5.331932
3738,8.796972,18.015587,-2.267344,-5.353722
3739,8.820386,18.021765,-2.27523,-5.374611
3740,8.843263,18.031185,-2.288326,-5.393539
3741,8.85995,18.036882,-2.303654,-5.41114
3742,8.867609,18.033548,-2.318381,-5.429543
3743,8.86843,18.020605,-2.330331,-5.450699
3744,8.86771,18.001822,-2.338816,-5.474823
3745,8.870009,17.982941,-2.34508,-5.500435
3746,8.878088,17.969637,-2.351089,-5.52562
3747,8.893395,17.964983,-2.35726,-5.548996
3748,8.91571,17.967222,-2.362406,-5.569771
3749,8.945062,17.972843,-2.365332,-5.587265
3750,8.982224,17.979965,-2.366213,-5.601593
3751,9.026405,17.987648,-2.365885,-5.614395
3752,9.074574,17.994123,-2.364277,-5.627907
3753,9.124053,17.997259,-2.360588,-5.643608
3754,9.174323,17.995474,-2.353438,-5.661545
3755,9.226478,17.988642,-2.341238,-5.680344
3756,9.281296,17.978086,-2.32296,-5.697876
3757,9.339069,17.966015,-2.299193,-5.712929
3758,9.400998,17.954847,-2.271758,-5.726425
3759,9.468356,17.946531,-2.243637,-5.741241
3760,9.540652,17.942022,-2.218193,-5.760429
3761,9.615221,17.940353,-2.197569,-5.785606
3762,9.68926,17.938364,-2.180876,-5.816208
3763,9.761868,17.932291,-2.164621,-5.849709
3764,9.835298,17.920622,-2.144627,-5.882889
3765,9.915067,17.906199,-2.117999,-5.914047
3766,10.006224,17.893337,-2.084165,-5.943398
3767,10.11027,17.884684,-2.044633,-5.971405
3768,10.222762,17.878773,-2.002469,-5.998489
3769,10.337085,17.873117,-1.961115,-6.025108
3770,10.449869,17.867371,-1.92294,-6.051025
3771,10.563268,17.863918,-1.888538,-6.075516
3772,10.681456,17.864777,-1.856724,-6.098618
3773,10.806596,17.869015,-1.82458,-6.120552
3774,10.937716,17.872713,-1.788143,-6.140656
3775,11.073329,17.872375,-1.744281,-6.15773
3776,11.213029,17.867088,-1.692344,-6.171028
3777,11.357926,17.859077,-1.633901,-6.180748
3778,11.509218,17.851713,-1.57173,-6.187904
3779,11.667007,17.846571,-1.508607,-6.193993
3780,11.828814,17.840956,-1.446033,-6.200012
3781,11.991597,17.831404,-1.384192,-6.205994
3782,12.152482,17.816236,-1.322602,-6.211128
3783,12.308283,17.793352,-1.259758,-6.214302
3784,12.456316,17.759018,-1.19342,-6.215271
3785,12.598769,17.713047,-1.121745,-6.214752
3786,12.744145,17.661358,-1.04307,-6.212914
3787,12.902366,17.611828,-0.95582,-6.208931
3788,13.077013,17.56764,-0.859576,-6.202209
3789,13.262609,17.523987,-0.754786,-6.193123
3790,13.449613,17.472258,-0.642294,-6.182442
3791,13.629937,17.406384,-0.52458,-6.171173
3792,13.799891,17.325871,-0.406253,-6.160812
3793,13.962187,17.235592,-0.291472,-6.152496
3794,14.124826,17.143785,-0.182073,-6.146454
3795,14.29592,17.057943,-0.077479,-6.141914
3796,14.478144,16.98049,0.024681,-6.137833
3797,14.667869,16.907764,0.127748,-6.133316
3798,14.858959,16.833406,0.23442,-6.127541
3799,15.048236,16.753805,0.345164,-6.119873
3800,15.236491,16.669241,0.458643,-6.110123
3801,15.425162,16.581678,0.572634,-6.098755
3802,15.616526,16.494171,0.685423,-6.086693
3803,15.813845,16.408255,0.797801,-6.074669
3804,16.018761,16.322432,0.912049,-6.06311
3805,16.231173,16.2351,1.029116,-6.052422
3806,16.449678,16.145353,1.148121,-6.042755
3807,16.671785,16.051697,1.268049,-6.033798
3808,16.896349,15.952984,1.389441,-6.024841
3809,17.125797,15.850504,1.514262,-6.01474
3810,17.363279,15.745438,1.645301,-6.002205
3811,17.609673,15.637042,1.784799,-5.986183
3812,17.862757,15.522859,1.933354,-5.965912
3813,18.118917,15.40029,2.0898,-5.940933
3814,18.37389,15.267417,2.251529,-5.911919
3815,18.625603,15.125125,2.415434,-5.880402
3816,18.876701,14.977495,2.579592,-5.84742
3817,19.133602,14.828699,2.745073,-5.812309
3818,19.403614,14.680156,2.917122,-5.772591
3819,19.687826,14.526891,3.103076,-5.725296
3820,19.977909,14.358463,3.308481,-5.667892
3821,20.259981,14.163421,3.535071,-5.59948
3822,20.523829,13.935649,3.78152,-5.521324
3823,20.770426,13.679206,4.045055,-5.435593
3824,21.008724,13.40425,4.323133,-5.343964
3825,21.249142,13.121266,4.61399,-5.247551
3826,21.498508,12.837819,4.915559,-5.14743
3827,21.761765,12.560589,5.225376,-5.044128
3828,22.039143,12.290421,5.543604,-4.936768
3829,22.324484,12.019076,5.874431,-4.82357
3830,22.607534,11.732914,6.222896,-4.703384
3831,22.880344,11.42174,6.59161,-4.576385
3832,23.141479,11.083607,6.980373,-4.443619
3833,23.395245,10.723536,7.387087,-4.305931
3834,23.64777,10.349505,7.808962,-4.163628
3835,23.902374,9.967626,8.243883,-4.016579
3836,24.157177,9.578281,8.691879,-3.863754
3837,24.408733,9.178561,9.154126,-3.703384
3838,24.655518,8.76654,9.630518,-3.533302
3839,24.899153,8.344679,10.118312,-3.351921
3840,25.142776,7.919396,10.612569,-3.15963
3841,25.388283,7.497744,11.107369,-2.959579
3842,25.634954,7.083351,11.598643,-2.755463
3843,25.881117,6.676502,12.085404,-2.549385
3844,26.127617,6.277542,12.569564,-2.341515
3845,26.37641,5.887325,13.05421,-2.130867
3846,26.628431,5.507613,13.540039,-1.916397
3847,26.883595,5.142611,14.021903,-1.69825
3848,27.142513,4.798014,14.491793,-1.477509
3849,27.406118,4.477489,14.94403,-1.255554
3850,27.674768,4.182081,15.37678,-1.033699
3851,27.947205,3.910742,15.7911,-0.812675
3852,28.220757,3.660757,16.189356,-0.592438
3853,28.491493,3.429045,16.571543,-0.373741
3854,28.754847,3.214632,16.932087,-0.160347
3855,29.006929,3.018453,17.263353,0.041458
3856,29.245741,2.840875,17.562222,0.225471
3857,29.470722,2.679461,17.831345,0.387581
3858,29.680809,2.528283,18.075846,0.526329
3859,29.877062,2.3842,18.298599,0.641525
3860,30.063604,2.250618,18.497572,0.732735
3861,30.243946,2.132172,18.66795,0.7994
3862,30.418583,2.029875,18.80617,0.841431
3863,30.587875,1.944103,18.910831,0.858269
3864,30.752831,1.875763,18.982773,0.848679
3865,30.912964,1.824099,19.025284,0.81179
3866,31.066195,1.787647,19.041517,0.746719
3867,31.210472,1.765499,19.033464,0.652748
3868,31.343285,1.754788,19.003912,0.530869
3869,31.462379,1.751418,18.9557,0.384117
3870,31.566439,1.752513,18.888643,0.216309
3871,31.65493,1.756493,18.800661,0.030655
3872,31.727337,1.761927,18.689978,-0.173309
3873,31.785339,1.769658,18.555344,-0.401604
3874,31.830399,1.780977,18.396416,-0.661697
3875,31.861052,1.795513,18.213482,-0.956635
3876,31.874279,1.810953,18.006989,-1.2836
3877,31.86977,1.82628,17.777859,-1.635468
3878,31.850655,1.844937,17.528227,-2.00322
3879,31.821886,1.871146,17.263008,-2.379395
3880,31.789865,1.906386,16.985786,-2.762207
3881,31.759214,1.953958,16.687906,-3.15834
3882,31.729307,2.019874,16.350668,-3.579605
3883,31.697397,2.106872,15.961981,-4.034988
3884,31.662682,2.210713,15.526506,-4.526093
3885,31.629084,2.324418,15.059909,-5.04882
3886,31.602676,2.441741,14.5788,-5.595474
3887,31.588779,2.558105,14.098415,-6.156578
3888,31.58993,2.668599,13.634027,-6.724899
3889,31.606632,2.766897,13.199993,-7.297783
3890,31.638687,2.846536,12.805789,-7.874954
3891,31.684504,2.905337,12.449333,-8.456665
3892,31.738447,2.945533,12.115697,-9.042946
3893,31.795227,2.970057,11.789332,-9.631592
3894,31.853552,2.976816,11.468819,-10.217911
3895,31.91572,2.959447,11.167439,-10.798134
3896,31.986464,2.914985,10.89965,-11.373772
3897,32.072258,2.84885,10.669215,-11.953148
3898,32.175243,2.765381,10.471918,-12.546585
3899,32.289436,2.658428,10.305535,-13.157486
3900,32.407028,2.518698,10.172103,-13.775688
3901,32.524353,2.342203,10.075786,-14.379944
3902,32.641384,2.129756,10.020843,-14.949158
3903,32.758633,1.881763,10.011423,-15.471687
3904,32.875088,1.594911,10.052527,-15.944084
3905,32.989975,1.265156,10.14959,-16.364998
3906,33.105759,0.892885,10.307809,-16.731079
3907,33.226707,0.481178,10.531599,-17.038002
3908,33.355244,0.032793,10.822365,-17.283073
3909,33.491196,-0.450687,11.179583,-17.464806
3910,33.632317,-0.969919,11.604953,-17.583099
3911,33.775181,-1.528193,12.102863,-17.639435
3912,33.917877,-2.127673,12.675742,-17.636452
3913,34.060848,-2.765885,13.319591,-17.579239
3914,34.206516,-3.434568,14.022002,-17.476662
3915,34.356773,-4.122274,14.763217,-17.338264
3916,34.511169,-4.819145,15.52278,-17.168427
3917,34.66856,-5.519716,16.289036,-16.965263
3918,34.830238,-6.220716,17.059084,-16.726677
3919,35.000912,-6.916996,17.832167,-16.454407
3920,35.187035,-7.601374,18.607159,-16.151443
3921,35.391533,-8.271483,19.385672,-15.816391
3922,35.61264,-8.931896,20.172604,-15.44075
3923,35.846512,-9.587251,20.969881,-15.012642
3924,36.090843,-10.235074,21.770794,-14.524376
3925,36.345268,-10.869304,22.564163,-13.973717
3926,36.608917,-11.487846,23.342098,-13.361298
3927,36.880035,-12.093142,24.102379,-12.690849
3928,37.158882,-12.687639,24.846708,-11.967697
3929,37.446907,-13.27396,25.578293,-11.19651
3930,37.74173,-13.859091,26.299419,-10.385811
3931,38.038548,-14.450475,27.008936,-9.55143
3932,38.334679,-15.051425,27.702837,-8.711273
3933,38.630421,-15.662029,28.376684,-7.878418
3934,38.926201,-16.282398,29.02829,-7.058998
3935,39.220276,-16.914898,29.659103,-6.253899
3936,39.510033,-17.563452,30.27372,-5.462509
3937,39.793602,-18.232641,30.878288,-4.685394
3938,40.0709,-18.926687,31.480234,-3.921562
3939,40.343967,-19.646919,32.085346,-3.169868
3940,40.616371,-20.389303,32.693752,-2.434723
3941,40.892399,-21.145456,33.299606,-1.727577
3942,41.174828,-21.909172,33.897587,-1.060616
3943,41.463161,-22.681177,34.488556,-0.43911
3944,41.754135,-23.468201,35.079323,0.140656
3945,42.046436,-24.276184,35.679012,0.689018
3946,42.34507,-25.104416,36.295891,1.219833
3947,42.660156,-25.945995,36.936146,1.748177
3948,42.997246,-26.795712,37.603172,2.286743
3949,43.34911,-27.656301,38.296619,2.839874
3950,43.699184,-28.535591,39.012989,3.400833
3951,44.032898,-29.438259,39.748642,3.953949
3952,44.343807,-30.363718,40.503639,4.476532
3953,44.630405,-31.312506,41.284676,4.945953
3954,44.892433,-32.289585,42.103149,5.353737
3955,45.130863,-33.299946,42.969021,5.710747
3956,45.346478,-34.345383,43.885578,6.037689
3957,45.539818,-35.422844,44.847599,6.353249
3958,45.71085,-36.526077,45.842999,6.66758
3959,45.859913,-37.650173,46.860081,6.985832
3960,45.988171,-38.79863,47.899548,7.319832
3961,46.098797,-39.986435,48.982128,7.692238
3962,46.198643,-41.233997,50.141193,8.12384
3963,46.299038,-42.554317,51.404087,8.617355
3964,46.410675,-43.946178,52.778946,9.150482
3965,46.538944,-45.392441,54.252075,9.681389
3966,46.686253,-46.861584,55.792892,10.166954
3967,46.857388,-48.313847,57.362862,10.581238
3968,47.059799,-49.712147,58.926174,10.91938
3969,47.299694,-51.033813,60.460114,11.189209
3970,47.581261,-52.270321,61.955845,11.40052
3971,47.906437,-53.419033,63.410931,11.561401
3972,48.272675,-54.47868,64.823662,11.68309
3973,48.672924,-55.449558,66.19194,11.783607
3974,49.095997,-56.336552,67.515747,11.885353
3975,49.529224,-57.150375,68.801025,12.011513
3976,49.961029,-57.904514,70.058601,12.181808
3977,50.382515,-58.609692,71.297745,12.405563
3978,50.786934,-59.271599,72.521027,12.679436
3979,51.171715,-59.889793,73.724686,12.993187
3980,51.53978,-60.458004,74.901733,13.334778
3981,51.895302,-60.968994,76.044861,13.691597
3982,52.238857,-61.42197,77.150299,14.04982
3983,52.56823,-61.823334,78.22084,14.395149
3984,52.880173,-62.182655,79.264641,14.715363
3985,53.170906,-62.507847,80.290657,15.002647
3986,53.439526,-62.797768,81.304169,15.25396
3987,53.686825,-63.04261,82.305115,15.470901
3988,53.909504,-63.233185,83.289749,15.66066
3989,54.101719,-63.363907,84.252434,15.836922
3990,54.261902,-63.429882,85.186638,16.017418
3991,54.400837,-63.422211,86.083931,16.216797
3992,54.54195,-63.326462,86.933716,16.439346
3993,54.705612,-63.129986,87.726799,16.676666
3994,54.888962,-62.830967,88.457382,16.913635
3995,55.061619,-62.442356,89.122795,17.139351
3996,55.180794,-61.991829,89.725281,17.353355
3997,55.213387,-61.514893,90.274132,17.56041
3998,55.150208,-61.039368,90.780449,17.760933
3999,55.012173,-60.567627,91.24865,17.950325
4000,54.838451,-60.081997,91.677536,18.125641
4001,54.66375,-59.566177,92.067902,18.287979
4002,54.503105,-59.015167,92.422478,18.438759
4003,54.355621,-58.426636,92.740334,18.576385
4004,54.214813,-57.795361,93.016548,18.696205
4005,54.075497,-57.118092,93.247826,18.792763
4006,53.935619,-56.399212,93.436363,18.86116
4007,53.794811,-55.649532,93.588989,18.898918
4008,53.653103,-54.879948,93.713104,18.908707
4009,53.509148,-54.098152,93.812874,18.898911
4010,53.359707,-53.308094,93.888176,18.880905
4011,53.201347,-52.511215,93.936264,18.865448
4012,53.031597,-51.711082,93.956871,18.859787
4013,52.847977,-50.915932,93.955765,18.865974
4014,52.64883,-50.131432,93.938904,18.879776
4015,52.434948,-49.353046,93.904495,18.892006
4016,52.208981,-48.570137,93.845833,18.892517
4017,51.971203,-47.777534,93.758965,18.875031
4018,51.718647,-46.978489,93.644089,18.839005
4019,51.446033,-46.179726,93.502731,18.788582
4020,51.148663,-45.384045,93.33493,18.72879
4021,50.823116,-44.589474,93.139374,18.662712
4022,50.466824,-43.792767,92.914871,18.590485
4023,50.076248,-42.993626,92.662659,18.510765
4024,49.647823,-42.193966,92.386917,18.422707
4025,49.179649,-41.392792,92.089821,18.326111
4026,48.672295,-40.579304,91.764389,18.221527
4027,48.128384,-39.732628,91.394928,18.10994
4028,47.550629,-38.831398,90.965057,17.990967
4029,46.937916,-37.864754,90.464294,17.861755
4030,46.276844,-36.84203,89.891083,17.719116
4031,45.54631,-35.787804,89.252769,17.559715
4032,44.73835,-34.72229,88.563202,17.378677
4033,43.87064,-33.645306,87.835594,17.171082
4034,42.973598,-32.539261,87.074516,16.934921
4035,42.068897,-31.383339,86.273392,16.668846
4036,41.160568,-30.164873,85.418861,16.368309
4037,40.242176,-28.880548,84.497772,16.026878
4038,39.306564,-27.531275,83.501595,15.639931
4039,38.345821,-26.120699,82.426613,15.204979
4040,37.351742,-24.654852,81.274002,14.72007
4041,36.317036,-23.143768,80.05043,14.183525
4042,35.235245,-21.600893,78.764038,13.594032
4043,34.101597,-20.037254,77.41777,12.949532
4044,32.910042,-18.460955,76.008873,12.246704
4045,31.654181,-16.87661,74.533272,11.482376
4046,30.331993,-15.280259,72.985695,10.654007
4047,28.947294,-13.65732,71.358559,9.759575
4048,27.505707,-11.989932,69.644745,8.798355
4049,26.009916,-10.266255,67.839378,7.769188
4050,24.462049,-8.478975,65.937408,6.666023
4051,22.867098,-6.619826,63.931416,5.476753
4052,21.229471,-4.680775,61.812309,4.186058
4053,19.549034,-2.658092,59.571331,2.777885
4054,17.823692,-0.552041,57.200397,1.232269
4055,16.057856,1.639058,54.691456,-0.47924
4056,14.268123,3.92141,52.035545,-2.39595
4057,12.480783,6.300494,49.222069,-4.571648
4058,10.726342,8.775256,46.242672,-7.074997
4059,9.033772,11.33504,43.100578,-9.978249
4060,7.426084,13.95907,39.816986,-13.342422
4061,5.914784,16.612522,36.431499,-17.207603
4062,4.492958,19.238228,33.002029,-21.581886
4063,3.136049,21.755333,29.607401,-26.421234
4064,1.806137,24.062368,26.353176,-31.6008
4065,0.457845,26.043653,23.377518,-36.89772
4066,-0.95188,27.583801,20.847425,-42.010334
4067,-2.453859,28.588129,18.936586,-46.609856
4068,-4.055536,29.00614,17.788462,-50.39587
4069,-5.73532,28.846704,17.478703,-53.152451
4070,-7.44153,28.184908,17.990425,-54.822491
4071,-9.099017,27.152029,19.216875,-55.561638
4072,-10.61767,25.91003,20.996384,-55.702461
4073,-11.9033,24.621777,23.160042,-55.63316
4074,-12.86973,23.42989,25.566809,-55.669765
4075,-13.44998,22.44488,28.11865,-55.981224
4076,-13.604676,21.737324,30.761847,-56.576706
4077,-13.328695,21.33239,33.47847,-57.3396
4078,-12.653937,21.207184,36.27269,-58.092789
4079,-11.645947,21.293663,39.158154,-58.671349
4080,-10.39476,21.490788,42.147522,-58.973579
4081,-8.999458,21.687933,45.242897,-58.977928
4082,-7.547773,21.793665,48.42955,-58.733307
4083,-6.100537,21.753275,51.678158,-58.33297
4084,-4.686793,21.549093,54.954948,-57.874706
4085,-3.311051,21.18762,58.232956,-57.424484
4086,-1.963979,20.685797,61.497929,-57.006874
4087,-0.634219,20.058176,64.747032,-56.621353
4088,0.683764,19.307972,67.981491,-56.267387
4089,1.98419,18.422874,71.198769,-55.958149
4090,3.251323,17.379894,74.391663,-55.712326
4091,4.465191,16.15386,77.551453,-55.541153
4092,5.606955,14.721233,80.670959,-55.44836
4093,6.66228,13.061708,83.745316,-55.439369
4094,7.630979,11.172763,86.767143,-55.522388
4095,8.537338,9.085307,89.721397,-55.701653
4096,9.427878,6.860965,92.587456,-55.974865
4097,10.357071,4.575017,95.344353,-56.330536
4098,11.36767,2.29784,97.970543,-56.737968
4099,12.475632,0.07669,100.444122,-57.142887
4100,13.666201,-2.080037,102.75161,-57.48571
4101,14.907815,-4.199388,104.897934,-57.728981
4102,16.176584,-6.313968,106.902206,-57.863426
4103,17.470015,-8.432194,108.782166,-57.895256
4104,18.80596,-10.529775,110.543121,-57.838394
4105,20.208694,-12.563233,112.176682,-57.713329
4106,21.693506,-14.491867,113.66787,-57.541687
4107,23.264355,-16.287903,115.003296,-57.338024
4108,24.917923,-17.936935,116.175964,-57.10743
4109,26.644833,-19.436802,117.186691,-56.845886
4110,28.430767,-20.794121,118.044525,-56.531097
4111,30.265055,-22.013796,118.765564,-56.116749
4112,32.14386,-23.097143,119.366928,-55.562008
4113,34.059078,-24.056358,119.860382,-54.870998
4114,35.991791,-24.919333,120.252357,-54.084663
4115,37.919533,-25.71422,120.545845,-53.243038
4116,39.826553,-26.456049,120.741905,-52.368324
4117,41.704201,-27.151056,120.843796,-51.470352
4118,43.547256,-27.803902,120.859993,-50.553749
4119,45.35437,-28.414917,120.802299,-49.61916
4120,47.121204,-28.986506,120.684509,-48.663166
4121,48.831093,-29.534229,120.524063,-47.679195
4122,50.451488,-30.091944,120.343002,-46.661037
4123,51.94302,-30.703497,120.165314,-45.60881
4124,53.280151,-31.400013,120.010353,-44.535835
4125,54.469059,-32.178005,119.887573,-43.466236
4126,55.542973,-33.000607,119.79557,-42.425491
4127,56.540955,-33.818916,119.726364,-41.42907
4128,57.490513,-34.59428,119.671661,-40.481426
4129,58.401489,-35.312748,119.627396,-39.582958
4130,59.274582,-35.979019,119.592873,-38.73703
4131,60.113731,-36.597408,119.565887,-37.951679
4132,60.934814,-37.156593,119.538635,-37.23698
4133,61.763668,-37.630268,119.498055,-36.601322
4134,62.620182,-37.996986,119.43187,-36.050121
4135,63.491093,-38.273129,119.338562,-35.587322
4136,64.330414,-38.513611,119.229172,-35.216419
4137,65.091713,-38.775589,119.11824,-34.942295
4138,65.753983,-39.085995,119.014366,-34.772205
4139,66.321053,-39.439705,118.917953,-34.71336
4140,66.809044,-39.814659,118.824104,-34.770332
4141,67.233307,-40.190842,118.727921,-34.940178
4142,67.603973,-40.560726,118.627892,-35.212086
4143,67.925797,-40.930882,118.525314,-35.578106
4144,68.201576,-41.313889,118.421928,-36.038128
4145,68.43602,-41.716358,118.31916,-36.584438
4146,68.636139,-42.133316,118.218208,-37.190922
4147,68.812302,-42.546944,118.119392,-37.823345
4148,68.975136,-42.93576,118.024323,-38.452347
4149,69.132416,-43.284882,117.939873,-39.055885
4150,69.291046,-43.585724,117.877045,-39.619526
4151,69.458885,-43.832993,117.847984,-40.136047
4152,69.641182,-44.029011,117.864922,-40.604839
4153,69.837646,-44.185074,117.938446,-41.030006
4154,70.045265,-44.315052,118.074043,-41.420177
4155,70.256874,-44.432949,118.270836,-41.788395
4156,70.462448,-44.549103,118.523697,-42.137581
4157,70.652657,-44.669632,118.827316,-42.439125
4158,70.823013,-44.800461,119.181534,-42.63385
4159,70.971519,-44.95179,119.591866,-42.661644
4160,71.096725,-45.134209,120.064003,-42.483425
4161,71.198799,-45.352829,120.596344,-42.089676
4162,71.279419,-45.607574,121.176666,-41.509914
4163,71.34053,-45.894939,121.782394,-40.81361
4164,71.383606,-46.209007,122.387199,-40.081226
4165,71.410759,-46.542931,122.970528,-39.361172
4166,71.42556,-46.890617,123.521919,-38.649082
4167,71.42971,-47.25111,124.04055,-37.90414
4168,71.421127,-47.629364,124.531334,-37.085892
4169,71.39904,-48.026417,124.996078,-36.182037
4170,71.36837,-48.433098,125.428169,-35.207382
4171,71.336159,-48.83873,125.816002,-34.184284
4172,71.308159,-49.240005,126.150955,-33.117603
4173,71.288879,-49.640194,126.432449,-31.983627
4174,71.281715,-50.045143,126.666595,-30.748711
4175,71.28524,-50.461876,126.859528,-29.393055
4176,71.291779,-50.897079,127.012932,-27.911091
4177,71.287697,-51.359604,127.126991,-26.308857
4178,71.259705,-51.85928,127.201065,-24.61924
4179,71.202934,-52.399757,127.227692,-22.913284
4180,71.120651,-52.977047,127.190437,-21.281059
4181,71.018127,-53.584881,127.070511,-19.795235
4182,70.902138,-54.213982,126.850632,-18.491318
4183,70.78363,-54.848423,126.51506,-17.371643
4184,70.673958,-55.470974,126.051094,-16.421432
4185,70.580009,-56.068733,125.450386,-15.621529
4186,70.502914,-56.636665,124.709366,-14.956093
4187,70.439758,-57.177757,123.829079,-14.41375
4188,70.386284,-57.698112,122.814148,-13.987152
4189,70.340805,-58.199818,121.671219,-13.672234
4190,70.304375,-58.67907,120.407883,-13.461983
4191,70.280121,-59.125851,119.03167,-13.335304
4192,70.270393,-59.52813,117.548347,-13.252518
4193,70.275848,-59.877979,115.962029,-13.167992
4194,70.295914,-60.174511,114.276756,-13.043678
4195,70.329964,-60.41983,112.495583,-12.850975
4196,70.377815,-60.612236,110.61882,-12.564056
4197,70.437706,-60.746151,108.647385,-12.157448
4198,70.503899,-60.818367,106.588135,-11.609993
4199,70.569115,-60.832302,104.455605,-10.913345
4200,70.628906,-60.795059,102.268341,-10.075279
4201,70.683868,-60.712162,100.042976,-9.11657
4202,70.737366,-60.588261,97.790207,-8.068207
4203,70.793541,-60.428978,95.516556,-6.967949
4204,70.854172,-60.240761,93.228592,-5.855164
4205,70.91732,-60.022488,90.928894,-4.765755
4206,70.979088,-59.755268,88.604675,-3.731041
4207,71.035378,-59.41106,86.230042,-2.789223
4208,71.081276,-58.977509,83.787071,-1.994011
4209,71.114548,-58.463131,81.276649,-1.405396
4210,71.13475,-57.887032,78.71077,-1.069641
4211,71.143379,-57.266109,76.101265,-1.010239
4212,71.142517,-56.609734,73.453636,-1.229469
4213,71.136154,-55.917782,70.767365,-1.709511
4214,71.128273,-55.185898,68.041893,-2.407669
4215,71.119049,-54.413189,65.282135,-3.257889
4216,71.104378,-53.605373,62.502029,-4.179268
4217,71.08036,-52.772366,59.727192,-5.089302
4218,71.048782,-51.923512,56.993271,-5.92363
4219,71.014786,-51.069431,54.342854,-6.65313
4220,70.981064,-50.223076,51.815838,-7.288193
4221,70.946693,-49.394001,49.433788,-7.870445
4222,70.909264,-48.585674,47.199146,-8.454643
4223,70.868141,-47.798012,45.111916,-9.087585
4224,70.824356,-47.030834,43.18206,-9.791893
4225,70.777695,-46.28587,41.427959,-10.562912
4226,70.725128,-45.56657,39.869488,-11.378746
4227,70.661034,-44.87664,38.52314,-12.209702
4228,70.580643,-44.217617,37.400082,-13.021713
4229,70.482368,-43.587044,36.503006,-13.783936
4230,70.368835,-42.977348,35.822289,-14.484314
4231,70.245384,-42.37817,35.335613,-15.141594
4232,70.118507,-41.779392,35.010834,-15.799431
4233,69.994614,-41.170422,34.809605,-16.500603
4234,69.879669,-40.5378,34.6917,-17.261635
4235,69.778641,-39.865868,34.623276,-18.058838
4236,69.692261,-39.139935,34.590199,-18.811012
4237,69.615479,-38.346024,34.616547,-19.350014
4238,69.540001,-37.470097,34.783161,-19.396957
4239,69.462074,-36.501011,35.238235,-18.575966
4240,69.387115,-35.440487,36.184086,-16.51136
4241,69.327621,-34.315769,37.821697,-13.033096
4242,69.293121,-33.190125,40.258022,-8.368172
4243,69.27697,-32.164421,43.430893,-3.082077
4244,69.241165,-31.372129,47.113613,2.200043
4245,69.118469,-30.960167,51.003422,6.999733
4246,68.84671,-31.04421,54.834518,11.022575
4247,68.423485,-31.643997,58.450062,14.138931
4248,67.938065,-32.649235,61.810532,16.360931
4249,67.536072,-33.871929,64.961723,17.80632
4250,67.34108,-35.145702,67.98687,18.649025
4251,67.402367,-36.377449,70.953087,19.067734
4252,67.69754,-37.529373,73.872719,19.207611
4253,68.159218,-38.589252,76.703247,19.168686
4254,68.701317,-39.557178,79.378098,19.022148
4255,69.244812,-40.433266,81.831863,18.833839
4256,69.732925,-41.209637,84.00882,18.668457
4257,70.130531,-41.877609,85.874054,18.576759
4258,70.417427,-42.439556,87.426544,18.588448
4259,70.583801,-42.910454,88.69738,18.716064
4260,70.62748,-43.310532,89.734283,18.959602
4261,70.553177,-43.65873,90.587074,19.309425
4262,70.371269,-43.974083,91.30011,19.747032
4263,70.095375,-44.281143,91.911995,20.244507
4264,69.741974,-44.608547,92.458076,20.765823
4265,69.330299,-44.980812,92.970322,21.271339
4266,68.882133,-45.411495,93.474648,21.722816
4267,68.421394,-45.900631,93.98674,22.088326
4268,67.972565,-46.434078,94.506821,22.345947
4269,67.556297,-46.989902,95.021332,22.484344
4270,67.184799,-47.550198,95.512413,22.500679
4271,66.862885,-48.104336,95.964836,22.400703
4272,66.592552,-48.642612,96.367378,22.201256
4273,66.374405,-49.151478,96.715866,21.933289
4274,66.208138,-49.612392,97.014282,21.639732
4275,66.092285,-50.005695,97.262375,21.360077
4276,66.024811,-50.317184,97.443008,21.110947
4277,66.00267,-50.544285,97.532867,20.888931
4278,66.020279,-50.696095,97.52636,20.694557
4279,66.068161,-50.785995,97.442863,20.546242
4280,66.13282,-50.826111,97.310516,20.468933
4281,66.199486,-50.825245,97.144463,20.473656
4282,66.255096,-50.789211,96.941742,20.550926
4283,66.290909,-50.722271,96.69516,20.682205
4284,66.304558,-50.62907,96.409096,20.856819
4285,66.295837,-50.518444,96.100502,21.072258
4286,66.265205,-50.399681,95.785294,21.314484
4287,66.213783,-50.278702,95.466988,21.54847
4288,66.145187,-50.157677,95.139267,21.734566
4289,66.063873,-50.038719,94.795662,21.849213
4290,65.974495,-49.924408,94.434479,21.888634
4291,65.88092,-49.818859,94.060165,21.861397
4292,65.785576,-49.726372,93.680565,21.779457
4293,65.68988,-49.648296,93.301552,21.651932
4294,65.594856,-49.580589,92.922859,21.48526
4295,65.50087,-49.514889,92.537415,21.287285
4296,65.407402,-49.442207,92.134964,21.068459
4297,65.31192,-49.358917,91.709999,20.839256
4298,65.209602,-49.269905,91.266731,20.605865
4299,65.096611,-49.182831,90.814529,20.369202
4300,64.972153,-49.100597,90.359283,20.13308
4301,64.839462,-49.017769,89.89975,19.913841
4302,64.704865,-48.923847,89.429802,19.737701
4303,64.576378,-48.807625,88.941513,19.628571
4304,64.460556,-48.662239,88.42881,19.593872
4305,64.357773,-48.491577,87.893112,19.613396
4306,64.262825,-48.309494,87.345245,19.645058
4307,64.169014,-48.131924,86.800392,19.649971
4308,64.072479,-47.967949,86.269318,19.61013
4309,63.972404,-47.818237,85.753448,19.524841
4310,63.869335,-47.678452,85.247444,19.400764
4311,63.763783,-47.543491,84.746231,19.247902
4312,63.655758,-47.410534,84.249207,19.077896
4313,63.544514,-47.280735,83.758232,18.901131
4314,63.428741,-47.157829,83.273659,18.724091
4315,63.307484,-47.044289,82.792702,18.549133
4316,63.180237,-46.939491,82.311485,18.376007
4317,63.047779,-46.839428,81.827805,18.204224
4318,62.91412,-46.736187,81.341148,18.034569
4319,62.785286,-46.621273,80.851067,17.867569
4320,62.665863,-46.490952,80.356674,17.701515
4321,62.556702,-46.348686,79.858299,17.534019
4322,62.455811,-46.200817,79.35881,17.3657
4323,62.360226,-46.051033,78.862213,17.202087
4324,62.270107,-45.896027,78.3703,17.051437
4325,62.187298,-45.729572,77.880714,16.918465
4326,62.111134,-45.549225,77.388161,16.799255
4327,62.0387,-45.357075,76.888161,16.682594
4328,61.967468,-45.1572,76.380325,16.557663
4329,61.895546,-44.955303,75.867882,16.421097
4330,61.821453,-44.757023,75.353706,16.277161
4331,61.745567,-44.56464,74.839958,16.134178
4332,61.669273,-44.378834,74.333099,16.00177
4333,61.594357,-44.199986,73.84407,15.887703
4334,61.522217,-44.027863,73.380775,15.79422
4335,61.454857,-43.858227,72.940613,15.717499
4336,61.392956,-43.685608,72.512772,15.650833
4337,61.33453,-43.509304,72.089211,15.589142
4338,61.275181,-43.336365,71.671799,15.531143
4339,61.211899,-43.173386,71.265564,15.477196
4340,61.144402,-43.018948,70.868683,15.425606
4341,61.072903,-42.865807,70.471855,15.371613
4342,60.996796,-42.708035,70.066582,15.310349
4343,60.916683,-42.543728,69.651482,15.238968
4344,60.834698,-42.374748,69.231743,15.155373
4345,60.752533,-42.207302,68.817566,15.057274
4346,60.670403,-42.049622,68.420609,14.941689
4347,60.588745,-41.905357,68.047127,14.805481
4348,60.508839,-41.771408,67.694939,14.648933
4349,60.432816,-41.641796,67.357063,14.479126
4350,60.363422,-41.511108,67.026459,14.309044
4351,60.301624,-41.376228,66.698555,14.154449
4352,60.243999,-41.238132,66.371666,14.028267
4353,60.18573,-41.100731,66.046768,13.934113
4354,60.125168,-40.96693,65.725883,13.866867
4355,60.065258,-40.833801,65.408943,13.818542
4356,60.009834,-40.694904,65.09446,13.782349
4357,59.960346,-40.546795,64.783089,13.753502
4358,59.913532,-40.393284,64.478416,13.728355
4359,59.863396,-40.240948,64.182404,13.703392
4360,59.80714,-40.090736,63.891041,13.674683
4361,59.747162,-39.937813,63.59684,13.639603
4362,59.687389,-39.777966,63.294804,13.599472
4363,59.62851,-39.613537,62.986427,13.560646
4364,59.568291,-39.452049,62.678616,13.531609
4365,59.506645,-39.298523,62.378883,13.520142
4366,59.446079,-39.153053,62.092621,13.532967
4367,59.389336,-39.012665,61.822514,13.574028
4368,59.338314,-38.872822,61.567776,13.639442
4369,59.293087,-38.729969,61.325706,13.714684
4370,59.252552,-38.583954,61.095188,13.782349
4371,59.214275,-38.439548,60.87682,13.834152
4372,59.174694,-38.303379,60.669022,13.872276
4373,59.131523,-38.177097,60.465782,13.900604
4374,59.08588,-38.05471,60.258808,13.917389
4375,59.041973,-37.92709,60.042877,13.916199
4376,59.004742,-37.787708,59.818836,13.893196
4377,58.97501,-37.637543,59.591469,13.851624
4378,58.948326,-37.484703,59.366631,13.800407
4379,58.920208,-37.338287,59.149128,13.750526
4380,58.889973,-37.20332,58.941753,13.713196
4381,58.858418,-37.081429,58.74474,13.69812
4382,58.824581,-36.971863,58.555237,13.709465
4383,58.785652,-36.872746,58.368958,13.742302
4384,58.739635,-36.782486,58.184906,13.783943
4385,58.688633,-36.698448,58.007324,13.821976
4386,58.63905,-36.614979,57.8409,13.852982
4387,58.596977,-36.524906,57.684322,13.882439
4388,58.564911,-36.422775,57.530891,13.916382
4389,58.539063,-36.310066,57.374935,13.954361
4390,58.512177,-36.194244,57.215847,13.98999
4391,58.477669,-36.083862,57.055557,14.016495
4392,58.432957,-35.984615,56.895367,14.031776
4393,58.378265,-35.899578,56.736496,14.039757
4394,58.315441,-35.830021,56.582947,14.047577
4395,58.247974,-35.774372,56.439548,14.060997
4396,58.180214,-35.728355,56.306866,14.082024
4397,58.117466,-35.683968,56.179653,14.109009
4398,58.062393,-35.634869,56.051968,14.137466
4399,58.0135,-35.579475,55.920795,14.160706
4400,57.967319,-35.519203,55.785007,14.171997
4401,57.922382,-35.454502,55.645004,14.168289
4402,57.878838,-35.385643,55.503876,14.151436
4403,57.837959,-35.313332,55.367142,14.12616
4404,57.800961,-35.23888,55.239281,14.097069
4405,57.769127,-35.162544,55.121044,14.067101
4406,57.7425,-35.084763,55.010242,14.037018
4407,57.719166,-35.007404,54.904011,14.006126
4408,57.696621,-34.932499,54.799194,13.973053
4409,57.672928,-34.861084,54.693386,13.936935
4410,57.647297,-34.793835,54.587505,13.899101
4411,57.620167,-34.731411,54.485531,13.863411
4412,57.592541,-34.673424,54.391262,13.834412
4413,57.5648,-34.61982,54.306442,13.814003
4414,57.535545,-34.57188,54.229763,13.799034
4415,57.502834,-34.530205,54.156521,13.782578
4416,57.467113,-34.490757,54.080162,13.757896
4417,57.431187,-34.446987,53.996712,13.721649
4418,57.397751,-34.394363,53.907513,13.674599
4419,57.367481,-34.332512,53.817539,13.621307
4420,57.338089,-34.265442,53.731491,13.567841
4421,57.305565,-34.199883,53.651112,13.518036
4422,57.266788,-34.142395,53.575821,13.470856
4423,57.222404,-34.095276,53.504299,13.421738
4424,57.175274,-34.057003,53.434719,13.365356
4425,57.127022,-34.025391,53.36496,13.297569
4426,57.077019,-34.000286,53.294407,13.21582
4427,57.023293,-33.982738,53.224621,13.118599
4428,56.964783,-33.971951,53.157619,13.004738
4429,56.902515,-33.963837,53.093498,12.872299
4430,56.839855,-33.951233,53.02911,12.71611
4431,56.781685,-33.926483,52.959049,12.528084
4432,56.731041,-33.88562,52.87764,12.30188
4433,56.685734,-33.83173,52.781422,12.036011
4434,56.639194,-33.773373,52.671612,11.732872
4435,56.586452,-33.717991,52.554295,11.396797
4436,56.528076,-33.667664,52.437469,11.033508
4437,56.468494,-33.621189,52.328403,10.651657
4438,56.411919,-33.576805,52.231644,10.263603
4439,56.359966,-33.532452,52.147011,9.883888
4440,56.311146,-33.486023,52.069893,9.528084
4441,56.262524,-33.435688,51.994801,9.212891
4442,56.212391,-33.379116,51.918232,8.951889
4443,56.159508,-33.314762,51.839123,8.748428
4444,56.103195,-33.241234,51.757126,8.594231
4445,56.0434,-33.157207,51.671375,8.475021
4446,55.981739,-33.060287,51.579494,8.375679
4447,55.921055,-32.947617,51.477665,8.283279
4448,55.86216,-32.818825,51.361996,8.188591
4449,55.802013,-32.678329,51.231323,8.085068
4450,55.734035,-32.536263,51.089397,7.967758
4451,55.652363,-32.403107,50.943592,7.834732
4452,55.555756,-32.282494,50.801186,7.688934
4453,55.449974,-32.166981,50.666393,7.53756
4454,55.343105,-32.045269,50.540398,7.388474
4455,55.24115,-31.91069,50.422768,7.246483
4456,55.14452,-31.764559,50.312046,7.112709
4457,55.049496,-31.610453,50.203995,6.986664
4458,54.951897,-31.447783,50.090862,6.868118
4459,54.84906,-31.27154,49.963989,6.757355
4460,54.739925,-31.076242,49.817253,6.65432
4461,54.623692,-30.860405,49.650337,6.558807
4462,54.499981,-30.626564,49.468475,6.471046
4463,54.370174,-30.377766,49.278561,6.390549
4464,54.235397,-30.11647,49.084293,6.314674
4465,54.094196,-29.845728,48.885773,6.240013
4466,53.944904,-29.567835,48.682087,6.164314
4467,53.786316,-29.284336,48.472939,6.086433
4468,53.619595,-28.994452,48.258461,6.006432
4469,53.447285,-28.695414,48.037441,5.925285
4470,53.271801,-28.382919,47.805916,5.843376
4471,53.092705,-28.055096,47.559345,5.760551
4472,52.906696,-27.714169,47.295559,5.677429
4473,52.707653,-27.36569,47.01482,5.595398
4474,52.48756,-27.016792,46.719311,5.516304
4475,52.238304,-26.674,46.411922,5.442574
4476,51.955208,-26.34071,46.093674,5.375732
4477,51.644173,-26.012737,45.763622,5.314713
4478,51.322327,-25.678349,45.422501,5.256454
4479,51.009754,-25.323519,45.074123,5.19828
4480,50.718243,-24.939442,44.721729,5.138649
4481,50.447605,-24.526308,44.365425,5.076309
4482,50.190304,-24.090813,44.003223,5.010796
4483,49.937447,-23.642664,43.633953,4.943817
4484,49.682396,-23.191385,43.259388,4.878777
4485,49.421928,-22.743958,42.883579,4.818138
4486,49.154453,-22.303724,42.508888,4.761826
4487,48.877453,-21.86952,42.132523,4.707062
4488,48.587017,-21.435612,41.747124,4.649551
4489,48.280029,-20.993145,41.343403,4.585403
4490,47.958263,-20.530773,40.912281,4.511528
4491,47.627357,-20.039997,40.448883,4.425308
4492,47.294167,-19.519205,39.954983,4.324944
4493,46.964993,-18.972616,39.436493,4.21032
4494,46.645439,-18.404972,38.899216,4.08374
4495,46.336571,-17.821514,38.348427,3.950493
4496,46.034843,-17.229492,37.790958,3.816696
4497,45.733768,-16.638617,37.234089,3.685463
4498,45.426914,-16.055994,36.681782,3.556404
4499,45.109734,-15.483095,36.134968,3.428497
4500,44.780491,-14.917188,35.593094,3.300545
4501,44.437614,-14.356829,35.054153,3.169876
4502,44.079472,-13.803591,34.515186,3.033539
4503,43.706703,-13.260059,33.97504,2.890129
4504,43.324459,-12.725248,33.433498,2.738907
4505,42.940487,-12.192303,32.886692,2.577538
4506,42.562542,-11.64968,32.326939,2.403793
4507,42.196312,-11.086554,31.748102,2.21843
4508,41.840191,-10.501181,31.148357,2.024719
4509,41.486057,-9.900895,30.528387,1.82666
4510,41.126156,-9.295593,29.890862,1.628624
4511,40.758259,-8.692388,29.243185,1.435394
4512,40.382885,-8.097209,28.597549,1.251137
4513,39.998917,-7.516814,27.964855,1.076759
4514,39.604862,-6.955393,27.348068,0.908035
4515,39.203152,-6.40937,26.742094,0.737053
4516,38.800079,-5.869802,26.139076,0.55555
4517,38.402119,-5.32949,25.533556,0.357925
4518,38.01173,-4.786592,24.922564,0.142288
4519,37.628078,-4.2414,24.303072,-0.088737
4520,37.252365,-3.690169,23.669874,-0.329903
4521,36.886688,-3.12734,23.01815,-0.576874
4522,36.53014,-2.550912,22.347946,-0.826378
4523,36.17564,-1.964829,21.664616,-1.073143
4524,35.810238,-1.37742,20.974072,-1.31208
4525,35.420689,-0.797885,20.279873,-1.542557
4526,35.005562,-0.229056,19.583174,-1.768196
4527,34.576828,0.332123,18.88479,-1.993858
4528,34.150578,0.886899,18.188145,-2.222832
4529,33.740501,1.42968,17.50111,-2.455559
4530,33.353802,1.94993,16.833294,-2.690697
4531,32.98875,2.441612,16.188543,-2.927048
4532,32.636227,2.911248,15.559527,-3.163597
4533,32.285061,3.378903,14.929002,-3.398193
4534,31.926064,3.87345,14.27303,-3.628708
4535,31.552807,4.42377,13.565971,-3.85508
4536,31.163349,5.043339,12.794401,-4.078079
4537,30.764778,5.713381,11.975476,-4.297256
4538,30.371738,6.384329,11.155652,-4.511536
4539,29.995787,7.004006,10.382714,-4.720222
4540,29.635437,7.545067,9.677992,-4.923355
4541,29.279657,8.009995,9.033794,-5.121559
4542,28.919689,8.420825,8.428393,-5.315422
4543,28.555178,8.806049,7.839909,-5.505928
4544,28.191956,9.190919,7.252269,-5.694618
4545,27.833864,9.588748,6.65702,-5.882965
4546,27.480894,10.000636,6.053809,-6.070869
4547,27.134121,10.423718,5.447409,-6.256889
4548,26.796288,10.854784,4.844506,-6.438728
4549,26.468359,11.288984,4.251549,-6.612854
4550,26.149426,11.722391,3.671756,-6.775505
4551,25.839273,12.154245,3.104706,-6.925529
4552,25.539778,12.585407,2.54978,-7.064713
4553,25.252649,13.015303,2.008979,-7.195267
4554,24.9769,13.441777,1.485493,-7.317558
4555,24.708525,13.860532,0.98249,-7.42868
4556,24.444845,14.267694,0.502865,-7.52314
4557,24.187164,14.6634,0.04786,-7.596413
4558,23.93759,15.050359,-0.384149,-7.648712
4559,23.695671,15.429191,-0.795554,-7.684868
4560,23.460255,15.796783,-1.185778,-7.711006
4561,23.230591,16.147352,-1.551347,-7.731735
4562,23.004942,16.475721,-1.890497,-7.750076
4563,22.779663,16.779562,-2.205515,-7.76738
4564,22.552099,17.06028,-2.500696,-7.782837
4565,22.323669,17.322191,-2.778858,-7.792786
4566,22.098885,17.570848,-3.041128,-7.792542
4567,21.880875,17.810165,-3.288106,-7.779663
4568,21.669611,18.040436,-3.518799,-7.756371
4569,21.465418,18.260935,-3.729634,-7.728149
4570,21.27079,18.471653,-3.916079,-7.699684
4571,21.08955,18.673586,-4.075377,-7.672935
4572,20.923136,18.86618,-4.207509,-7.64846
4573,20.767443,19.044193,-4.314209,-7.626617
4574,20.614767,19.19858,-4.397105,-7.607544
4575,20.459675,19.32128,-4.454964,-7.589752
4576,20.30246,19.410446,-4.484215,-7.569603
4577,20.147425,19.472256,-4.483589,-7.543854
4578,19.997364,19.515123,-4.456447,-7.511971
4579,19.851917,19.54492,-4.408718,-7.474556
4580,19.709417,19.565638,-4.347362,-7.431908
4581,19.568005,19.580095,-4.279163,-7.384743
4582,19.427715,19.590063,-4.207893,-7.334167
4583,19.290951,19.595726,-4.132906,-7.280922
4584,19.162125,19.597233,-4.051063,-7.224869
4585,19.045513,19.594587,-3.958511,-7.164558
4586,18.943514,19.586266,-3.851244,-7.09819
4587,18.855244,19.569294,-3.727187,-7.026337
4588,18.777391,19.54195,-3.588299,-6.953232
4589,18.706728,19.506102,-3.440308,-6.885773
4590,18.641712,19.465691,-3.289486,-6.830627
4591,18.582388,19.424276,-3.139475,-6.790627
4592,18.528481,19.383093,-2.991202,-6.764435
4593,18.479574,19.342379,-2.844269,-6.748535
4594,18.436001,19.303268,-2.698053,-6.737946
4595,18.398916,19.268021,-2.550506,-6.725677
4596,18.369883,19.239391,-2.398848,-6.706116
4597,18.348991,19.218847,-2.242682,-6.678795
4598,18.334236,19.207594,-2.088521,-6.648514
4599,18.320942,19.2066,-1.948279,-6.621941
4600,18.306005,19.216726,-1.830703,-6.604065
4601,18.289278,19.236729,-1.734302,-6.595345
4602,18.272064,19.263725,-1.650299,-6.591476
4603,18.253794,19.292871,-1.56878,-6.58519
4604,18.231657,19.318497,-1.482407,-6.569489
4605,18.203342,19.337914,-1.387926,-6.540527
4606,18.16853,19.353094,-1.287455,-6.49984
4607,18.128748,19.369179,-1.188808,-6.453987
4608,18.086889,19.390263,-1.100381,-6.410271
4609,18.046337,19.416248,-1.024195,-6.372673
4610,18.009512,19.444632,-0.955993,-6.341309
4611,17.977085,19.474684,-0.891425,-6.313393
4612,17.947905,19.509163,-0.831246,-6.2854
4613,17.918928,19.55315,-0.781658,-6.255737
4614,17.886166,19.610685,-0.750271,-6.225883
4615,17.846664,19.679638,-0.738339,-6.197762
4616,17.80101,19.750416,-0.736729,-6.171288
4617,17.751709,19.807711,-0.729448,-6.14505
4618,17.700047,19.835131,-0.701406,-6.118073
4619,17.643806,19.820076,-0.644085,-6.089096
4620,17.580706,19.763147,-0.560723,-6.056953
4621,17.514139,19.683411,-0.466725,-6.022377
4622,17.452831,19.606422,-0.379011,-5.98745
4623,17.404526,19.546093,-0.303533,-5.952538
4624,17.372278,19.50337,-0.237243,-5.916794
4625,17.356981,19.476263,-0.177494,-5.880745
4626,17.356905,19.463133,-0.124765,-5.845612
4627,17.365843,19.464558,-0.081868,-5.811874
4628,17.374069,19.484823,-0.054161,-5.780045
4629,17.37318,19.526419,-0.046408,-5.751709
4630,17.364954,19.584383,-0.054106,-5.727844
4631,17.360949,19.647598,-0.06315,-5.707832
4632,17.370661,19.704811,-0.060445,-5.690567
4633,17.393497,19.750063,-0.04297,-5.675858
4634,17.420294,19.784462,-0.018167,-5.663971
4635,17.439072,19.811392,0.003572,-5.654449
4636,17.443233,19.833305,0.01666,-5.646431
4637,17.433544,19.851572,0.02138,-5.639107
4638,17.414625,19.868067,0.019774,-5.631721
4639,17.391119,19.884739,0.013028,-5.624168
4640,17.365374,19.901657,0.001826,-5.617447
4641,17.338362,19.917387,-0.012272,-5.612381
4642,17.310461,19.929615,-0.026371,-5.608162
4643,17.282427,19.937429,-0.038224,-5.6035
4644,17.254887,19.941734,-0.047163,-5.597847
4645,17.228439,19.944511,-0.053238,-5.591255
4646,17.203245,19.946455,-0.055041,-5.583878
4647,17.178736,19.946182,-0.049556,-5.576599
4648,17.153492,19.94125,-0.034223,-5.570946
4649,17.126291,19.930531,-0.009621,-5.567688
4650,17.095888,19.9147,0.019899,-5.566414
4651,17.060171,19.894951,0.047287,-5.566711
4652,17.01697,19.872129,0.065781,-5.568031
4653,16.967445,19.847618,0.072858,-5.568932
4654,16.9177,19.824553,0.071328,-5.567421
4655,16.875446,19.806341,0.066431,-5.562187
4656,16.845537,19.794544,0.062478,-5.55265
4657,16.828541,19.788383,0.061479,-5.539421
4658,16.822248,19.786407,0.06303,-5.524849
4659,16.823732,19.788553,0.064989,-5.512405
4660,16.829382,19.795788,0.064557,-5.504608
4661,16.83502,19.807734,0.059904,-5.502068
4662,16.837994,19.82271,0.050771,-5.504028
4663,16.836235,19.837189,0.037346,-5.509644
4664,16.8276,19.847216,0.019705,-5.517632
4665,16.808508,19.848742,-0.001935,-5.52565
4666,16.776543,19.840729,-0.027529,-5.531288
4667,16.731911,19.824867,-0.057344,-5.533813
4668,16.678053,19.804815,-0.091912,-5.533577
4669,16.623365,19.787687,-0.131736,-5.530197
4670,16.578856,19.782726,-0.177172,-5.522392
4671,16.552565,19.798607,-0.229013,-5.50943
4672,16.544764,19.842007,-0.289817,-5.492149
4673,16.547834,19.917927,-0.364715,-5.471855
4674,16.551344,20.028734,-0.459357,-5.449806
4675,16.54723,20.166649,-0.573032,-5.4282
4676,16.532988,20.30718,-0.692201,-5.411247
4677,16.511766,20.418709,-0.795811,-5.403648
4678,16.489296,20.483755,-0.869928,-5.407295
4679,16.46921,20.505392,-0.914806,-5.420471
4680,16.451872,20.498632,-0.940755,-5.439789
4681,16.434597,20.480047,-0.961284,-5.462662
4682,16.412668,20.461206,-0.987471,-5.487762
4683,16.383257,20.446129,-1.023829,-5.514
4684,16.348255,20.433197,-1.068479,-5.539185
4685,16.313572,20.421707,-1.118072,-5.560722
4686,16.284914,20.412971,-1.170555,-5.57711
4687,16.264452,20.405214,-1.223261,-5.588188
4688,16.250454,20.394173,-1.273518,-5.595169
4689,16.238302,20.37739,-1.321766,-5.601135
4690,16.223703,20.355614,-1.371264,-5.609901
4691,16.205154,20.331287,-1.425168,-5.62471
4692,16.18376,20.307415,-1.484986,-5.647659
4693,16.161016,20.286734,-1.550792,-5.679001
4694,16.135988,20.269915,-1.622331,-5.71656
4695,16.106026,20.255714,-1.699849,-5.757118
4696,16.069447,20.242781,-1.783733,-5.798866
4697,16.02837,20.232298,-1.873811,-5.841553
4698,15.988365,20.228487,-1.968886,-5.884171
4699,15.95439,20.23451,-2.065128,-5.923073
4700,15.92947,20.250587,-2.156416,-5.95401
4701,15.913968,20.274862,-2.23903,-5.976494
4702,15.905785,20.305052,-2.314249,-5.994354
4703,15.900401,20.337008,-2.385242,-6.011528
4704,15.893412,20.365236,-2.453477,-6.030045
4705,15.881762,20.384642,-2.518733,-6.051231
4706,15.862803,20.391644,-2.58022,-6.075745
4707,15.835405,20.385786,-2.636502,-6.102333
4708,15.80026,20.369204,-2.685769,-6.127861
4709,15.7611,20.346457,-2.727165,-6.149071
4710,15.721932,20.321007,-2.761261,-6.165024
4711,15.685327,20.294333,-2.790203,-6.178574
4712,15.652251,20.266657,-2.817097,-6.194527
4713,15.623277,20.237906,-2.843922,-6.216125
4714,15.598695,20.208864,-2.870469,-6.243408
4715,15.578569,20.182644,-2.896062,-6.274162
4716,15.562338,20.163301,-2.921587,-6.306015
4717,15.549456,20.153782,-2.949222,-6.337181
4718,15.539771,20.154345,-2.979793,-6.365623
4719,15.533753,20.162048,-3.01071,-6.389114
4720,15.532659,20.172438,-3.037074,-6.40554
4721,15.536349,20.180826,-3.055258,-6.413658
4722,15.543113,20.184975,-3.065561,-6.414131
4723,15.550717,20.18582,-3.071313,-6.40976
4724,15.558263,20.185865,-3.075406,-6.404343
4725,15.565063,20.185469,-3.078116,-6.400551
4726,15.5704,20.183598,-3.078815,-6.399704
4727,15.57218,20.178692,-3.07806,-6.402611
4728,15.569346,20.171305,-3.077169,-6.409523
4729,15.561823,20.163359,-3.077505,-6.41935
4730,15.550952,20.158087,-3.080842,-6.429955
4731,15.538132,20.157928,-3.088992,-6.439743
4732,15.524533,20.162819,-3.101688,-6.447922
4733,15.510722,20.169527,-3.115415,-6.453201
4734,15.497282,20.174004,-3.125304,-6.4543
4735,15.484875,20.173647,-3.127744,-6.450829
4736,15.474448,20.168938,-3.122087,-6.44416
4737,15.466724,20.161703,-3.109421,-6.436638
4738,15.461647,20.153189,-3.091462,-6.430267
4739,15.457945,20.144541,-3.071379,-6.426003
4740,15.453679,20.138374,-3.054693,-6.424713
4741,15.448274,20.138859,-3.046879,-6.427773
4742,15.442309,20.148773,-3.049968,-6.436455
4743,15.436726,20.167398,-3.061499,-6.450729
4744,15.432039,20.190947,-3.07653,-6.469177
4745,15.428154,20.215361,-3.090786,-6.490089
4746,15.424383,20.238823,-3.102337,-6.511818
4747,15.420655,20.2624,-3.111069,-6.532349
4748,15.417727,20.28783,-3.117328,-6.5495
4749,15.415752,20.314997,-3.12151,-6.561607
4750,15.414135,20.341953,-3.123896,-6.568123
4751,15.411448,20.365425,-3.124764,-6.570503
4752,15.405932,20.382612,-3.124563,-6.571877
4753,15.396634,20.393539,-3.124073,-6.575012
4754,15.384277,20.401176,-3.12363,-6.580406
4755,15.370754,20.408928,-3.122742,-6.586807
4756,15.358345,20.418625,-3.120711,-6.593102
4757,15.349129,20.430315,-3.117072,-6.599236
4758,15.344278,20.443174,-3.111911,-6.606224
4759,15.343821,20.456347,-3.105318,-6.615479
4760,15.345947,20.46818,-3.096756,-6.627632
4761,15.348427,20.476942,-3.085757,-6.641609
4762,15.349082,20.48119,-3.073039,-6.655457
4763,15.34626,20.481039,-3.061147,-6.667953
4764,15.33932,20.477896,-3.052137,-6.678345
4765,15.32978,20.47381,-3.045556,-6.686081
4766,15.320766,20.470139,-3.038682,-6.691422
4767,15.314791,20.466904,-3.028689,-6.695396
4768,15.312723,20.463995,-3.014829,-6.698586
4769,15.313969,20.462383,-2.999167,-6.700775
4770,15.31754,20.464357,-2.985666,-6.701622
4771,15.323543,20.472633,-2.977571,-6.701164
4772,15.332921,20.48852,-2.975355,-6.700012
4773,15.347352,20.511585,-2.976695,-6.699814
4774,15.367503,20.539154,-2.978016,-6.702782
4775,15.393514,20.56876,-2.976584,-6.70974
4776,15.424244,20.598686,-2.971603,-6.719574
4777,15.457291,20.627514,-2.96387,-6.730415
4778,15.489779,20.654343,-2.955183,-6.741127
4779,15.518878,20.678722,-2.947547,-6.751678
4780,15.542404,20.699762,-2.941413,-6.761795
4781,15.560585,20.717697,-2.93607,-6.770287
4782,15.575684,20.734003,-2.930766,-6.776062
4783,15.590635,20.750963,-2.925519,-6.778984
4784,15.606699,20.76885,-2.92005,-6.779213
4785,15.623623,20.786043,-2.913512,-6.77729
4786,15.638865,20.798557,-2.905056,-6.774086
4787,15.649543,20.80232,-2.894147,-6.770416
4788,15.654988,20.795712,-2.880768,-6.767632
4789,15.658267,20.781046,-2.86533,-6.767372
4790,15.664284,20.764103,-2.849076,-6.770187
4791,15.6752,20.750662,-2.834699,-6.775642
4792,15.688959,20.74338,-2.825465,-6.783577
4793,15.702416,20.742044,-2.823717,-6.794998
4794,15.713409,20.744417,-2.829941,-6.81176
4795,15.720918,20.747728,-2.843238,-6.834518
4796,15.723767,20.749342,-2.86219,-6.861229
4797,15.720744,20.747808,-2.885186,-6.887413
4798,15.711164,20.74267,-2.91022,-6.908447
4799,15.696691,20.734653,-2.934551,-6.921791
4800,15.681371,20.725006,-2.95498,-6.927666
4801,15.668582,20.714678,-2.97,-6.928596
4802,15.659066,20.704416,-2.980717,-6.928093
4803,15.651319,20.695349,-2.990384,-6.929283
4804,15.644003,20.689373,-3.003324,-6.934982
4805,15.636277,20.687405,-3.023291,-6.947067
4806,15.627434,20.688419,-3.051573,-6.964767
4807,15.617643,20.690071,-3.085632,-6.984474
4808,15.608224,20.689768,-3.120696,-7.002907
4809,15.601665,20.685987,-3.152459,-7.019844
4810,15.599174,20.678337,-3.178974,-7.037178
4811,15.597829,20.666498,-3.200932,-7.055504
4812,15.592695,20.651051,-3.220635,-7.07238
4813,15.580879,20.633722,-3.239526,-7.084503
4814,15.563106,20.616627,-3.256658,-7.0896
4815,15.541821,20.600662,-3.27028,-7.086952
4816,15.520217,20.585356,-3.279864,-7.07724
4817,15.500371,20.56859,-3.286233,-7.061653
4818,15.482794,20.54871,-3.291052,-7.040619
4819,15.467665,20.527117,-3.296695,-7.014359
4820,15.456829,20.507944,-3.305204,-6.984619
4821,15.452981,20.49375,-3.315629,-6.953613
4822,15.457386,20.483086,-3.323742,-6.921677
4823,15.46837,20.47216,-3.325141,-6.887321
4824,15.480858,20.456448,-3.317752,-6.849899
4825,15.489357,20.43305,-3.301477,-6.81089
4826,15.48986,20.401131,-3.27723,-6.771278
4827,15.480584,20.361357,-3.247233,-6.729797
4828,15.463283,20.315365,-3.213764,-6.684753
4829,15.442174,20.265171,-3.177962,-6.636238
4830,15.422398,20.213886,-3.140512,-6.586929
4831,15.407274,20.163795,-3.101703,-6.539955
4832,15.396789,20.113426,-3.060022,-6.496399
4833,15.390184,20.059948,-3.01196,-6.454933
4834,15.389603,20.004841,-2.954804,-6.413574
4835,15.399881,19.954504,-2.889033,-6.371941
4836,15.423721,19.914759,-2.81819,-6.33194
4837,15.458225,19.885784,-2.746597,-6.296188
4838,15.496862,19.862743,-2.677166,-6.265923
4839,15.532752,19.840017,-2.611651,-6.241104
4840,15.561316,19.814875,-2.551199,-6.221626
4841,15.581937,19.787188,-2.495436,-6.207352
4842,15.597495,19.756247,-2.440308,-6.197075
4843,15.612558,19.719864,-2.378957,-6.188553
4844,15.631136,19.67598,-2.305501,-6.179436
4845,15.655842,19.625456,-2.219205,-6.168678
4846,15.686055,19.57173,-2.125802,-6.158508
4847,15.717036,19.518347,-2.034017,-6.153069
4848,15.740505,19.466105,-1.950704,-6.15287
4849,15.749814,19.414711,-1.878717,-6.153336
4850,15.744706,19.365917,-1.818303,-6.148979
4851,15.732437,19.324226,-1.767655,-6.135719
4852,15.724566,19.293718,-1.721937,-6.109673
4853,15.729568,19.273483,-1.673787,-6.066803
4854,15.748449,19.258476,-1.616989,-6.00618
4855,15.775409,19.241549,-1.548177,-5.933105
4856,15.802392,19.215971,-1.467568,-5.857925
4857,15.822132,19.178123,-1.380437,-5.790474
4858,15.831589,19.129791,-1.29473,-5.736031
4859,15.83091,19.074265,-1.215392,-5.695038
4860,15.82246,19.013735,-1.140818,-5.6633
4861,15.810546,18.95046,-1.064568,-5.632996
4862,15.799325,18.88624,-0.978188,-5.594391
4863,15.791529,18.82189,-0.874667,-5.53952
4864,15.788786,18.757242,-0.750378,-5.465355
4865,15.792626,18.693333,-0.607453,-5.375076
4866,15.803842,18.634132,-0.455634,-5.277267
4867,15.820168,18.584536,-0.309824,-5.182167
4868,15.835933,18.545635,-0.182239,-5.097328
4869,15.846326,18.514416,-0.076315,-5.025429
4870,15.850459,18.487196,0.012006,-4.966003
4871,15.85051,18.462156,0.089087,-4.917244
4872,15.848402,18.437874,0.161317,-4.875793
4873,15.845775,18.413197,0.234824,-4.837051
4874,15.843205,18.386429,0.314878,-4.796356
4875,15.840425,18.355595,0.40508,-4.750488
4876,15.835602,18.318127,0.507391,-4.698334
4877,15.82819,18.275259,0.619328,-4.64164
4878,15.81978,18.234377,0.729798,-4.58551
4879,15.812727,18.204844,0.82354,-4.535698
4880,15.807136,18.190451,0.892018,-4.49456
4881,15.802187,18.18969,0.936859,-4.460762
4882,15.797297,18.198803,0.964922,-4.431679
4883,15.793823,18.215033,0.984422,-4.40419
4884,15.793168,18.235859,1.002733,-4.376251
4885,15.794932,18.257544,1.024534,-4.348808
4886,15.796394,18.274845,1.051401,-4.325447
4887,15.794372,18.283966,1.082269,-4.310043
4888,15.786114,18.283775,1.114708,-4.305298
4889,15.770945,18.27594,1.146624,-4.311745
4890,15.749967,18.263134,1.177305,-4.326141
4891,15.725234,18.247335,1.207461,-4.341866
4892,15.697826,18.228529,1.238188,-4.352493
4893,15.669209,18.207098,1.269637,-4.35482
4894,15.641047,18.185001,1.300853,-4.348045
4895,15.615517,18.165934,1.331295,-4.331413
4896,15.594231,18.153118,1.361592,-4.304253
4897,15.577405,18.147642,1.392734,-4.267242
4898,15.563057,18.148024,1.424503,-4.222687
4899,15.548152,18.151365,1.45521,-4.174286
4900,15.531021,18.155472,1.482891,-4.126785
4901,15.511666,18.159637,1.506449,-4.084702
4902,15.49036,18.163284,1.526759,-4.049873
4903,15.466034,18.164223,1.546061,-4.020981
4904,15.438295,18.160511,1.56736,-3.994545
4905,15.408632,18.151987,1.593712,-3.967094
4906,15.380817,18.141605,1.625959,-3.937874
4907,15.359467,18.135269,1.660953,-3.909576
4908,15.348164,18.138803,1.694131,-3.886078
4909,15.348368,18.153584,1.72419,-3.869484
4910,15.360777,18.176588,1.754465,-3.859123
4911,15.385232,18.20332,1.78941,-3.852707
4912,15.420051,18.231625,1.830047,-3.847839
4913,15.458732,18.260185,1.872777,-3.841782
4914,15.492175,18.287636,1.912159,-3.830276
4915,15.513907,18.312296,1.945238,-3.808372
4916,15.523219,18.333529,1.973065,-3.773918
4917,15.523157,18.352364,1.998234,-3.731369
4918,15.517735,18.371294,2.022268,-3.689774
4919,15.511726,18.394203,2.045178,-3.656075
4920,15.509264,18.424343,2.066274,-3.632019
4921,15.512198,18.462177,2.085552,-3.615646
4922,15.519601,18.504755,2.104108,-3.603546
4923,15.528393,18.547047,2.123107,-3.592598
4924,15.535842,18.584471,2.143476,-3.581139
4925,15.53965,18.613136,2.165795,-3.569969
4926,15.538637,18.631191,2.190027,-3.561134
4927,15.533258,18.640039,2.21554,-3.555344
4928,15.526302,18.644846,2.241148,-3.550713
4929,15.520751,18.651405,2.265525,-3.543999
4930,15.517719,18.663277,2.286787,-3.534081
4931,15.515569,18.680748,2.302899,-3.523483
4932,15.512038,18.702148,2.312999,-3.516052
4933,15.506884,18.725807,2.318236,-3.513847
4934,15.501841,18.750937,2.321324,-3.516106
4935,15.499543,18.777462,2.325437,-3.520531
4936,15.503106,18.80591,2.333262,-3.524788
4937,15.513404,18.836248,2.345851,-3.527061
4938,15.527335,18.867441,2.361691,-3.526016
4939,15.540846,18.898367,2.377729,-3.520798
4940,15.552846,18.929094,2.391485,-3.51207
4941,15.564687,18.960276,2.402112,-3.502892
4942,15.577574,18.992149,2.410173,-3.496758
4943,15.592489,19.025204,2.416581,-3.494926
4944,15.609118,19.05901,2.422243,-3.495888
4945,15.625525,19.091333,2.427757,-3.497231
4946,15.640302,19.119938,2.433456,-3.4981
4947,15.652869,19.143473,2.439443,-3.499992
4948,15.663707,19.161976,2.445812,-3.504364
4949,15.674528,19.177059,2.452576,-3.510757
4950,15.687843,19.191114,2.459991,-3.516914
4951,15.705647,19.206326,2.46867,-3.520149
4952,15.728354,19.223919,2.47905,-3.519325
4953,15.753963,19.243309,2.490783,-3.515923
4954,15.777714,19.261515,2.502769,-3.51207
4955,15.793667,19.27457,2.514252,-3.508438
4956,15.795821,19.278297,2.525335,-3.50528
4957,15.780911,19.270784,2.536615,-3.503235
4958,15.74945,19.253494,2.548347,-3.502853
4959,15.70592,19.231266,2.559743,-3.503662
4960,15.658869,19.210352,2.569961,-3.504204
4961,15.620183,19.196753,2.579649,-3.503029
4962,15.599185,19.192873,2.591166,-3.499191
4963,15.597476,19.196505,2.606753,-3.492371
4964,15.609386,19.202679,2.626495,-3.482841
4965,15.626404,19.2066,2.64842,-3.470848
4966,15.642742,19.205854,2.670636,-3.456062
4967,15.65619,19.199909,2.692491,-3.43763
4968,15.667349,19.190182,2.713784,-3.41523
4969,15.677913,19.179289,2.733989,-3.390495
4970,15.688768,19.169245,2.752559,-3.366158
4971,15.699445,19.160769,2.769377,-3.343552
4972,15.708171,19.15317,2.784552,-3.322227
4973,15.712627,19.144606,2.798449,-3.301727
4974,15.709635,19.1322,2.811416,-3.282799
4975,15.696401,19.113928,2.823268,-3.266533
4976,15.671672,19.088978,2.833778,-3.253006
4977,15.637367,19.057833,2.843669,-3.241631
4978,15.599717,19.023184,2.853974,-3.232117
4979,15.568449,18.990719,2.86433,-3.224739
4980,15.552876,18.967394,2.872851,-3.219498
4981,15.556148,18.956837,2.87792,-3.216194
4982,15.574711,18.957615,2.879899,-3.214584
4983,15.601211,18.963495,2.882416,-3.213173
4984,15.629746,18.967501,2.891435,-3.208237
4985,15.656727,18.964853,2.910552,-3.195999
4986,15.681259,18.956003,2.93727,-3.175476
4987,15.70297,18.943743,2.966215,-3.148811
4988,15.721385,18.929993,2.993994,-3.119064
4989,15.735199,18.914667,3.019439,-3.0886
4990,15.743907,18.898338,3.041943,-3.059189
4991,15.748405,18.882313,3.061689,-3.032562
4992,15.750431,18.867081,3.079764,-3.010101
4993,15.751382,18.85125,3.097941,-2.991592
4994,15.75251,18.832907,3.118139,-2.974937
4995,15.754914,18.81115,3.141914,-2.95755
4996,15.759432,18.787697,3.168788,-2.937538
4997,15.766121,18.765636,3.196594,-2.912971
4998,15.775077,18.747747,3.223367,-2.881912
4999,15.785774,18.735168,3.247692,-2.843987
5000,15.79742,18.727556,3.268283,-2.801781
5001,15.808103,18.722115,3.284569,-2.759705
5002,15.815365,18.714211,3.297381,-2.721848
5003,15.81811,18.700245,3.308671,-2.690186
5004,15.818223,18.680302,3.320598,-2.664299
5005,15.819545,18.657351,3.334843,-2.6427
5006,15.826033,18.635698,3.352096,-2.623917
5007,15.839602,18.619179,3.371647,-2.6064
5008,15.859687,18.609913,3.39181,-2.589249
5009,15.883131,18.607056,3.410392,-2.572906
5010,15.905951,18.608553,3.424964,-2.558342
5011,15.925735,18.613518,3.432915,-2.5467
5012,15.941957,18.621622,3.433128,-2.538544
5013,15.95608,18.633265,3.426286,-2.533691
5014,15.969769,18.6486,3.414728,-2.530907
5015,15.98327,18.666336,3.401681,-2.528488
5016,15.994978,18.683201,3.390342,-2.525223
5017,16.003466,18.69565,3.382675,-2.52108
5018,16.008327,18.700747,3.379292,-2.517578
5019,16.010265,18.69729,3.380545,-2.516525
5020,16.010574,18.686989,3.385958,-2.518532
5021,16.010359,18.673887,3.393523,-2.522438
5022,16.010134,18.661781,3.400925,-2.526199
5023,16.009119,18.651243,3.407372,-2.52829
5024,16.004995,18.639389,3.413471,-2.52784
5025,15.994794,18.622564,3.419766,-2.524666
5026,15.977197,18.599762,3.425809,-2.519302
5027,15.954044,18.573421,3.430968,-2.512268
5028,15.92915,18.546896,3.435277,-2.503403
5029,15.906599,18.52318,3.439238,-2.492416
5030,15.888136,18.503723,3.442932,-2.479279
5031,15.873597,18.489042,3.446182,-2.463928
5032,15.861107,18.477999,3.448859,-2.447334
5033,15.849018,18.469666,3.450425,-2.432419
5034,15.837231,18.464563,3.450096,-2.422607
5035,15.8262,18.463551,3.4476,-2.419579
5036,15.816116,18.466427,3.443589,-2.422844
5037,15.806962,18.471828,3.439412,-2.430634
5038,15.799171,18.47871,3.436288,-2.44075
5039,15.792152,18.485529,3.434999,-2.450912
5040,15.783902,18.490253,3.435284,-2.460007
5041,15.77168,18.490755,3.435803,-2.468887
5042,15.753258,18.485962,3.434803,-2.479118
5043,15.728493,18.477259,3.430886,-2.49189
5044,15.699196,18.467627,3.423494,-2.507622
5045,15.669028,18.460171,3.413414,-2.526245
5046,15.642287,18.456638,3.402973,-2.548439
5047,15.621754,18.457001,3.394828,-2.575554
5048,15.607625,18.460007,3.389445,-2.609131
5049,15.59894,18.46417,3.385307,-2.649567
5050,15.596361,18.468765,3.380802,-2.695717
5051,15.60234,18.474459,3.375057,-2.745354
5052,15.618492,18.483662,3.367022,-2.796318
5053,15.64225,18.49897,3.3548,-2.847076
5054,15.667974,18.52128,3.336484,-2.897133
5055,15.690596,18.548971,3.311487,-2.946953
5056,15.707678,18.578604,3.281135,-2.99752
5057,15.719764,18.607567,3.247704,-3.050232
5058,15.728342,18.63505,3.212661,-3.106392
5059,15.733245,18.660599,3.176021,-3.165718
5060,15.732834,18.683399,3.136427,-3.2267
5061,15.726856,18.704285,3.091943,-3.288445
5062,15.716788,18.72641,3.040287,-3.351875
5063,15.703925,18.752972,2.979122,-3.418701
5064,15.68776,18.784624,2.906323,-3.490028
5065,15.666441,18.819082,2.821679,-3.565384
5066,15.638156,18.852093,2.728114,-3.642952
5067,15.602551,18.879765,2.630196,-3.720978
5068,15.56069,18.900543,2.530496,-3.79866
5069,15.51455,18.915741,2.429026,-3.875488
5070,15.465702,18.928339,2.324391,-3.951477
5071,15.413973,18.941462,2.214481,-4.02758
5072,15.357831,18.957424,2.09682,-4.105316
5073,15.296399,18.976984,1.97036,-4.185547
5074,15.231177,18.999714,1.83691,-4.266953
5075,15.167733,19.026943,1.699515,-4.346794
5076,15.113772,19.06214,1.559939,-4.42289
5077,15.075194,19.108271,1.418125,-4.494919
5078,15.053163,19.164597,1.273887,-4.564323
5079,15.043118,19.223961,1.130717,-4.632706
5080,15.038093,19.274128,0.999017,-4.698799
5081,15.033295,19.303209,0.891502,-4.758842
5082,15.028282,19.307936,0.81119,-4.811226
5083,15.023961,19.294641,0.748339,-4.858398
5084,15.017859,19.271536,0.690583,-4.903488
5085,15.004298,19.244251,0.629121,-4.948906
5086,14.978621,19.216452,0.557008,-4.997932
5087,14.940928,19.192928,0.466026,-5.055496
5088,14.894524,19.17997,0.345619,-5.127403
5089,14.843088,19.183868,0.185937,-5.218002
5090,14.790503,19.207617,-0.013918,-5.327415
5091,14.740858,19.246611,-0.23777,-5.448601
5092,14.696389,19.289063,-0.458609,-5.569801
5093,14.654588,19.321232,-0.656318,-5.681534
5094,14.611085,19.334875,-0.825876,-5.780258
5095,14.563739,19.329239,-0.971301,-5.866364
5096,14.514874,19.310219,-1.100154,-5.942902
5097,14.469219,19.287457,-1.222661,-6.015305
5098,14.429532,19.270199,-1.349349,-6.088692
5099,14.394468,19.262861,-1.485504,-6.164742
5100,14.36165,19.263216,-1.627698,-6.242012
5101,14.329897,19.262629,-1.765075,-6.317947
5102,14.299515,19.252275,-1.886992,-6.390785
5103,14.271422,19.228899,-1.989033,-6.459671
5104,14.246262,19.193865,-2.071759,-6.52346
5105,14.225417,19.149712,-2.136941,-6.580551
5106,14.211366,19.099062,-2.187117,-6.62986
5107,14.206193,19.044895,-2.225476,-6.671143
5108,14.210211,18.990519,-2.255221,-6.705086
5109,14.221006,18.938011,-2.279822,-6.733467
5110,14.23454,18.8876,-2.302973,-6.758713
5111,14.24634,18.837812,-2.327968,-6.783463
5112,14.252856,18.786987,-2.357434,-6.810143
5113,14.253103,18.735346,-2.393256,-6.839912
5114,14.248863,18.68376,-2.434534,-6.871384
5115,14.244317,18.631882,-2.476508,-6.901909
5116,14.242996,18.578135,-2.513617,-6.930702
5117,14.245558,18.522011,-2.544228,-6.960022
5118,14.249557,18.464174,-2.570777,-6.993065
5119,14.250502,18.402824,-2.595506,-7.031219
5120,14.246078,18.33523,-2.618428,-7.073143
5121,14.238718,18.262316,-2.639108,-7.115784
5122,14.233296,18.188892,-2.658203,-7.156303
5123,14.233954,18.12014,-2.677017,-7.193542
5124,14.241881,18.058834,-2.696965,-7.22831
5125,14.25429,18.004633,-2.719761,-7.262314
5126,14.266023,17.955822,-2.74787,-7.297127
5127,14.273825,17.911997,-2.783629,-7.333633
5128,14.278361,17.874119,-2.826793,-7.371155
5129,14.281178,17.841251,-2.874476,-7.408005
5130,14.281278,17.809097,-2.924202,-7.443222
5131,14.276638,17.773571,-2.976371,-7.47863
5132,14.267582,17.734386,-3.032822,-7.518448
5133,14.258168,17.69577,-3.094106,-7.565742
5134,14.253776,17.663321,-3.158518,-7.619553
5135,14.257734,17.640631,-3.22351,-7.67527
5136,14.269056,17.625816,-3.285386,-7.726738
5137,14.282583,17.611103,-3.339435,-7.768822
5138,14.290763,17.586094,-3.382217,-7.798912
5139,14.288965,17.545378,-3.413677,-7.816689
5140,14.277043,17.490641,-3.436443,-7.823921
5141,14.259453,17.429472,-3.454607,-7.82502
5142,14.242523,17.370329,-3.471298,-7.825188
5143,14.23124,17.31848,-3.486974,-7.827354
5144,14.228025,17.275826,-3.500637,-7.831039
5145,14.232195,17.241867,-3.51301,-7.834335
5146,14.241545,17.215176,-3.526655,-7.835625
5147,14.253507,17.193108,-3.543041,-7.833748
5148,14.266902,17.172981,-3.560799,-7.827553
5149,14.282705,17.153097,-3.576821,-7.81633
5150,14.301198,17.131807,-3.588784,-7.801033
5151,14.320366,17.107506,-3.596575,-7.78418
5152,14.337225,17.079679,-3.601049,-7.767815
5153,14.350907,17.049265,-3.602135,-7.752762
5154,14.363747,17.017845,-3.598376,-7.739609
5155,14.379221,16.986633,-3.588656,-7.729599
5156,14.40006,16.957697,-3.574178,-7.724434
5157,14.426427,16.932568,-3.557007,-7.72496
5158,14.456792,16.910839,-3.537826,-7.730339
5159,14.4894,16.89077,-3.515981,-7.737823
5160,14.523421,16.871035,-3.49036,-7.743065
5161,14.559457,16.851654,-3.459347,-7.74012
5162,14.597534,16.832199,-3.42101,-7.723656
5163,14.636558,16.812346,-3.375063,-7.69149
5164,14.675076,16.793423,-3.324626,-7.643936
5165,14.712014,16.776936,-3.273939,-7.581123
5166,14.747628,16.762457,-3.224857,-7.502472
5167,14.783359,16.748432,-3.176817,-7.408165
5168,14.820105,16.734089,-3.12896,-7.300629
5169,14.856887,16.719141,-3.080598,-7.186523
5170,14.891268,16.701931,-3.029619,-7.076889
5171,14.921171,16.678799,-2.971541,-6.982819
5172,14.945659,16.645926,-2.902512,-6.911331
5173,14.96556,16.602859,-2.822898,-6.863243
5174,14.983325,16.553385,-2.736993,-6.832893
5175,15.002686,16.504223,-2.650627,-6.811821
5176,15.026554,16.461777,-2.569177,-6.79438
5177,15.056002,16.430151,-2.495983,-6.77758
5178,15.090303,16.410154,-2.43143,-6.756607
5179,15.127479,16.3999,-2.373863,-6.72451
5180,15.164911,16.395552,-2.320755,-6.677956
5181,15.199701,16.392406,-2.269496,-6.619995
5182,15.229588,16.386625,-2.218244,-6.557053
5183,15.253883,16.375988,-2.165344,-6.495461
5184,15.274432,16.360624,-2.109259,-6.441246
5185,15.293864,16.341953,-2.049373,-6.398628
5186,15.313596,16.322155,-1.987155,-6.368256
5187,15.333971,16.303669,-1.925639,-6.348419
5188,15.354814,16.287706,-1.867274,-6.336311
5189,15.375852,16.274817,-1.813974,-6.328766
5190,15.396431,16.266006,-1.767219,-6.322533
5191,15.415337,16.262093,-1.726776,-6.314407
5192,15.431071,16.262228,-1.689943,-6.301239
5193,15.442421,16.263752,-1.652706,-6.281097
5194,15.45029,16.264935,-1.611591,-6.254456
5195,15.456916,16.266117,-1.565673,-6.224007
5196,15.464229,16.268894,-1.516936,-6.192749
5197,15.473422,16.274853,-1.468106,-6.161629
5198,15.485308,16.284691,-1.420342,-6.129364
5199,15.499528,16.297739,-1.373948,-6.0951
5200,15.514921,16.313122,-1.330514,-6.060501
5201,15.529846,16.329683,-1.292477,-6.028694
5202,15.543046,16.346018,-1.261471,-6.002571
5203,15.553518,16.360504,-1.237326,-5.983574
5204,15.56042,16.371466,-1.218009,-5.971024
5205,15.564018,16.378899,-1.201162,-5.962578
5206,15.566169,16.384863,-1.184729,-5.95639
5207,15.569715,16.392696,-1.167076,-5.952179
5208,15.576736,16.404766,-1.146604,-5.948837
5209,15.588098,16.421946,-1.122478,-5.944122
5210,15.60258,16.442291,-1.094469,-5.938217
5211,15.617879,16.462734,-1.063227,-5.93438
5212,15.630906,16.480309,-1.029841,-5.933922
5213,15.639422,16.493469,-0.995223,-5.933411
5214,15.643124,16.502264,-0.960167,-5.928627
5215,15.644578,16.508734,-0.925645,-5.919159
5216,15.648415,16.515675,-0.891508,-5.906822
5217,15.658619,16.525578,-0.856678,-5.892296
5218,15.676293,16.539831,-0.820676,-5.874687
5219,15.698851,16.557726,-0.784255,-5.853287
5220,15.722943,16.578482,-0.749493,-5.829071
5221,15.745471,16.602201,-0.719664,-5.804886
5222,15.765202,16.629948,-0.697514,-5.784256
5223,15.782833,16.662289,-0.682747,-5.768822
5224,15.79812,16.697182,-0.672551,-5.757851
5225,15.810738,16.731325,-0.662894,-5.749092
5226,15.821012,16.760992,-0.649325,-5.739944
5227,15.829192,16.782423,-0.627587,-5.727867
5228,15.836058,16.794415,-0.594758,-5.710716
5229,15.841935,16.798367,-0.550314,-5.687096
5230,15.847222,16.797567,-0.496672,-5.657295
5231,15.852931,16.796089,-0.438588,-5.62381
5232,15.859851,16.796453,-0.381251,-5.590103
5233,15.86786,16.799294,-0.328888,-5.559143
5234,15.876111,16.80394,-0.283274,-5.532722
5235,15.883976,16.808681,-0.24181,-5.510674
5236,15.891235,16.810356,-0.197373,-5.490562
5237,15.897745,16.80522,-0.140544,-5.467995
5238,15.9028,16.790171,-0.063142,-5.438599
5239,15.906915,16.766169,0.036415,-5.400909
5240,15.912282,16.740753,0.146809,-5.358612
5241,15.921631,16.725615,0.247879,-5.31842
5242,15.935847,16.728531,0.324906,-5.285133
5243,15.953207,16.748722,0.375795,-5.259888
5244,15.970664,16.779686,0.406679,-5.241531
5245,15.985627,16.814087,0.42574,-5.228294
5246,15.997194,16.846498,0.440395,-5.218132
5247,16.006021,16.87434,0.456019,-5.208801
5248,16.01329,16.89749,0.4752,-5.198685
5249,16.019567,16.916702,0.497724,-5.187309
5250,16.024408,16.932465,0.521424,-5.175179
5251,16.027777,16.946033,0.543933,-5.162613
5252,16.030704,16.959227,0.564581,-5.149048
5253,16.03504,16.97402,0.584208,-5.133644
5254,16.041277,16.990835,0.603756,-5.117249
5255,16.047884,17.008404,0.623513,-5.103485
5256,16.052164,17.024923,0.642932,-5.09626
5257,16.051207,17.03861,0.661181,-5.095375
5258,16.043287,17.048534,0.67766,-5.096588
5259,16.028725,17.055141,0.692225,-5.095955
5260,16.008749,17.059504,0.704999,-5.092773
5261,15.985527,17.063412,0.716409,-5.087967
5262,15.961441,17.068829,0.726537,-5.081284
5263,15.939037,17.077656,0.735011,-5.071571
5264,15.921057,17.091629,0.741569,-5.059883
5265,15.909243,17.110584,0.747072,-5.049789
5266,15.90417,17.132565,0.753273,-5.04406
5267,15.904852,17.154852,0.761816,-5.042999
5268,15.908845,17.175238,0.773403,-5.045509
5269,15.914083,17.193354,0.78726,-5.050682
5270,15.919232,17.209604,0.801505,-5.058052
5271,15.924271,17.225496,0.814023,-5.067284
5272,15.928591,17.242264,0.822994,-5.078094
5273,15.930243,17.259886,0.827708,-5.090096
5274,15.927106,17.277153,0.829077,-5.102806
5275,15.918573,17.292591,0.829315,-5.115532
5276,15.90605,17.305038,0.830839,-5.127144
5277,15.89153,17.312963,0.834824,-5.137177
5278,15.877317,17.315527,0.841266,-5.145958
5279,15.8649,17.313353,0.850023,-5.153801
5280,15.854576,17.3085,0.860829,-5.160889
5281,15.846882,17.304039,0.872694,-5.167824
5282,15.844208,17.302872,0.884621,-5.175674
5283,15.849784,17.307314,0.895612,-5.185188
5284,15.862709,17.317051,0.904063,-5.196495
5285,15.877645,17.329254,0.907901,-5.209747
5286,15.888151,17.339628,0.906073,-5.225632
5287,15.88976,17.343248,0.900071,-5.244316
5288,15.882599,17.337172,0.893255,-5.264053
5289,15.869245,17.320955,0.888139,-5.280708
5290,15.853914,17.298687,0.884261,-5.289238
5291,15.83957,17.276062,0.878748,-5.287636
5292,15.827269,17.25667,0.868835,-5.280067
5293,15.81636,17.240158,0.85373,-5.27449
5294,15.804992,17.223183,0.835118,-5.277435
5295,15.792453,17.202435,0.816866,-5.290741
5296,15.78175,17.178041,0.803006,-5.311478
5297,15.777381,17.152378,0.795562,-5.334648
5298,15.781431,17.126665,0.794146,-5.356537
5299,15.790994,17.099089,0.796501,-5.376282
5300,15.799615,17.066149,0.798938,-5.394997
5301,15.80132,17.025784,0.797172,-5.414841
5302,15.793521,16.978199,0.788628,-5.437561
5303,15.778882,16.926495,0.773616,-5.463005
5304,15.762293,16.874012,0.754688,-5.489334
5305,15.748595,16.823166,0.734846,-5.514526
5306,15.741066,16.775034,0.716761,-5.536819
5307,15.740428,16.728899,0.701941,-5.555481
5308,15.747239,16.684526,0.690449,-5.571388
5309,15.764412,16.643656,0.681603,-5.585793
5310,15.795676,16.608429,0.674837,-5.59951
5311,15.841314,16.578472,0.66981,-5.613495
5312,15.896255,16.548962,0.666797,-5.628845
5313,15.952897,16.511763,0.667663,-5.645569
5314,16.005522,16.459949,0.67536,-5.661888
5315,16.051811,16.392406,0.690358,-5.675926
5316,16.093151,16.315174,0.708892,-5.686867
5317,16.133577,16.237705,0.725211,-5.69455
5318,16.176828,16.166382,0.735631,-5.699768
5319,16.223164,16.100389,0.739905,-5.704536
5320,16.270294,16.03512,0.739439,-5.71077
5321,16.316498,15.968043,0.735596,-5.718163
5322,16.362347,15.899839,0.730166,-5.724113
5323,16.4083,15.829888,0.726002,-5.726021
5324,16.453833,15.754942,0.72586,-5.723724
5325,16.499172,15.673115,0.730318,-5.719902
5326,16.544651,15.585968,0.737095,-5.717804
5327,16.589132,15.496949,0.74224,-5.71875
5328,16.631096,15.407801,0.743372,-5.72139
5329,16.671318,15.317067,0.742374,-5.723061
5330,16.713367,15.222536,0.743888,-5.722069
5331,16.760443,15.123989,0.750977,-5.719139
5332,16.813515,15.023018,0.763363,-5.717072
5333,16.870716,14.92051,0.778814,-5.718163
5334,16.929642,14.818002,0.793662,-5.723297
5335,16.99012,14.719776,0.803164,-5.733116
5336,17.05402,14.629106,0.80505,-5.748047
5337,17.122747,14.543686,0.801934,-5.767288
5338,17.195787,14.457713,0.798732,-5.789337
5339,17.272799,14.36884,0.798206,-5.812851
5340,17.354841,14.280347,0.79977,-5.836296
5341,17.44244,14.196752,0.801381,-5.857727
5342,17.532887,14.118613,0.801294,-5.875862
5343,17.621487,14.042613,0.798271,-5.891136
5344,17.704168,13.964126,0.791892,-5.90538
5345,17.779085,13.880465,0.781892,-5.920944
5346,17.845711,13.791779,0.766839,-5.940163
5347,17.903902,13.699285,0.745136,-5.964844
5348,17.956898,13.605809,0.717067,-5.995697
5349,18.011749,13.515513,0.684771,-6.032417
5350,18.074188,13.430365,0.650571,-6.073997
5351,18.145147,13.348475,0.616609,-6.118507
5352,18.221325,13.265609,0.585006,-6.163635
5353,18.298237,13.178164,0.557291,-6.207245
5354,18.371841,13.083126,0.534609,-6.246918
5355,18.438841,12.978097,0.5174,-6.27964
5356,18.498182,12.864486,0.504104,-6.303238
5357,18.552139,12.748149,0.491701,-6.318192
5358,18.606253,12.637028,0.478033,-6.326866
5359,18.666185,12.537032,0.462871,-6.331337
5360,18.733376,12.448282,0.447495,-6.333397
5361,18.804754,12.366063,0.433757,-6.336006
5362,18.875534,12.285735,0.422205,-6.342758
5363,18.942173,12.20586,0.411467,-6.355476
5364,19.002535,12.124928,0.400288,-6.373795
5365,19.056046,12.039392,0.38899,-6.3965
5366,19.104477,11.945589,0.379435,-6.421951
5367,19.152414,11.843418,0.373522,-6.447968
5368,19.204771,11.736456,0.371429,-6.472694
5369,19.264217,11.630167,0.370477,-6.496178
5370,19.328196,11.527854,0.366379,-6.519714
5371,19.389414,11.428652,0.355655,-6.544121
5372,19.44202,11.330486,0.337094,-6.569641
5373,19.48613,11.23315,0.311869,-6.596474
5374,19.527454,11.139184,0.282481,-6.624123
5375,19.571114,11.050908,0.250976,-6.650787
5376,19.619217,10.9699,0.217506,-6.67485
5377,19.672056,10.897473,0.181184,-6.695961
5378,19.72826,10.833009,0.141639,-6.715874
5379,19.78631,10.773943,0.099955,-6.737991
5380,19.845093,10.716174,0.058395,-6.764748
5381,19.904865,10.65691,0.019248,-6.795578
5382,19.966618,10.596063,-0.017055,-6.827965
5383,20.030535,10.53492,-0.051837,-6.858223
5384,20.095539,10.474166,-0.086192,-6.880737
5385,20.160044,10.412923,-0.119216,-6.890282
5386,20.223743,10.349126,-0.147577,-6.887291
5387,20.286629,10.28017,-0.167676,-6.878677
5388,20.347521,10.204661,-0.17867,-6.871857
5389,20.403912,10.12317,-0.183022,-6.870895
5390,20.452948,10.037132,-0.184623,-6.877304
5391,20.49313,9.946295,-0.1849,-6.890236
5392,20.525484,9.849095,-0.182349,-6.90638
5393,20.554031,9.745985,-0.174784,-6.921387
5394,20.585203,9.641718,-0.161668,-6.933319
5395,20.625053,9.542794,-0.144062,-6.943794
5396,20.676868,9.453911,-0.12299,-6.955353
5397,20.739164,9.375889,-0.099089,-6.968681
5398,20.808491,9.307855,-0.07346,-6.983406
5399,20.882441,9.24804,-0.046979,-7.000145
5400,20.960203,9.194408,-0.020142,-7.02018
5401,21.040407,9.144146,0.00678,-7.042992
