X [],R.RA: EMG 1 (from SF8_Back_Tuck_Somersault_Rep_6.10) ->Filter->RMS [],R.ES: EMG 2 (from SF8_Back_Tuck_Somersault_Rep_6.10) ->Filter->RMS [],R.IL: EMG 3 (from SF8_Back_Tuck_Somersault_Rep_6.10) ->Filter->RMS [],R.GMax: EMG 4 (from SF8_Back_Tuck_Somersault_Rep_6.10) ->Filter->RMS [],R.RF: EMG 5 (from SF8_Back_Tuck_Somersault_Rep_6.10) ->Filter->RMS [],R.BF: EMG 6 (from SF8_Back_Tuck_Somersault_Rep_6.10) ->Filter->RMS [],R.TA&IO: EMG 7 (from SF8_Back_Tuck_Somersault_Rep_6.10) ->Filter->RMS [],R.MF: EMG 8 (from SF8_Back_Tuck_Somersault_Rep_6.10) ->Filter->RMS []
0,0.039983746,0.015020968,0.126710098,0.019076155,0.023163622,0.022878229,0.232636321,0.017446383
0.01,0.041771638,0.015097217,0.128990228,0.019325843,0.023552274,0.023247233,0.238015195,0.01766863
0.02,0.042665583,0.015173466,0.13257329,0.019775281,0.024096386,0.023523985,0.242049351,0.018113124
0.03,0.043071922,0.015173466,0.136807818,0.02102372,0.024174116,0.023616236,0.24339407,0.018779864
0.04,0.043234458,0.015249714,0.14039088,0.021373283,0.024251846,0.023708487,0.244738788,0.019002111
0.05,0.043315725,0.015249714,0.14267101,0.021622971,0.024329576,0.023800738,0.248772944,0.019446605
0.06,0.043640796,0.015249714,0.14723127,0.021822722,0.024485037,0.02398524,0.255496537,0.019557729
0.07,0.044128403,0.015325963,0.149511401,0.02207241,0.024640498,0.024077491,0.263564849,0.020224469
0.08,0.044697278,0.015402211,0.153420195,0.022322097,0.024795958,0.024077491,0.270288442,0.022113568
0.09,0.044859813,0.016622188,0.156026059,0.023071161,0.024873688,0.024169742,0.274322598,0.02633626
0.1,0.045266152,0.017003431,0.159609121,0.024619226,0.024951419,0.024354244,0.279701473,0.026891877
0.11,0.045428688,0.01707968,0.161237785,0.025068664,0.025029149,0.024723247,0.283735628,0.027336371
0.12,0.045591223,0.017155928,0.164820847,0.02536829,0.025106879,0.025,0.287769784,0.027780865
0.13,0.046485169,0.017232177,0.168078176,0.025468165,0.025184609,0.025276753,0.290459221,0.029003223
0.14,0.04681024,0.017308426,0.170032573,0.02576779,0.02526234,0.046402214,0.303906408,0.029781087
0.15,0.046891508,0.01814716,0.170684039,0.026017478,0.02534007,0.060055351,0.310630001,0.031114568
0.16,0.046972775,0.018528403,0.171335505,0.026117353,0.025495531,0.066051661,0.310630001,0.031447939
0.17,0.047135311,0.018833397,0.171661238,0.026167291,0.025573261,0.066697417,0.311974719,0.031559062
0.18,0.047297846,0.018985894,0.171986971,0.026217229,0.025728721,0.066789668,0.313319438,0.031670186
0.19,0.047460382,0.019062143,0.172312704,0.026516854,0.025884182,0.067158672,0.314664157,0.032336926
0.2,0.04754165,0.019290888,0.173615635,0.027116105,0.025961912,0.070387454,0.316008875,0.033448161
0.21,0.047785453,0.019672131,0.174918567,0.028264669,0.025961912,0.072509225,0.317353594,0.03533726
0.22,0.047866721,0.01974838,0.1752443,0.02906367,0.026117373,0.090221402,0.32138775,0.035781754
0.23,0.048516863,0.01974838,0.175570033,0.029113608,0.026117373,0.093173432,0.32138775,0.035892877
0.24,0.049085738,0.019824628,0.175895766,0.029263421,0.026195103,0.094095941,0.32138775,0.036004
0.25,0.049248273,0.019824628,0.177850163,0.029513109,0.026195103,0.094095941,0.32138775,0.036115124
0.26,0.047704185,0.019443385,0.177198697,0.030162297,0.026195103,0.093173432,0.318698312,0.036670741
0.27,0.047866721,0.019977125,0.172638437,0.030362047,0.025884182,0.093173432,0.306595845,0.038670963
0.28,0.047460382,0.020205871,0.170032573,0.030661673,0.025495531,0.093173432,0.310630001,0.040226692
0.29,0.046972775,0.020205871,0.165472313,0.030861423,0.025106879,0.093173432,0.310630001,0.040115568
0.3,0.046891508,0.02028212,0.163192182,0.031210986,0.024018655,0.093173432,0.309285282,0.040337815
0.31,0.046485169,0.020358368,0.162540717,0.032059925,0.023474543,0.093173432,0.310630001,0.040782309
0.32,0.04607883,0.020510865,0.166123779,0.032409488,0.023008162,0.093173432,0.316008875,0.041337926
0.33,0.045022349,0.020510865,0.166123779,0.032858926,0.02254178,0.093173432,0.318698312,0.041337926
0.34,0.044128403,0.020510865,0.166775244,0.033058677,0.022075398,0.093173432,0.318698312,0.04144905
0.35,0.043478261,0.020587114,0.16742671,0.033108614,0.021997668,0.093173432,0.317353594,0.04144905
0.36,0.042909386,0.020587114,0.165798046,0.033508115,0.021531286,0.09501845,0.317353594,0.041560173
0.37,0.042584315,0.020587114,0.166449511,0.033707865,0.021298096,0.097785978,0.309285282,0.04178242
0.38,0.042259244,0.020587114,0.166449511,0.032908864,0.020987175,0.098708487,0.314664157,0.041893544
0.39,0.04242178,0.020739611,0.166123779,0.031460674,0.020753984,0.098708487,0.326766624,0.041893544
0.4,0.042503048,0.020892108,0.166123779,0.030911361,0.020520793,0.098708487,0.328111343,0.040893433
0.41,0.042015441,0.020892108,0.167752443,0.030811486,0.01982122,0.098708487,0.326766624,0.040671186
0.42,0.041202763,0.020892108,0.16742671,0.030961298,0.018966187,0.098708487,0.329456061,0.040893433
0.43,0.04095896,0.020892108,0.168403909,0.030961298,0.017877964,0.098708487,0.34021381,0.041004556
0.44,0.040471353,0.020892108,0.169381108,0.031360799,0.017489312,0.098708487,0.341558529,0.040893433
0.45,0.040471353,0.020892108,0.168403909,0.031410737,0.017256121,0.098708487,0.34021381,0.041004556
0.46,0.041202763,0.020892108,0.165472313,0.031510612,0.0169452,0.098708487,0.34021381,0.040893433
0.47,0.042096709,0.018223408,0.165472313,0.031560549,0.016634279,0.098708487,0.342903248,0.040893433
0.48,0.041852905,0.017232177,0.166449511,0.031560549,0.016012437,0.098708487,0.338869092,0.041226803
0.49,0.041446566,0.01707968,0.164169381,0.031660425,0.015546055,0.098708487,0.325421906,0.042449161
0.5,0.041040228,0.016774686,0.161237785,0.031910112,0.015312864,0.098708487,0.325421906,0.042560285
0.51,0.041284031,0.016698437,0.159609121,0.031910112,0.014768752,0.098708487,0.322732468,0.042560285
0.52,0.040796424,0.016698437,0.157003257,0.031810237,0.01414691,0.098708487,0.32138775,0.042338038
0.53,0.040471353,0.016698437,0.154397394,0.031360799,0.01406918,0.098708487,0.329456061,0.042338038
0.54,0.040633889,0.016698437,0.15276873,0.031560549,0.01414691,0.098708487,0.346937403,0.042338038
0.55,0.040633889,0.016698437,0.151140065,0.031610487,0.014224641,0.098708487,0.344247966,0.042338038
0.56,0.041934173,0.016774686,0.148208469,0.031910112,0.01406918,0.098708487,0.341558529,0.042560285
0.57,0.04315319,0.016774686,0.147882736,0.032309613,0.01414691,0.098708487,0.337524373,0.042782531
0.58,0.042909386,0.016698437,0.145602606,0.032559301,0.01406918,0.098708487,0.334834936,0.042004667
0.59,0.042909386,0.015630957,0.143322476,0.032059925,0.01414691,0.098708487,0.332145499,0.039671075
0.6,0.043559529,0.015554708,0.141368078,0.031061174,0.01406918,0.098708487,0.328111343,0.039448828
0.61,0.043640796,0.015707206,0.140065147,0.030961298,0.01406918,0.098708487,0.326766624,0.039337704
0.62,0.0438846,0.015707206,0.137459283,0.031410737,0.01414691,0.099630996,0.324077187,0.039226581
0.63,0.043234458,0.015707206,0.134201954,0.032059925,0.01414691,0.105166052,0.322732468,0.038448717
0.64,0.04315319,0.015630957,0.135179153,0.0321598,0.01406918,0.100553506,0.310630001,0.037893099
0.65,0.04315319,0.014715974,0.141042345,0.032059925,0.01414691,0.09501845,0.307940563,0.036892988
0.66,0.043478261,0.014258483,0.14267101,0.032009988,0.01399145,0.091051661,0.307940563,0.037115235
0.67,0.043315725,0.01387724,0.144625407,0.032259675,0.01399145,0.090590406,0.306595845,0.037004112
0.68,0.043315725,0.013724743,0.146254072,0.032459426,0.013913719,0.090590406,0.307940563,0.037004112
0.69,0.043559529,0.013724743,0.150488599,0.032659176,0.013835989,0.090405904,0.311974719,0.036670741
0.7,0.044047135,0.0133435,0.149837134,0.032359551,0.013758259,0.087915129,0.311974719,0.036004
0.71,0.043965868,0.013038506,0.148859935,0.031460674,0.013758259,0.086254613,0.311974719,0.034226025
0.72,0.044209671,0.013419748,0.149511401,0.030761548,0.013602798,0.068357934,0.310630001,0.035115013
0.73,0.043803332,0.013953488,0.151140065,0.030961298,0.013602798,0.066512915,0.313319438,0.036004
0.74,0.043234458,0.014029737,0.153420195,0.030961298,0.013525068,0.066512915,0.317353594,0.036670741
0.75,0.043396993,0.014029737,0.15276873,0.030811486,0.013525068,0.066236162,0.317353594,0.036670741
0.76,0.042096709,0.013648494,0.154723127,0.030362047,0.013369608,0.066236162,0.318698312,0.036670741
0.77,0.041040228,0.012733511,0.157654723,0.030362047,0.013291877,0.066328413,0.318698312,0.034781642
0.78,0.040715156,0.012199771,0.160260586,0.03031211,0.013291877,0.066605166,0.32138775,0.033114791
0.79,0.040877692,0.01227602,0.160586319,0.030212235,0.013447338,0.06697417,0.326766624,0.034114902
0.8,0.041121495,0.012886008,0.160260586,0.029912609,0.013447338,0.067066421,0.329456061,0.037448605
0.81,0.041365299,0.012733511,0.160260586,0.02906367,0.013369608,0.067250923,0.328111343,0.037893099
0.82,0.041852905,0.012657263,0.155700326,0.028714107,0.013602798,0.067435424,0.32138775,0.037337482
0.83,0.042096709,0.012733511,0.155700326,0.028114856,0.013525068,0.067343173,0.320043031,0.037226359
0.84,0.04242178,0.01280976,0.15504886,0.027865169,0.013525068,0.067343173,0.320043031,0.037337482
0.85,0.042340512,0.01280976,0.154071661,0.027815231,0.013602798,0.067250923,0.318698312,0.037337482
0.86,0.042259244,0.01280976,0.154071661,0.027565543,0.013680529,0.063929889,0.318698312,0.037226359
0.87,0.042177976,0.012886008,0.154723127,0.02741573,0.013680529,0.059778598,0.320043031,0.037559729
0.88,0.041771638,0.012886008,0.154723127,0.027265918,0.013602798,0.058856089,0.313319438,0.038004223
0.89,0.041527834,0.012657263,0.156677524,0.026966292,0.013602798,0.058763838,0.30121697,0.037781976
0.9,0.041365299,0.012123523,0.156351792,0.026916355,0.013602798,0.058394834,0.30121697,0.037448605
0.91,0.041365299,0.012123523,0.156677524,0.027066167,0.013447338,0.058394834,0.306595845,0.037893099
0.92,0.04095896,0.012199771,0.164169381,0.027066167,0.013447338,0.058302583,0.305251126,0.03822647
0.93,0.041040228,0.012352268,0.163192182,0.027066167,0.013369608,0.058302583,0.293148659,0.038337593
0.94,0.041284031,0.012428517,0.160912052,0.025667915,0.013369608,0.058302583,0.289114503,0.038448717
0.95,0.041284031,0.013038506,0.161237785,0.026117353,0.013214147,0.058394834,0.289114503,0.039004334
0.96,0.040308818,0.0133435,0.161889251,0.025967541,0.013058686,0.058487085,0.289114503,0.039448828
0.97,0.039171069,0.013495997,0.159283388,0.026067416,0.013136417,0.058671587,0.28239091,0.039782198
0.98,0.039008533,0.013495997,0.158631922,0.026267166,0.013136417,0.058671587,0.279701473,0.039893322
0.99,0.038927265,0.013419748,0.157654723,0.026117353,0.013291877,0.058671587,0.278356754,0.03855984
1,0.038439659,0.013419748,0.15732899,0.025817728,0.013291877,0.058487085,0.278356754,0.038670963
1.01,0.036407964,0.013572246,0.157654723,0.025667915,0.013369608,0.058302583,0.281046191,0.03889321
1.02,0.036082893,0.013800991,0.158306189,0.025468165,0.013214147,0.058210332,0.279701473,0.039226581
1.03,0.035920358,0.013953488,0.157654723,0.025318352,0.013291877,0.058210332,0.268943724,0.039226581
1.04,0.03583909,0.014029737,0.156351792,0.025418227,0.013291877,0.058210332,0.246083507,0.039337704
1.05,0.03583909,0.014029737,0.163192182,0.025717853,0.013058686,0.058210332,0.247428226,0.039226581
1.06,0.033969931,0.013953488,0.167100977,0.02576779,0.013058686,0.058210332,0.247428226,0.039004334
1.07,0.031938237,0.013953488,0.165472313,0.025168539,0.012670035,0.058118081,0.244738788,0.038448717
1.08,0.031531898,0.013953488,0.16514658,0.024769039,0.012514574,0.058210332,0.244738788,0.038337593
1.09,0.031531898,0.01387724,0.16514658,0.024968789,0.012592305,0.05802583,0.244738788,0.038337593
1.1,0.030231613,0.013495997,0.164495114,0.024968789,0.012670035,0.057841328,0.246083507,0.03822647
1.11,0.030069078,0.013267251,0.164169381,0.024769039,0.012670035,0.057656827,0.247428226,0.038670963
1.12,0.030312881,0.0133435,0.163843648,0.024169788,0.012514574,0.056642066,0.247428226,0.038670963
1.13,0.030069078,0.013724743,0.164495114,0.024019975,0.012592305,0.044372694,0.248772944,0.03889321
1.14,0.030475417,0.013800991,0.163843648,0.024519351,0.012592305,0.037546126,0.251462382,0.039004334
1.15,0.031288094,0.013800991,0.159283388,0.024519351,0.012436844,0.033302583,0.250117663,0.039004334
1.16,0.031938237,0.013800991,0.158306189,0.024519351,0.012825496,0.033210332,0.251462382,0.038670963
1.17,0.031938237,0.013800991,0.159609121,0.024319601,0.012747765,0.033302583,0.2528071,0.038670963
1.18,0.031938237,0.013800991,0.157654723,0.024169788,0.012747765,0.033302583,0.251462382,0.03855984
1.19,0.031775701,0.013724743,0.154397394,0.023620474,0.012592305,0.033394834,0.268943724,0.038337593
1.2,0.031775701,0.013724743,0.154397394,0.023320849,0.012514574,0.033302583,0.268943724,0.038337593
1.21,0.032263308,0.013648494,0.158306189,0.023370787,0.012514574,0.033210332,0.272977879,0.03822647
1.22,0.032100772,0.013114754,0.157654723,0.023420724,0.012592305,0.031826568,0.274322598,0.037226359
1.23,0.032669647,0.012504766,0.156351792,0.023121099,0.012670035,0.026476015,0.275667317,0.036226247
1.24,0.032750914,0.012428517,0.155374593,0.023071161,0.012747765,0.024446495,0.272977879,0.03567063
1.25,0.033563592,0.012504766,0.154723127,0.023071161,0.012825496,0.024077491,0.272977879,0.036004
1.26,0.034620073,0.012504766,0.154723127,0.022821473,0.012825496,0.024077491,0.274322598,0.035892877
1.27,0.034701341,0.012504766,0.152117264,0.022621723,0.012903226,0.023892989,0.274322598,0.035559507
1.28,0.034863877,0.012504766,0.149185668,0.02247191,0.012903226,0.022878229,0.268943724,0.035559507
1.29,0.035026412,0.012352268,0.148859935,0.022421973,0.012747765,0.021678967,0.259530693,0.034559396
1.3,0.034863877,0.01174228,0.154071661,0.022322097,0.012980956,0.021586716,0.258185975,0.030670075
1.31,0.035188948,0.011589783,0.170684039,0.02227216,0.012980956,0.020756458,0.260875412,0.029669963
1.32,0.034945144,0.011437286,0.171986971,0.022322097,0.012903226,0.020295203,0.26222013,0.029447716
1.33,0.03510768,0.011361037,0.171986971,0.022421973,0.012980956,0.020387454,0.264909568,0.02955884
1.34,0.035757822,0.011284788,0.173941368,0.022871411,0.013136417,0.020387454,0.267599005,0.029781087
1.35,0.036001625,0.011132291,0.1752443,0.022921348,0.013058686,0.020387454,0.271633161,0.029669963
1.36,0.03583909,0.011132291,0.1752443,0.022621723,0.013136417,0.020110701,0.270288442,0.029669963
1.37,0.035757822,0.011056043,0.174592834,0.02247191,0.013136417,0.020387454,0.274322598,0.029003223
1.38,0.035920358,0.010979794,0.179478827,0.022621723,0.013291877,0.020387454,0.287769784,0.027891988
1.39,0.035757822,0.011056043,0.178501629,0.022821473,0.013291877,0.020387454,0.285080347,0.027669741
1.4,0.035595287,0.012047274,0.179153095,0.02267166,0.013291877,0.02001845,0.285080347,0.028003112
1.41,0.035920358,0.013114754,0.178827362,0.022621723,0.013369608,0.020110701,0.279701473,0.028114235
1.42,0.037220642,0.013191003,0.172638437,0.022571785,0.013369608,0.020110701,0.281046191,0.027447494
1.43,0.037708249,0.0133435,0.172312704,0.022521848,0.013214147,0.02001845,0.281046191,0.027114124
1.44,0.037870784,0.0133435,0.174267101,0.02227216,0.013291877,0.019649447,0.281046191,0.026558507
1.45,0.038683462,0.01280976,0.176221498,0.021323346,0.013525068,0.019557196,0.283735628,0.025558395
1.46,0.040308818,0.012428517,0.177850163,0.021722846,0.013680529,0.019372694,0.29180394,0.024891655
1.47,0.040877692,0.012352268,0.181758958,0.022122347,0.013602798,0.018726937,0.298527533,0.024558284
1.48,0.041446566,0.01227602,0.183713355,0.022172285,0.013602798,0.018542435,0.299872252,0.02411379
1.49,0.041771638,0.01227602,0.183713355,0.022571785,0.013525068,0.018542435,0.302561689,0.02411379
1.5,0.041852905,0.012199771,0.184690554,0.022721598,0.013525068,0.018726937,0.303906408,0.024002667
1.51,0.041771638,0.012047274,0.185016287,0.022821473,0.013758259,0.018634686,0.303906408,0.023558173
1.52,0.041934173,0.011818528,0.185016287,0.022771536,0.013680529,0.018450185,0.307940563,0.023002556
1.53,0.042177976,0.011589783,0.185667752,0.022521848,0.013680529,0.018265683,0.309285282,0.022558062
1.54,0.042259244,0.011513534,0.191856678,0.021822722,0.013602798,0.018265683,0.310630001,0.022224692
1.55,0.042503048,0.011513534,0.187947883,0.021423221,0.013680529,0.018357934,0.310630001,0.022113568
1.56,0.042665583,0.011513534,0.186970684,0.021722846,0.013680529,0.018542435,0.311974719,0.022224692
1.57,0.042828119,0.011513534,0.188273616,0.022621723,0.013680529,0.018450185,0.314664157,0.022780309
1.58,0.043234458,0.011513534,0.187947883,0.022621723,0.013680529,0.018542435,0.313319438,0.023002556
1.59,0.043396993,0.011513534,0.187947883,0.02247191,0.013525068,0.018542435,0.314664157,0.022780309
1.6,0.043965868,0.011589783,0.188599349,0.022571785,0.013525068,0.018634686,0.314664157,0.023113679
1.61,0.044128403,0.011589783,0.190228013,0.022621723,0.013447338,0.018819188,0.313319438,0.022446939
1.62,0.044209671,0.011437286,0.189576547,0.022621723,0.013447338,0.019188192,0.318698312,0.022002445
1.63,0.044372206,0.010979794,0.188925081,0.021772784,0.013369608,0.019464945,0.318698312,0.021335704
1.64,0.043965868,0.010827297,0.187947883,0.020774033,0.013369608,0.019464945,0.317353594,0.021113457
1.65,0.043478261,0.010903546,0.188273616,0.020873908,0.013369608,0.020110701,0.316008875,0.021113457
1.66,0.042746851,0.010903546,0.189576547,0.020973783,0.012980956,0.020202952,0.316008875,0.021335704
1.67,0.043315725,0.010903546,0.18762215,0.020873908,0.012980956,0.019833948,0.318698312,0.022002445
1.68,0.044209671,0.010979794,0.188599349,0.021273408,0.012903226,0.019926199,0.324077187,0.022669186
1.69,0.044453474,0.010979794,0.188599349,0.021573034,0.013058686,0.019926199,0.305251126,0.023113679
1.7,0.044453474,0.011056043,0.188273616,0.02227216,0.013058686,0.02001845,0.303906408,0.023335926
1.71,0.044534742,0.011056043,0.185016287,0.022222222,0.013058686,0.02001845,0.299872252,0.023224803
1.72,0.044453474,0.011056043,0.186644951,0.022222222,0.013369608,0.019741697,0.298527533,0.023224803
1.73,0.044209671,0.011056043,0.18762215,0.022571785,0.013369608,0.019557196,0.294493377,0.02344705
1.74,0.044209671,0.011056043,0.186644951,0.02267166,0.013447338,0.019372694,0.293148659,0.023224803
1.75,0.043478261,0.010979794,0.185993485,0.022721598,0.013447338,0.019464945,0.293148659,0.022335815
1.76,0.042990654,0.010979794,0.183387622,0.022821473,0.013758259,0.019557196,0.293148659,0.021891321
1.77,0.042909386,0.010903546,0.182410424,0.022771536,0.013758259,0.02001845,0.294493377,0.022335815
1.78,0.042746851,0.011437286,0.182736156,0.022621723,0.013835989,0.020387454,0.295838096,0.022446939
1.79,0.042503048,0.011513534,0.18534202,0.022821473,0.01399145,0.020387454,0.297182815,0.022891432
1.8,0.042584315,0.011666031,0.183061889,0.024319601,0.013680529,0.020387454,0.297182815,0.023669297
1.81,0.042665583,0.01174228,0.16742671,0.02536829,0.013758259,0.020387454,0.295838096,0.024002667
1.82,0.042503048,0.011894777,0.166449511,0.025717853,0.013758259,0.020295203,0.295838096,0.024002667
1.83,0.042259244,0.012352268,0.16970684,0.025717853,0.013758259,0.020202952,0.30121697,0.024002667
1.84,0.041365299,0.012504766,0.171009772,0.025468165,0.01406918,0.020295203,0.299872252,0.024002667
1.85,0.041121495,0.012657263,0.170684039,0.025418227,0.015157404,0.020664207,0.30121697,0.02411379
1.86,0.04095896,0.012886008,0.170358306,0.025468165,0.015312864,0.020664207,0.302561689,0.024669408
1.87,0.041040228,0.012886008,0.171661238,0.025468165,0.015468325,0.020479705,0.298527533,0.025113902
1.88,0.04095896,0.012886008,0.16742671,0.025318352,0.015546055,0.020571956,0.287769784,0.025225025
1.89,0.041121495,0.01280976,0.166449511,0.025168539,0.015546055,0.020848709,0.29180394,0.025225025
1.9,0.041446566,0.011971026,0.16742671,0.025118602,0.015546055,0.020848709,0.289114503,0.025558395
1.91,0.041609102,0.010827297,0.167752443,0.025068664,0.016478819,0.02103321,0.293148659,0.025336149
1.92,0.04095896,0.010751048,0.170032573,0.025068664,0.016634279,0.02103321,0.298527533,0.025891766
1.93,0.041365299,0.010522303,0.170684039,0.025518102,0.016712009,0.021217712,0.298527533,0.026114013
1.94,0.042909386,0.010522303,0.168729642,0.025867665,0.01678974,0.021309963,0.302561689,0.02633626
1.95,0.042584315,0.010446054,0.167752443,0.025817728,0.01678974,0.021217712,0.30121697,0.02666963
1.96,0.041121495,0.010369806,0.166775244,0.025667915,0.017100661,0.021217712,0.294493377,0.027114124
1.97,0.040471353,0.010446054,0.163517915,0.025168539,0.017100661,0.021217712,0.287769784,0.027225247
1.98,0.040065014,0.010522303,0.163517915,0.024968789,0.017256121,0.021309963,0.289114503,0.027558618
1.99,0.04022755,0.010598551,0.163192182,0.024619226,0.017489312,0.021402214,0.29180394,0.027891988
2,0.039902479,0.0106748,0.163843648,0.024569288,0.017955694,0.021217712,0.29180394,0.027891988
2.01,0.040146282,0.0106748,0.164495114,0.024519351,0.017955694,0.021217712,0.290459221,0.028003112
2.02,0.040065014,0.010751048,0.16514658,0.024619226,0.018188885,0.021402214,0.287769784,0.028225358
2.03,0.039902479,0.010751048,0.164495114,0.024719101,0.018266615,0.021402214,0.286425066,0.028336482
2.04,0.039658675,0.010751048,0.158306189,0.024719101,0.018266615,0.021402214,0.293148659,0.028447605
2.05,0.03949614,0.010903546,0.157003257,0.024569288,0.018266615,0.021309963,0.295838096,0.029781087
2.06,0.039414872,0.011056043,0.156026059,0.02411985,0.018266615,0.021217712,0.294493377,0.030336704
2.07,0.03949614,0.011284788,0.156351792,0.023270911,0.018422075,0.021217712,0.30121697,0.030114457
2.08,0.039577408,0.011437286,0.156677524,0.023320849,0.018499806,0.020940959,0.299872252,0.030336704
2.09,0.039821211,0.011589783,0.156677524,0.023171036,0.018499806,0.020940959,0.298527533,0.030447828
2.1,0.039252336,0.011589783,0.156351792,0.022971286,0.018422075,0.021125461,0.298527533,0.030336704
2.11,0.039252336,0.011666031,0.155374593,0.023021224,0.018499806,0.021217712,0.297182815,0.030447828
2.12,0.038845998,0.011666031,0.155374593,0.023220974,0.018655266,0.021125461,0.294493377,0.031003445
2.13,0.03876473,0.011666031,0.155374593,0.023370787,0.018810727,0.020940959,0.298527533,0.031336815
2.14,0.039171069,0.011666031,0.155700326,0.023420724,0.018888457,0.020940959,0.297182815,0.031781309
2.15,0.039658675,0.011666031,0.154723127,0.023270911,0.018888457,0.020387454,0.297182815,0.031670186
2.16,0.039577408,0.011666031,0.15276873,0.023071161,0.018888457,0.020571956,0.298527533,0.031559062
2.17,0.039089801,0.011666031,0.153420195,0.023171036,0.018966187,0.020848709,0.298527533,0.032003556
2.18,0.038114588,0.011666031,0.153745928,0.022871411,0.019043918,0.020940959,0.295838096,0.031892433
2.19,0.03803332,0.011589783,0.157003257,0.022571785,0.018888457,0.021125461,0.297182815,0.031559062
2.2,0.037789517,0.011589783,0.158306189,0.021972534,0.018966187,0.021494465,0.298527533,0.032003556
2.21,0.037383178,0.011894777,0.159609121,0.022022472,0.019277108,0.021586716,0.298527533,0.032225803
2.22,0.037626981,0.012123523,0.158631922,0.021972534,0.019199378,0.021771218,0.297182815,0.03244805
2.23,0.037789517,0.01227602,0.161889251,0.021772784,0.019199378,0.02195572,0.297182815,0.032559173
2.24,0.037870784,0.012428517,0.161563518,0.021922597,0.019121648,0.021863469,0.30121697,0.032892544
2.25,0.037870784,0.012504766,0.161563518,0.022172285,0.019121648,0.021678967,0.299872252,0.033003667
2.26,0.037870784,0.012504766,0.161563518,0.022122347,0.018888457,0.021494465,0.298527533,0.033225914
2.27,0.038195855,0.012504766,0.16286645,0.022421973,0.018966187,0.020940959,0.299872252,0.033670408
2.28,0.038358391,0.012123523,0.164169381,0.022521848,0.018888457,0.020664207,0.298527533,0.033781531
2.29,0.038520927,0.012047274,0.162214984,0.022322097,0.018732997,0.020664207,0.298527533,0.033892655
2.3,0.038520927,0.012047274,0.159934853,0.020774033,0.018732997,0.020664207,0.302561689,0.033337037
2.31,0.038277123,0.011971026,0.161889251,0.019475655,0.018655266,0.020664207,0.302561689,0.033114791
2.32,0.038439659,0.011894777,0.163192182,0.019076155,0.018655266,0.020664207,0.30121697,0.034337149
2.33,0.038358391,0.011437286,0.162540717,0.019026217,0.018732997,0.020664207,0.295838096,0.034781642
2.34,0.038845998,0.011284788,0.159934853,0.019026217,0.018344345,0.020571956,0.294493377,0.034559396
2.35,0.039008533,0.011056043,0.160912052,0.019026217,0.017411582,0.020479705,0.289114503,0.034559396
2.36,0.039577408,0.010827297,0.160912052,0.019575531,0.017256121,0.020571956,0.289114503,0.034226025
2.37,0.039658675,0.011056043,0.158631922,0.019975031,0.01702293,0.02103321,0.289114503,0.034114902
2.38,0.039658675,0.01120854,0.157654723,0.019975031,0.01686747,0.021125461,0.289114503,0.034337149
2.39,0.039577408,0.011513534,0.165472313,0.020374532,0.01678974,0.020756458,0.294493377,0.035892877
2.4,0.039252336,0.011666031,0.164495114,0.020474407,0.01686747,0.020848709,0.293148659,0.035448383
2.41,0.039008533,0.01174228,0.165798046,0.020374532,0.016090167,0.021771218,0.29180394,0.03533726
2.42,0.038845998,0.01174228,0.165472313,0.02082397,0.015934707,0.021863469,0.285080347,0.035115013
2.43,0.037870784,0.011666031,0.169055375,0.020524345,0.015856976,0.026937269,0.285080347,0.035115013
2.44,0.035676554,0.01174228,0.16970684,0.020224719,0.015701516,0.034409594,0.283735628,0.035115013
2.45,0.035188948,0.01174228,0.168403909,0.020424469,0.015623786,0.035424354,0.28239091,0.034892766
2.46,0.035432751,0.01174228,0.169055375,0.020524345,0.015157404,0.035424354,0.286425066,0.034559396
2.47,0.035514019,0.01174228,0.170032573,0.020674157,0.015157404,0.036070111,0.289114503,0.034892766
2.48,0.0365705,0.011666031,0.168403909,0.020774033,0.015001943,0.046309963,0.285080347,0.035559507
2.49,0.036489232,0.012047274,0.168729642,0.020774033,0.014613292,0.046586716,0.278356754,0.036337371
2.5,0.0365705,0.01227602,0.167100977,0.020724095,0.01406918,0.046863469,0.274322598,0.036781865
2.51,0.036326697,0.012352268,0.169055375,0.020774033,0.013835989,0.047324723,0.277012035,0.036781865
2.52,0.036245429,0.01227602,0.167752443,0.020774033,0.013525068,0.047601476,0.275667317,0.036559618
2.53,0.036326697,0.01227602,0.169055375,0.021123596,0.013369608,0.047601476,0.275667317,0.036559618
2.54,0.036326697,0.01227602,0.16970684,0.021523096,0.013447338,0.047601476,0.268943724,0.036559618
2.55,0.036326697,0.012199771,0.170358306,0.021672909,0.013447338,0.047693727,0.267599005,0.035448383
2.56,0.036326697,0.011971026,0.169055375,0.021423221,0.013369608,0.048062731,0.275667317,0.034781642
2.57,0.036082893,0.01174228,0.16742671,0.021523096,0.013214147,0.048062731,0.267599005,0.034670519
2.58,0.035514019,0.011666031,0.168078176,0.021423221,0.013291877,0.048154982,0.267599005,0.034559396
2.59,0.035026412,0.011437286,0.171335505,0.021523096,0.013369608,0.048154982,0.268943724,0.034559396
2.6,0.035026412,0.011361037,0.170032573,0.021672909,0.013369608,0.048062731,0.270288442,0.034670519
2.61,0.034945144,0.011437286,0.170032573,0.021772784,0.013369608,0.04797048,0.272977879,0.034892766
2.62,0.034701341,0.011361037,0.171986971,0.021672909,0.013136417,0.047878229,0.270288442,0.034448272
2.63,0.034457538,0.011437286,0.171986971,0.021473159,0.012825496,0.047878229,0.267599005,0.034337149
2.64,0.033969931,0.011437286,0.172312704,0.021423221,0.012747765,0.047878229,0.270288442,0.034670519
2.65,0.033563592,0.011361037,0.173941368,0.021373283,0.012747765,0.047878229,0.272977879,0.034559396
2.66,0.034863877,0.011437286,0.173941368,0.021373283,0.012747765,0.047693727,0.271633161,0.034670519
2.67,0.034945144,0.011437286,0.173289902,0.021273408,0.012747765,0.047601476,0.274322598,0.033892655
2.68,0.035676554,0.011437286,0.173615635,0.021273408,0.012747765,0.047509225,0.271633161,0.033781531
2.69,0.035351483,0.011437286,0.170684039,0.021223471,0.012747765,0.047416974,0.270288442,0.033892655
2.7,0.034945144,0.011513534,0.170032573,0.021273408,0.012670035,0.047324723,0.270288442,0.033337037
2.71,0.034701341,0.011132291,0.171661238,0.021373283,0.012203653,0.047324723,0.268943724,0.033225914
2.72,0.034295002,0.011056043,0.171335505,0.021373283,0.011970463,0.047324723,0.268943724,0.033003667
2.73,0.033563592,0.010903546,0.168078176,0.021273408,0.011970463,0.047232472,0.272977879,0.032892544
2.74,0.033482324,0.010751048,0.168403909,0.02102372,0.012048193,0.047140221,0.271633161,0.032670297
2.75,0.033401057,0.010751048,0.168403909,0.02082397,0.011815002,0.047232472,0.271633161,0.03278142
2.76,0.033075985,0.010979794,0.169381108,0.021073658,0.011892732,0.047232472,0.271633161,0.032559173
2.77,0.032832182,0.010979794,0.169381108,0.02082397,0.011892732,0.047324723,0.271633161,0.031892433
2.78,0.032750914,0.010979794,0.168729642,0.02082397,0.011892732,0.047324723,0.271633161,0.032003556
2.79,0.032588379,0.010979794,0.168078176,0.020973783,0.011892732,0.047232472,0.271633161,0.031892433
2.8,0.031938237,0.011056043,0.16742671,0.02102372,0.012048193,0.047416974,0.266254286,0.033337037
2.81,0.031775701,0.011056043,0.165798046,0.021073658,0.012125923,0.047416974,0.264909568,0.033337037
2.82,0.033238521,0.010979794,0.163192182,0.020923845,0.012125923,0.047416974,0.264909568,0.032114679
2.83,0.033969931,0.010979794,0.160260586,0.020873908,0.012203653,0.047509225,0.26222013,0.031447939
2.84,0.033482324,0.010903546,0.164169381,0.020774033,0.012125923,0.047693727,0.263564849,0.031225692
2.85,0.033401057,0.010903546,0.167100977,0.021373283,0.012359114,0.047601476,0.274322598,0.031225692
2.86,0.03291345,0.010903546,0.169055375,0.02227216,0.012436844,0.047693727,0.272977879,0.031670186
2.87,0.032832182,0.0106748,0.16970684,0.022821473,0.012514574,0.047509225,0.271633161,0.032670297
2.88,0.032994718,0.010598551,0.169381108,0.022821473,0.012436844,0.047509225,0.270288442,0.032559173
2.89,0.03291345,0.010446054,0.161237785,0.02247191,0.012514574,0.047509225,0.260875412,0.031003445
2.9,0.032750914,0.010217308,0.160912052,0.022322097,0.012281384,0.047601476,0.260875412,0.030781198
2.91,0.032669647,0.010064811,0.157654723,0.022421973,0.012203653,0.047140221,0.258185975,0.030558951
2.92,0.032507111,0.010064811,0.158306189,0.021922597,0.012281384,0.047140221,0.256841256,0.030558951
2.93,0.032507111,0.01014106,0.155374593,0.022122347,0.012203653,0.044741697,0.256841256,0.030336704
2.94,0.032344575,0.009988563,0.154071661,0.022521848,0.012203653,0.039575646,0.256841256,0.030225581
2.95,0.032344575,0.009988563,0.153745928,0.02267166,0.012203653,0.038745388,0.256841256,0.030114457
2.96,0.031938237,0.009988563,0.152117264,0.022621723,0.012436844,0.038653137,0.251462382,0.030336704
2.97,0.032019504,0.010064811,0.151140065,0.022372035,0.012436844,0.038099631,0.248772944,0.02989221
2.98,0.030556684,0.010064811,0.149511401,0.022322097,0.012436844,0.024630996,0.248772944,0.028780976
2.99,0.02998781,0.009454823,0.150814332,0.022421973,0.012436844,0.02398524,0.251462382,0.027336371
3,0.029825274,0.00907358,0.150488599,0.022621723,0.012436844,0.023339483,0.251462382,0.02666963
3.01,0.029825274,0.008844834,0.146254072,0.022721598,0.012436844,0.022601476,0.246083507,0.026558507
3.02,0.029825274,0.008844834,0.146254072,0.022721598,0.012359114,0.021863469,0.246083507,0.026558507
3.03,0.029744007,0.008844834,0.146254072,0.022771536,0.012359114,0.02195572,0.247428226,0.026447383
3.04,0.029662739,0.008844834,0.148859935,0.022921348,0.012281384,0.022232472,0.248772944,0.026558507
3.05,0.02998781,0.008844834,0.147882736,0.022721598,0.012359114,0.022509225,0.24339407,0.026558507
3.06,0.030150345,0.008844834,0.146579805,0.022621723,0.012359114,0.021678967,0.23398104,0.026558507
3.07,0.030475417,0.008768586,0.146254072,0.022421973,0.012436844,0.021863469,0.235325758,0.026558507
3.08,0.030800488,0.008768586,0.145602606,0.022322097,0.012281384,0.021771218,0.235325758,0.026114013
3.09,0.030637952,0.008692337,0.147557003,0.022172285,0.012203653,0.02195572,0.236670477,0.025891766
3.1,0.030312881,0.008692337,0.14723127,0.021972534,0.012203653,0.022140221,0.23398104,0.025558395
3.11,0.030069078,0.008616088,0.14723127,0.021822722,0.012203653,0.022140221,0.228602165,0.025113902
3.12,0.030150345,0.008616088,0.14495114,0.021872659,0.012125923,0.022140221,0.227257446,0.024891655
3.13,0.030312881,0.00853984,0.144299674,0.021972534,0.012203653,0.022416974,0.224568009,0.024669408
3.14,0.030556684,0.00853984,0.142996743,0.022022472,0.012203653,0.022416974,0.219189135,0.023669297
3.15,0.030475417,0.00853984,0.141693811,0.022022472,0.012125923,0.022416974,0.216499697,0.023669297
3.16,0.029093864,0.008463591,0.142996743,0.022022472,0.012125923,0.022416974,0.219189135,0.023558173
3.17,0.028850061,0.008387343,0.14267101,0.021972534,0.012125923,0.022416974,0.209776104,0.023335926
3.18,0.027874848,0.008387343,0.14039088,0.021972534,0.012203653,0.022416974,0.208431386,0.023224803
3.19,0.02779358,0.008387343,0.139739414,0.021972534,0.012281384,0.022232472,0.207086667,0.022891432
3.2,0.027874848,0.008311094,0.138762215,0.022022472,0.012436844,0.022232472,0.208431386,0.022669186
3.21,0.028118651,0.008311094,0.135504886,0.022172285,0.012592305,0.022232472,0.205741949,0.022669186
3.22,0.028443722,0.008082349,0.135830619,0.022621723,0.012747765,0.022232472,0.207086667,0.022558062
3.23,0.02852499,0.0080061,0.135179153,0.022571785,0.012747765,0.022416974,0.203052511,0.022446939
3.24,0.028362454,0.007929851,0.139413681,0.022521848,0.012747765,0.022324723,0.200363074,0.022113568
3.25,0.028281187,0.007853603,0.139413681,0.022322097,0.012825496,0.022140221,0.200363074,0.021891321
3.26,0.028362454,0.007624857,0.138762215,0.022122347,0.012747765,0.022140221,0.201707793,0.021780198
3.27,0.028281187,0.007518109,0.139413681,0.022322097,0.012825496,0.022140221,0.203052511,0.021557951
3.28,0.028199919,0.007434236,0.139413681,0.022222222,0.012747765,0.022232472,0.199018355,0.02089121
3.29,0.028606258,0.007365612,0.138436482,0.022821473,0.012747765,0.022324723,0.196328918,0.020668963
3.3,0.029418935,0.007121617,0.138110749,0.023270911,0.012670035,0.022140221,0.196328918,0.018335371
3.31,0.029662739,0.007098742,0.139413681,0.023670412,0.012670035,0.022232472,0.199018355,0.018335371
3.32,0.027874848,0.007060618,0.139739414,0.023620474,0.012670035,0.022140221,0.201707793,0.018335371
3.33,0.026899634,0.007052993,0.140065147,0.023620474,0.012747765,0.022140221,0.201707793,0.018335371
3.34,0.026737099,0.007045368,0.135179153,0.023570537,0.012980956,0.021678967,0.199018355,0.018335371
3.35,0.026655831,0.007052993,0.13029316,0.022971286,0.012747765,0.021863469,0.185571169,0.018113124
3.36,0.026493295,0.007030118,0.127035831,0.021722846,0.012747765,0.021678967,0.185571169,0.017557506
3.37,0.026899634,0.00693862,0.126384365,0.021173533,0.012825496,0.021586716,0.185571169,0.014890543
3.38,0.026818367,0.006900496,0.126384365,0.021123596,0.012903226,0.021771218,0.186915888,0.014557173
3.39,0.027143438,0.006450629,0.130618893,0.021722846,0.013058686,0.021771218,0.185571169,0.013890432
3.4,0.027143438,0.006435379,0.134527687,0.02247191,0.013214147,0.021771218,0.186915888,0.013890432
3.41,0.02706217,0.006435379,0.134201954,0.022621723,0.013291877,0.021771218,0.188260607,0.013779309
3.42,0.026818367,0.006130385,0.131921824,0.022521848,0.013214147,0.021494465,0.189605325,0.012890321
3.43,0.026655831,0.005863515,0.130618893,0.021972534,0.013214147,0.020848709,0.190950044,0.013112568
3.44,0.026655831,0.005977888,0.131270358,0.021423221,0.013369608,0.020202952,0.190950044,0.013223692
3.45,0.026737099,0.00613801,0.132247557,0.021223471,0.013369608,0.020387454,0.192294762,0.013445938
3.46,0.028606258,0.006313382,0.132247557,0.021223471,0.013214147,0.020571956,0.189605325,0.013445938
3.47,0.029662739,0.006260008,0.132247557,0.021273408,0.013136417,0.020571956,0.190950044,0.013223692
3.48,0.029906542,0.006237133,0.132247557,0.021223471,0.013214147,0.020664207,0.190950044,0.012779198
3.49,0.029906542,0.006282882,0.130944625,0.021223471,0.013136417,0.020571956,0.193639481,0.012779198
3.5,0.029581471,0.00640488,0.132899023,0.020973783,0.013214147,0.020664207,0.196328918,0.012890321
3.51,0.029418935,0.006473504,0.132899023,0.02082397,0.013214147,0.020756458,0.197673637,0.013001445
3.52,0.029500203,0.006572627,0.133550489,0.020873908,0.013214147,0.020664207,0.197673637,0.013334815
3.53,0.029418935,0.006618376,0.133550489,0.020574282,0.013291877,0.020571956,0.196328918,0.013890432
3.54,0.029662739,0.006587877,0.128013029,0.020074906,0.013369608,0.021125461,0.1949842,0.014557173
3.55,0.029337668,0.006626001,0.128338762,0.020973783,0.013369608,0.022601476,0.196328918,0.015001667
3.56,0.029093864,0.006725124,0.129315961,0.02411985,0.013291877,0.023062731,0.197673637,0.015668408
3.57,0.02852499,0.006877621,0.130618893,0.028614232,0.013291877,0.023154982,0.192294762,0.016890766
3.58,0.02852499,0.006930995,0.13029316,0.030212235,0.013447338,0.023247233,0.189605325,0.017001889
3.59,0.02852499,0.006976744,0.123127036,0.030461923,0.013447338,0.023247233,0.186915888,0.019002111
3.6,0.029093864,0.007243614,0.125407166,0.030611735,0.013369608,0.048708487,0.188260607,0.019668852
3.61,0.029418935,0.007258864,0.125732899,0.031660425,0.013369608,0.074723247,0.188260607,0.019668852
3.62,0.029337668,0.007929851,0.127687296,0.032709114,0.013369608,0.096863469,0.190950044,0.024002667
3.63,0.029337668,0.010446054,0.128338762,0.034456929,0.013525068,0.104243542,0.1949842,0.02666963
3.64,0.029337668,0.01441098,0.135179153,0.034756554,0.013680529,0.106088561,0.200363074,0.030336704
3.65,0.029093864,0.016622188,0.134527687,0.03485643,0.013758259,0.108856089,0.203052511,0.036670741
3.66,0.028931329,0.017842166,0.13257329,0.035006242,0.013758259,0.111623616,0.199018355,0.036892988
3.67,0.028768793,0.022340831,0.132247557,0.035405743,0.013835989,0.114391144,0.199018355,0.038115346
3.68,0.028768793,0.023332063,0.133876222,0.035755306,0.013680529,0.11900369,0.200363074,0.03822647
3.69,0.028687525,0.026763248,0.138762215,0.036054931,0.013602798,0.126383764,0.200363074,0.038782087
3.7,0.028850061,0.028364468,0.139413681,0.036853933,0.013525068,0.129151292,0.200363074,0.042782531
3.71,0.028931329,0.030575677,0.139413681,0.037203496,0.013291877,0.130073801,0.201707793,0.047005223
3.72,0.028931329,0.033320625,0.141368078,0.037003745,0.013214147,0.133763838,0.203052511,0.050227803
3.73,0.0292564,0.035379337,0.141368078,0.037053683,0.013136417,0.137453875,0.20439723,0.061006779
3.74,0.029337668,0.039344262,0.136807818,0.037003745,0.013136417,0.145756458,0.203052511,0.062229137
3.75,0.029906542,0.043995425,0.138762215,0.037003745,0.013058686,0.149446495,0.20439723,0.064673853
3.76,0.032344575,0.045825391,0.14723127,0.036953808,0.013136417,0.151291513,0.215154979,0.06556284
3.77,0.032588379,0.048570339,0.147557003,0.036754057,0.013136417,0.154059041,0.219189135,0.065785087
3.78,0.032832182,0.049866565,0.146579805,0.036754057,0.013058686,0.155904059,0.217844416,0.066674075
3.79,0.032832182,0.050552802,0.148208469,0.036254682,0.013136417,0.155904059,0.229946884,0.068229803
3.8,0.03291345,0.052840259,0.150814332,0.035905119,0.013214147,0.155904059,0.23398104,0.070896766
3.81,0.032832182,0.059473885,0.152117264,0.035655431,0.013214147,0.155904059,0.231291602,0.075008334
3.82,0.032832182,0.060388868,0.152442997,0.035605493,0.013136417,0.155904059,0.228602165,0.076230692
3.83,0.033888663,0.065726268,0.153094463,0.035655431,0.013136417,0.155904059,0.229946884,0.078119791
3.84,0.033969931,0.068318719,0.153420195,0.035655431,0.013058686,0.157749078,0.231291602,0.078342038
3.85,0.03437627,0.070148685,0.154071661,0.035605493,0.013291877,0.158671587,0.232636321,0.079008779
3.86,0.034457538,0.07091117,0.154723127,0.035555556,0.013525068,0.158671587,0.236670477,0.079564396
3.87,0.035270215,0.071597408,0.155374593,0.03525593,0.013602798,0.158671587,0.242049351,0.080120013
3.88,0.036082893,0.073884865,0.155700326,0.03525593,0.013758259,0.158671587,0.240704633,0.080564507
3.89,0.037139374,0.074952345,0.152442997,0.034906367,0.013602798,0.159594096,0.242049351,0.083120347
3.9,0.037383178,0.075791079,0.149185668,0.034406991,0.013602798,0.159594096,0.24339407,0.08578731
3.91,0.037708249,0.077011056,0.149511401,0.034207241,0.013525068,0.159594096,0.242049351,0.088454273
3.92,0.038602194,0.078536027,0.149511401,0.034157303,0.013525068,0.159594096,0.242049351,0.091232359
3.93,0.040065014,0.078536027,0.149185668,0.034157303,0.013758259,0.158671587,0.242049351,0.092343594
3.94,0.040471353,0.079298513,0.150162866,0.034157303,0.014302371,0.158671587,0.240704633,0.092565841
3.95,0.041365299,0.079298513,0.149511401,0.034007491,0.015157404,0.158671587,0.24339407,0.092899211
3.96,0.041202763,0.080060999,0.149185668,0.033907616,0.016323358,0.158671587,0.247428226,0.093788199
3.97,0.04095896,0.080823485,0.15276873,0.033857678,0.017489312,0.158671587,0.246083507,0.094899433
3.98,0.042259244,0.08158597,0.153094463,0.03380774,0.017800233,0.158671587,0.244738788,0.095788421
3.99,0.04315319,0.083110942,0.153420195,0.033757803,0.018577536,0.158671587,0.239359914,0.096344038
4,0.045022349,0.084635913,0.151791531,0.033757803,0.018810727,0.158671587,0.238015195,0.097899767
4.01,0.045428688,0.08692337,0.152117264,0.033707865,0.019199378,0.158671587,0.238015195,0.100344483
4.02,0.046403901,0.087685856,0.151140065,0.03360799,0.019354839,0.158671587,0.238015195,0.101344594
4.03,0.04681024,0.087685856,0.150488599,0.033458177,0.019510299,0.158671587,0.238015195,0.101566841
4.04,0.047379114,0.087685856,0.150162866,0.033358302,0.019432569,0.158671587,0.236670477,0.101677964
4.05,0.047785453,0.088448342,0.149511401,0.032759051,0.019432569,0.158671587,0.23398104,0.103567063
4.06,0.04827306,0.088448342,0.148859935,0.030561798,0.019432569,0.158671587,0.235325758,0.10667852
4.07,0.049573344,0.089210827,0.148859935,0.026317104,0.01958803,0.158671587,0.235325758,0.10701189
4.08,0.049410809,0.089210827,0.149511401,0.024519351,0.019510299,0.159594096,0.236670477,0.108012001
4.09,0.050223486,0.089973313,0.150814332,0.024219725,0.01966576,0.160516605,0.236670477,0.109345483
4.1,0.050792361,0.089973313,0.151791531,0.023970038,0.01966576,0.160516605,0.238015195,0.109678853
4.11,0.051279968,0.090735799,0.152117264,0.02247191,0.01974349,0.154059041,0.24339407,0.110123347
4.12,0.051605039,0.090735799,0.150488599,0.020574282,0.01974349,0.145756458,0.242049351,0.110123347
4.13,0.05266152,0.093023256,0.151791531,0.017827715,0.019898951,0.144833948,0.238015195,0.112234693
4.14,0.05266152,0.093785742,0.153420195,0.017827715,0.020287602,0.151291513,0.242049351,0.113345927
4.15,0.053474198,0.094548227,0.15276873,0.019225968,0.020287602,0.149446495,0.242049351,0.112234693
4.16,0.053961804,0.094548227,0.153745928,0.019825219,0.020365332,0.158671587,0.242049351,0.112234693
4.17,0.054449411,0.093785742,0.154071661,0.021822722,0.020520793,0.166051661,0.24339407,0.112234693
4.18,0.055424624,0.094548227,0.153745928,0.022172285,0.020909444,0.164206642,0.246083507,0.113345927
4.19,0.05631857,0.093785742,0.158631922,0.022571785,0.020909444,0.157749078,0.255496537,0.113345927
4.2,0.057212515,0.093023256,0.159283388,0.02411985,0.021142635,0.15498155,0.255496537,0.112234693
4.21,0.057212515,0.093023256,0.160912052,0.030661673,0.02238632,0.15498155,0.258185975,0.111123458
4.22,0.058106461,0.091498284,0.161237785,0.03340824,0.022774971,0.151291513,0.259530693,0.110456717
4.23,0.057943925,0.090735799,0.161237785,0.035805243,0.022852701,0.148523985,0.260875412,0.105233915
4.24,0.058025193,0.089210827,0.160912052,0.038401998,0.022930431,0.140221402,0.260875412,0.104678298
4.25,0.05778139,0.087685856,0.159934853,0.042147316,0.023008162,0.135608856,0.26222013,0.103567063
4.26,0.056481105,0.086160885,0.152117264,0.044444444,0.023008162,0.133763838,0.251462382,0.103567063
4.27,0.056237302,0.084635913,0.152442997,0.045443196,0.023474543,0.13099631,0.24339407,0.103678187
4.28,0.056237302,0.083873427,0.15504886,0.045792759,0.023630004,0.129151292,0.24339407,0.103567063
4.29,0.056399838,0.083873427,0.15732899,0.045942572,0.023630004,0.129151292,0.23398104,0.102789199
4.3,0.056074766,0.082348456,0.156026059,0.046092385,0.023707734,0.131918819,0.231291602,0.10123347
4.31,0.056399838,0.077773542,0.158306189,0.046541823,0.023707734,0.135608856,0.232636321,0.098899878
4.32,0.056237302,0.077011056,0.158957655,0.047340824,0.023863195,0.137453875,0.238015195,0.098344261
4.33,0.055912231,0.072588639,0.161563518,0.048539326,0.023940925,0.137453875,0.238015195,0.096899656
4.34,0.055830963,0.070148685,0.161889251,0.048888889,0.024096386,0.134686347,0.239359914,0.096788532
4.35,0.055912231,0.068318719,0.161889251,0.05093633,0.024096386,0.133763838,0.238015195,0.096677409
4.36,0.056237302,0.067556233,0.161563518,0.051435705,0.024174116,0.133763838,0.23398104,0.096344038
4.37,0.055668428,0.066869996,0.164169381,0.052434457,0.024251846,0.133763838,0.231291602,0.096010668
4.38,0.055343356,0.064353793,0.163843648,0.053932584,0.024174116,0.133763838,0.236670477,0.095677298
4.39,0.054611946,0.063133816,0.166449511,0.05443196,0.024174116,0.133763838,0.235325758,0.093677075
4.4,0.054611946,0.062142585,0.167100977,0.05443196,0.024251846,0.133763838,0.235325758,0.091343483
4.41,0.054693214,0.060312619,0.171335505,0.05443196,0.024251846,0.133763838,0.238015195,0.08900989
4.42,0.054205608,0.059092642,0.174918567,0.054931336,0.024562767,0.133763838,0.240704633,0.086231804
4.43,0.053149126,0.058101411,0.176547231,0.054931336,0.024718228,0.133763838,0.244738788,0.085009446
4.44,0.052824055,0.058025162,0.178501629,0.054931336,0.024329576,0.133763838,0.244738788,0.084898322
4.45,0.052255181,0.057643919,0.179153095,0.054931336,0.023863195,0.133763838,0.242049351,0.084564952
4.46,0.051361235,0.056500191,0.17980456,0.054931336,0.023085892,0.133763838,0.238015195,0.083787088
4.47,0.050954896,0.055737705,0.177198697,0.054931336,0.022230859,0.133763838,0.240704633,0.082675853
4.48,0.04973588,0.054746474,0.177198697,0.055430712,0.021997668,0.133763838,0.24339407,0.081786865
4.49,0.049167005,0.051696531,0.176872964,0.055930087,0.021453556,0.133763838,0.244738788,0.081453495
4.5,0.048598131,0.049485322,0.179478827,0.055930087,0.021220365,0.133763838,0.250117663,0.080120013
4.51,0.048354328,0.045367899,0.181107492,0.055930087,0.020987175,0.133763838,0.250117663,0.07711968
4.52,0.04754165,0.044605414,0.183387622,0.056429463,0.020909444,0.133763838,0.248772944,0.076008445
4.53,0.047135311,0.044147922,0.184364821,0.056429463,0.020676253,0.133763838,0.248772944,0.076119569
4.54,0.046485169,0.043537934,0.18534202,0.056928839,0.020676253,0.133763838,0.250117663,0.076341816
4.55,0.046160098,0.042775448,0.18534202,0.056928839,0.020753984,0.133763838,0.250117663,0.073674853
4.56,0.045753759,0.042470454,0.186319218,0.056928839,0.020831714,0.133763838,0.248772944,0.069007668
4.57,0.04461601,0.040792985,0.191856678,0.056928839,0.020753984,0.133763838,0.254151819,0.068340927
4.58,0.045022349,0.040259245,0.192508143,0.056928839,0.020676253,0.133763838,0.254151819,0.066896322
4.59,0.044534742,0.039878002,0.192833876,0.057428215,0.020676253,0.131918819,0.255496537,0.064562729
4.6,0.0438846,0.038505528,0.193159609,0.057428215,0.020753984,0.124538745,0.254151819,0.064118235
4.61,0.0438846,0.037285551,0.196742671,0.057927591,0.020753984,0.119926199,0.250117663,0.064229359
4.62,0.044697278,0.036370568,0.199348534,0.057927591,0.020753984,0.114391144,0.254151819,0.062895877
4.63,0.044209671,0.029813191,0.199022801,0.057927591,0.020520793,0.108856089,0.254151819,0.058450939
4.64,0.04461601,0.026839497,0.198045603,0.057927591,0.020209872,0.097785978,0.247428226,0.053783754
4.65,0.043803332,0.021959588,0.198697068,0.057428215,0.020287602,0.096863469,0.248772944,0.05300589
4.66,0.043559529,0.020510865,0.198697068,0.056928839,0.020209872,0.078228782,0.248772944,0.05300589
4.67,0.04315319,0.018833397,0.198371336,0.056429463,0.020054411,0.056457565,0.248772944,0.051783532
4.68,0.042177976,0.016698437,0.197394137,0.055930087,0.01966576,0.053228782,0.244738788,0.050894544
4.69,0.041040228,0.014182234,0.191205212,0.055930087,0.01982122,0.053228782,0.235325758,0.049449939
4.7,0.040633889,0.013648494,0.195765472,0.054931336,0.01958803,0.053228782,0.240704633,0.048560951
4.71,0.040390085,0.01280976,0.194788274,0.051435705,0.018188885,0.053136531,0.240704633,0.048116457
4.72,0.039089801,0.012199771,0.193811075,0.049787765,0.017722503,0.053228782,0.236670477,0.047005223
4.73,0.03949614,0.012123523,0.195765472,0.048339576,0.017722503,0.053321033,0.235325758,0.046449606
4.74,0.039333604,0.011971026,0.196742671,0.046691636,0.017644773,0.053413284,0.235325758,0.046116235
4.75,0.039577408,0.011818528,0.199348534,0.043445693,0.017567042,0.053413284,0.235325758,0.046116235
4.76,0.042909386,0.011818528,0.200651466,0.041098627,0.017567042,0.053413284,0.240704633,0.045005001
4.77,0.044697278,0.011513534,0.199674267,0.04,0.01702293,0.053505535,0.240704633,0.04467163
4.78,0.04461601,0.011513534,0.19771987,0.039600499,0.017100661,0.053413284,0.239359914,0.043893766
4.79,0.044209671,0.011437286,0.194462541,0.039450687,0.01702293,0.053228782,0.239359914,0.043449272
4.8,0.043965868,0.011666031,0.196742671,0.039300874,0.01702293,0.044095941,0.238015195,0.043115902
4.81,0.046647704,0.01120854,0.193811075,0.038801498,0.0169452,0.030719557,0.238015195,0.041893544
4.82,0.050386022,0.011513534,0.193159609,0.03835206,0.016712009,0.025645757,0.232636321,0.042226914
4.83,0.050711093,0.011513534,0.192508143,0.037702871,0.016712009,0.025276753,0.231291602,0.042560285
4.84,0.051442503,0.011437286,0.191856678,0.037652934,0.016712009,0.024261993,0.231291602,0.042782531
4.85,0.051036164,0.011361037,0.191856678,0.03505618,0.01686747,0.023247233,0.231291602,0.042115791
4.86,0.050873629,0.011437286,0.191856678,0.034656679,0.016634279,0.023247233,0.231291602,0.043338149
4.87,0.050711093,0.011589783,0.193485342,0.033158552,0.016634279,0.02297048,0.232636321,0.043338149
4.88,0.05046729,0.011666031,0.196742671,0.030611735,0.016634279,0.02297048,0.225912728,0.043560396
4.89,0.050386022,0.01174228,0.194136808,0.031260924,0.016634279,0.023247233,0.224568009,0.043560396
4.9,0.050223486,0.011589783,0.192833876,0.032259675,0.016712009,0.023247233,0.221878572,0.043449272
4.91,0.050548558,0.011589783,0.188925081,0.032908864,0.01686747,0.023339483,0.219189135,0.043560396
4.92,0.051605039,0.011589783,0.184690554,0.033508115,0.016556549,0.022878229,0.21381026,0.043338149
4.93,0.051848842,0.011894777,0.183387622,0.033308365,0.016245628,0.02297048,0.209776104,0.043560396
4.94,0.052255181,0.011894777,0.180130293,0.033358302,0.016323358,0.02297048,0.207086667,0.043449272
4.95,0.052255181,0.012199771,0.180130293,0.033058677,0.016245628,0.022785978,0.207086667,0.043338149
4.96,0.052417716,0.012123523,0.179478827,0.033058677,0.016245628,0.022785978,0.205741949,0.043115902
4.97,0.052336449,0.012047274,0.178501629,0.033058677,0.016245628,0.022785978,0.201707793,0.042782531
4.98,0.052336449,0.011894777,0.178501629,0.032359551,0.017100661,0.022878229,0.197673637,0.042671408
4.99,0.052173913,0.011894777,0.178175896,0.032059925,0.017178391,0.02297048,0.196328918,0.042226914
5,0.051117432,0.011513534,0.175570033,0.032009988,0.017100661,0.02297048,0.188260607,0.04111568
5.01,0.051117432,0.011513534,0.174267101,0.031910112,0.017178391,0.02297048,0.186915888,0.04111568
5.02,0.051036164,0.011513534,0.176547231,0.031360799,0.017333852,0.022785978,0.197673637,0.040560062
5.03,0.0511987,0.011132291,0.182736156,0.030711611,0.017567042,0.022785978,0.240704633,0.039337704
5.04,0.051279968,0.010903546,0.184690554,0.030411985,0.018499806,0.022878229,0.244738788,0.03855984
5.05,0.051279968,0.010827297,0.18534202,0.030411985,0.018499806,0.022878229,0.244738788,0.03855984
5.06,0.0511987,0.010903546,0.184364821,0.030411985,0.018577536,0.023523985,0.244738788,0.039782198
5.07,0.050954896,0.010903546,0.177198697,0.030362047,0.018577536,0.025369004,0.239359914,0.039782198
5.08,0.050548558,0.010903546,0.179478827,0.029962547,0.018577536,0.036439114,0.239359914,0.039782198
5.09,0.050304754,0.010979794,0.179478827,0.029213483,0.018499806,0.038191882,0.240704633,0.039337704
5.1,0.050060951,0.011056043,0.17752443,0.02906367,0.018499806,0.038560886,0.242049351,0.039226581
5.11,0.049492076,0.012123523,0.173615635,0.028614232,0.018888457,0.042158672,0.242049351,0.038670963
5.12,0.048679399,0.013495997,0.173615635,0.028264669,0.019121648,0.049538745,0.244738788,0.039893322
5.13,0.048760666,0.013800991,0.173941368,0.027965044,0.019277108,0.050922509,0.248772944,0.040226692
5.14,0.048354328,0.013800991,0.169055375,0.027915106,0.019354839,0.117158672,0.250117663,0.040226692
5.15,0.048191792,0.014334731,0.16970684,0.027615481,0.019432569,0.126383764,0.247428226,0.040337815
5.16,0.04827306,0.017460923,0.170358306,0.027515606,0.019432569,0.133763838,0.248772944,0.044449383
5.17,0.048354328,0.019367137,0.173615635,0.027265918,0.01958803,0.142066421,0.247428226,0.045338371
5.18,0.048110524,0.023255814,0.174592834,0.027116105,0.01966576,0.14298893,0.248772944,0.047116346
5.19,0.048516863,0.024247045,0.176547231,0.026516854,0.019510299,0.144833948,0.248772944,0.04756084
5.2,0.050304754,0.024780785,0.171009772,0.025468165,0.019510299,0.145756458,0.24339407,0.049005445
5.21,0.05046729,0.026229508,0.174267101,0.024918851,0.01966576,0.147601476,0.238015195,0.05011668
5.22,0.050386022,0.027068243,0.174267101,0.024769039,0.01974349,0.148523985,0.239359914,0.05045005
5.23,0.050548558,0.027296988,0.172312704,0.024319601,0.019898951,0.148523985,0.239359914,0.051005667
5.24,0.051036164,0.027601983,0.172638437,0.023570537,0.020132142,0.148523985,0.240704633,0.051561285
5.25,0.051848842,0.028745711,0.169381108,0.023370787,0.020132142,0.148523985,0.238015195,0.05333926
5.26,0.049248273,0.029736942,0.168403909,0.023270911,0.020132142,0.148523985,0.232636321,0.054339371
5.27,0.047866721,0.030728174,0.17752443,0.023270911,0.020132142,0.149446495,0.240704633,0.054339371
5.28,0.049248273,0.031338162,0.17752443,0.023270911,0.019976681,0.151291513,0.248772944,0.054561618
5.29,0.051279968,0.031948151,0.179478827,0.023270911,0.020054411,0.152214022,0.2528071,0.055672853
5.3,0.052824055,0.032253145,0.176872964,0.023220974,0.020054411,0.154059041,0.254151819,0.055783976
5.31,0.050548558,0.032786885,0.176547231,0.023121099,0.020054411,0.15498155,0.256841256,0.05622847
5.32,0.048760666,0.033549371,0.17752443,0.022172285,0.020132142,0.15498155,0.256841256,0.056784087
5.33,0.048110524,0.033854365,0.180456026,0.020724095,0.019976681,0.160516605,0.260875412,0.056784087
5.34,0.047947989,0.034616851,0.182084691,0.019875156,0.019898951,0.161439114,0.26222013,0.057673075
5.35,0.048516863,0.034998094,0.182410424,0.019325843,0.020054411,0.166051661,0.260875412,0.058117569
5.36,0.048516863,0.035379337,0.184039088,0.019325843,0.020054411,0.16697417,0.259530693,0.057339704
5.37,0.048598131,0.035913077,0.17980456,0.019325843,0.020132142,0.167896679,0.258185975,0.057673075
5.38,0.048841934,0.036980557,0.177198697,0.018776529,0.020909444,0.170664207,0.258185975,0.057561951
5.39,0.049979683,0.037590545,0.178175896,0.01627965,0.021842208,0.171586716,0.260875412,0.057895322
5.4,0.050386022,0.038734274,0.178827362,0.013932584,0.021686747,0.171586716,0.263564849,0.058006445
5.41,0.04973588,0.039039268,0.178827362,0.012134832,0.021686747,0.171586716,0.266254286,0.057895322
5.42,0.048598131,0.039115517,0.179478827,0.009438202,0.021842208,0.171586716,0.266254286,0.058339816
5.43,0.048923202,0.039268014,0.179478827,0.009388265,0.02254178,0.171586716,0.266254286,0.058784309
5.44,0.048679399,0.039649257,0.17980456,0.00928839,0.022852701,0.171586716,0.266254286,0.05911768
5.45,0.048679399,0.039801754,0.180456026,0.009538077,0.022930431,0.172509225,0.266254286,0.05911768
5.46,0.048435595,0.039954251,0.180781759,0.009737828,0.023085892,0.179889299,0.267599005,0.059339927
5.47,0.048841934,0.040259245,0.181758958,0.009538077,0.023241353,0.183579336,0.268943724,0.05945105
5.48,0.048841934,0.041174228,0.181758958,0.00928839,0.023163622,0.184501845,0.268943724,0.060006667
5.49,0.048923202,0.042089211,0.183061889,0.009937578,0.023085892,0.184501845,0.271633161,0.060228914
5.5,0.049167005,0.043537934,0.182736156,0.010536829,0.023163622,0.184501845,0.275667317,0.06200689
5.51,0.049898415,0.043919177,0.181758958,0.010636704,0.023163622,0.184501845,0.275667317,0.06267363
5.52,0.050304754,0.044452917,0.17752443,0.010986267,0.023319083,0.184501845,0.267599005,0.063229248
5.53,0.050386022,0.044605414,0.171009772,0.011735331,0.023241353,0.184501845,0.231291602,0.063340371
5.54,0.05046729,0.044681662,0.168729642,0.011935081,0.022697241,0.184501845,0.228602165,0.063451495
5.55,0.050304754,0.044986657,0.16970684,0.011685393,0.023008162,0.184501845,0.227257446,0.064340482
5.56,0.050548558,0.045062905,0.171009772,0.011435705,0.023163622,0.184501845,0.227257446,0.064340482
5.57,0.050873629,0.045291651,0.171986971,0.012084894,0.023319083,0.184501845,0.227257446,0.066118458
5.58,0.050792361,0.045672894,0.169381108,0.012484395,0.023630004,0.182656827,0.228602165,0.068007556
5.59,0.050873629,0.045749142,0.169055375,0.012634207,0.023707734,0.181734317,0.225912728,0.068007556
5.6,0.052336449,0.045825391,0.169381108,0.01278402,0.023707734,0.181734317,0.224568009,0.06778531
5.61,0.052255181,0.045749142,0.169055375,0.01278402,0.023707734,0.180811808,0.224568009,0.067674186
5.62,0.052336449,0.045520397,0.166449511,0.013033708,0.023552274,0.17896679,0.217844416,0.067118569
5.63,0.052173913,0.045825391,0.165472313,0.013732834,0.023707734,0.17896679,0.212465542,0.066562951
5.64,0.055262089,0.046435379,0.166449511,0.014132335,0.023785464,0.143911439,0.209776104,0.066785198
5.65,0.056156034,0.046282882,0.166775244,0.014681648,0.023863195,0.135608856,0.209776104,0.067451939
5.66,0.056481105,0.045215402,0.174918567,0.014831461,0.024174116,0.128228782,0.224568009,0.064562729
5.67,0.05704998,0.044452917,0.17752443,0.014881398,0.024329576,0.119926199,0.251462382,0.063784865
5.68,0.057131248,0.042775448,0.181758958,0.014881398,0.024407307,0.11900369,0.254151819,0.063007001
5.69,0.061194636,0.043080442,0.183387622,0.015081149,0.024485037,0.117158672,0.255496537,0.063895988
5.7,0.05997562,0.042927945,0.182736156,0.015230961,0.024640498,0.115313653,0.255496537,0.063007001
5.71,0.060300691,0.042165459,0.182410424,0.015230961,0.024562767,0.112546126,0.256841256,0.062118013
5.72,0.060463226,0.041707968,0.183387622,0.0156804,0.024407307,0.111623616,0.259530693,0.063229248
5.73,0.060381959,0.041555471,0.182736156,0.015830212,0.024407307,0.111623616,0.258185975,0.063451495
5.74,0.061113369,0.041402974,0.182736156,0.01588015,0.024795958,0.111623616,0.259530693,0.062895877
5.75,0.062413653,0.040640488,0.183387622,0.016129838,0.025029149,0.111623616,0.271633161,0.061117902
5.76,0.062657456,0.039954251,0.182410424,0.017228464,0.0254178,0.111623616,0.274322598,0.061006779
5.77,0.062576189,0.039191765,0.174592834,0.01772784,0.0254178,0.110701107,0.266254286,0.061562396
5.78,0.06143844,0.038658025,0.176547231,0.017877653,0.025495531,0.107933579,0.260875412,0.061895766
5.79,0.059894352,0.038200534,0.175570033,0.017927591,0.026272833,0.106088561,0.259530693,0.061117902
5.8,0.059000406,0.03789554,0.176221498,0.018027466,0.026350564,0.104243542,0.260875412,0.060895655
5.81,0.058675335,0.037438048,0.176872964,0.018027466,0.026506024,0.103321033,0.258185975,0.060673408
5.82,0.05704998,0.036751811,0.17752443,0.018227216,0.026739215,0.102398524,0.259530693,0.059895544
5.83,0.056968712,0.036446817,0.173941368,0.019225968,0.026972406,0.093173432,0.259530693,0.061117902
5.84,0.056562373,0.036218071,0.173289902,0.019625468,0.026816945,0.091143911,0.259530693,0.060673408
5.85,0.056156034,0.035913077,0.177850163,0.020024969,0.027205597,0.083210332,0.271633161,0.060340038
5.86,0.055912231,0.036141822,0.176872964,0.020174782,0.027127866,0.080811808,0.272977879,0.061562396
5.87,0.055830963,0.03576058,0.186644951,0.020274657,0.027127866,0.079428044,0.279701473,0.061673519
5.88,0.055668428,0.034616851,0.185667752,0.020374532,0.026583754,0.072693727,0.283735628,0.061562396
5.89,0.054693214,0.033930614,0.187296417,0.020524345,0.025961912,0.072140221,0.28239091,0.061562396
5.9,0.054205608,0.032939382,0.189576547,0.021073658,0.026195103,0.074630996,0.28239091,0.061673519
5.91,0.054205608,0.032786885,0.192833876,0.021622971,0.026195103,0.089667897,0.28239091,0.062229137
5.92,0.05412434,0.032710637,0.194136808,0.021822722,0.026117373,0.094095941,0.283735628,0.06200689
5.93,0.053636733,0.03255814,0.195114007,0.022022472,0.025650991,0.094095941,0.283735628,0.061784643
5.94,0.05339293,0.032634388,0.196091205,0.022122347,0.02534007,0.094095941,0.285080347,0.062895877
5.95,0.053555465,0.033473122,0.194788274,0.022172285,0.025884182,0.095940959,0.286425066,0.064007112
5.96,0.053718001,0.033244377,0.194788274,0.022122347,0.025961912,0.082933579,0.285080347,0.063895988
5.97,0.05339293,0.032939382,0.196742671,0.022322097,0.025884182,0.073247233,0.285080347,0.064340482
5.98,0.053474198,0.031871902,0.2,0.023420724,0.025573261,0.072601476,0.287769784,0.064118235
5.99,0.05339293,0.030728174,0.200977199,0.023470662,0.025728721,0.072509225,0.286425066,0.064451606
6,0.053067859,0.028745711,0.203257329,0.023820225,0.025650991,0.072509225,0.283735628,0.063340371
6.01,0.052336449,0.028898208,0.207166124,0.02411985,0.025884182,0.072509225,0.290459221,0.065118347
6.02,0.05193011,0.02988944,0.213680782,0.024169788,0.025806452,0.072509225,0.30121697,0.066562951
6.03,0.051767574,0.030194434,0.213355049,0.023870162,0.025961912,0.076752768,0.303906408,0.067229692
6.04,0.051605039,0.030880671,0.214657981,0.024169788,0.025806452,0.081365314,0.306595845,0.06778531
6.05,0.051686306,0.031261914,0.213355049,0.024369538,0.025495531,0.085885609,0.307940563,0.067118569
6.06,0.051523771,0.031948151,0.21237785,0.024719101,0.02534007,0.089944649,0.307940563,0.067229692
6.07,0.0511987,0.032100648,0.220521173,0.024868914,0.025184609,0.090774908,0.314664157,0.066785198
6.08,0.051117432,0.031948151,0.221498371,0.025168539,0.024873688,0.090867159,0.316008875,0.065118347
6.09,0.051117432,0.031719405,0.223127036,0.025268415,0.024873688,0.094095941,0.317353594,0.065007223
6.1,0.049573344,0.031871902,0.224104235,0.025318352,0.024795958,0.095940959,0.317353594,0.065451717
6.11,0.049573344,0.0320244,0.2247557,0.025817728,0.024562767,0.096863469,0.317353594,0.066007334
6.12,0.049329541,0.034540602,0.226384365,0.026167291,0.024407307,0.097785978,0.322732468,0.068674297
6.13,0.048679399,0.035989325,0.228338762,0.026217229,0.024329576,0.100553506,0.332145499,0.06845205
6.14,0.045103616,0.035455585,0.227361564,0.026566792,0.024018655,0.10701107,0.33080078,0.068229803
6.15,0.044047135,0.03576058,0.226710098,0.026367041,0.023863195,0.108856089,0.33080078,0.06845205
6.16,0.04315319,0.035989325,0.22019544,0.026566792,0.023474543,0.112546126,0.322732468,0.069118791
6.17,0.042096709,0.036751811,0.216612378,0.027565543,0.023241353,0.112546126,0.305251126,0.069896655
6.18,0.042015441,0.036523065,0.213029316,0.027615481,0.023241353,0.117158672,0.303906408,0.069674408
6.19,0.035270215,0.035531834,0.213029316,0.027715356,0.023319083,0.119926199,0.302561689,0.068785421
6.2,0.03364486,0.035455585,0.215309446,0.028214732,0.023241353,0.120848709,0.310630001,0.069229914
6.21,0.032750914,0.035379337,0.214332248,0.028714107,0.023241353,0.120848709,0.309285282,0.069452161
6.22,0.032425843,0.035455585,0.216938111,0.029163546,0.023241353,0.120848709,0.310630001,0.06845205
6.23,0.031613165,0.035531834,0.217263844,0.029513109,0.023163622,0.120848709,0.311974719,0.06778531
6.24,0.029337668,0.035531834,0.217589577,0.029962547,0.02254178,0.120848709,0.310630001,0.06778531
6.25,0.024217798,0.035455585,0.217263844,0.029962547,0.022308589,0.120848709,0.30121697,0.067563063
6.26,0.023242584,0.035455585,0.217263844,0.029463171,0.021997668,0.120848709,0.299872252,0.066896322
6.27,0.023080049,0.035455585,0.218566775,0.029213483,0.021919938,0.120848709,0.30121697,0.066340705
6.28,0.022836245,0.035455585,0.216938111,0.029413234,0.021764477,0.120848709,0.299872252,0.066007334
6.29,0.022511174,0.035531834,0.218566775,0.029962547,0.020831714,0.120848709,0.30121697,0.065896211
6.3,0.021861032,0.035531834,0.218892508,0.030811486,0.020676253,0.120848709,0.305251126,0.066007334
6.31,0.022592442,0.035531834,0.219218241,0.030961298,0.020520793,0.120848709,0.306595845,0.066562951
6.32,0.023811459,0.035455585,0.217589577,0.030911361,0.020132142,0.120848709,0.306595845,0.066118458
6.33,0.02559935,0.035455585,0.216938111,0.03031211,0.019976681,0.120848709,0.30121697,0.064673853
6.34,0.026005689,0.034998094,0.216286645,0.030162297,0.019976681,0.120848709,0.30121697,0.064340482
6.35,0.026005689,0.034845597,0.212052117,0.030162297,0.019043918,0.120848709,0.293148659,0.064562729
6.36,0.026086957,0.034235608,0.214006515,0.030062422,0.019043918,0.120848709,0.29180394,0.063007001
6.37,0.026168224,0.034006862,0.205863192,0.03031211,0.018966187,0.120848709,0.283735628,0.062784754
6.38,0.025924421,0.034006862,0.205863192,0.030262172,0.019043918,0.120848709,0.281046191,0.062784754
6.39,0.025843153,0.034006862,0.205211726,0.030162297,0.019043918,0.120848709,0.283735628,0.06234026
6.4,0.025843153,0.033701868,0.203908795,0.029862672,0.018655266,0.11900369,0.281046191,0.062562507
6.41,0.025843153,0.033854365,0.200651466,0.029612984,0.018499806,0.107933579,0.279701473,0.06267363
6.42,0.025924421,0.033778117,0.2,0.029812734,0.018266615,0.104243542,0.279701473,0.062895877
6.43,0.026005689,0.033701868,0.199674267,0.03031211,0.018188885,0.103321033,0.279701473,0.063229248
6.44,0.026086957,0.033244377,0.200325733,0.030661673,0.018188885,0.103321033,0.281046191,0.061895766
6.45,0.02559935,0.032253145,0.200977199,0.03051186,0.017411582,0.100553506,0.283735628,0.060895655
6.46,0.025355547,0.032329394,0.208469055,0.030411985,0.017178391,0.099630996,0.285080347,0.060784532
6.47,0.025355547,0.032329394,0.20781759,0.03031211,0.01702293,0.099630996,0.286425066,0.060451161
6.48,0.025193011,0.03255814,0.205211726,0.029463171,0.017178391,0.099630996,0.290459221,0.061006779
6.49,0.025274279,0.032786885,0.205537459,0.029263421,0.01702293,0.098708487,0.295838096,0.061229025
6.5,0.025436814,0.032939382,0.206840391,0.029563046,0.017100661,0.098708487,0.297182815,0.060784532
6.51,0.025436814,0.032329394,0.203583062,0.029513109,0.016478819,0.098708487,0.29180394,0.058228692
6.52,0.02559935,0.030651925,0.198045603,0.029363296,0.016323358,0.098708487,0.281046191,0.05622847
6.53,0.025843153,0.030041937,0.203257329,0.029363296,0.016012437,0.095940959,0.279701473,0.056117346
6.54,0.025680618,0.02988944,0.201954397,0.029013733,0.016012437,0.09197417,0.277012035,0.056339593
6.55,0.025680618,0.029203202,0.20228013,0.028913858,0.016167897,0.087638376,0.275667317,0.057006334
6.56,0.025518082,0.028364468,0.203257329,0.028614232,0.016090167,0.083579336,0.275667317,0.05622847
6.57,0.025436814,0.027906977,0.19771987,0.028364544,0.016012437,0.082656827,0.28239091,0.054339371
6.58,0.02559935,0.027525734,0.196742671,0.028264669,0.016090167,0.082472325,0.283735628,0.054228248
6.59,0.025518082,0.027525734,0.198697068,0.028264669,0.015934707,0.078782288,0.286425066,0.054228248
6.6,0.025436814,0.027373237,0.198697068,0.028614232,0.016012437,0.076476015,0.287769784,0.054006001
6.61,0.025436814,0.027068243,0.200325733,0.028614232,0.016012437,0.07601476,0.287769784,0.05367263
6.62,0.025761885,0.02348456,0.200651466,0.028214732,0.016012437,0.073892989,0.28239091,0.050672297
6.63,0.026005689,0.020587114,0.198371336,0.027865169,0.015701516,0.070756458,0.272977879,0.05078342
6.64,0.026005689,0.020739611,0.198697068,0.027515606,0.015779246,0.061254613,0.274322598,0.051339038
6.65,0.026086957,0.020358368,0.200977199,0.027915106,0.015856976,0.056549816,0.289114503,0.050338927
6.66,0.026086957,0.02028212,0.202605863,0.027815231,0.016012437,0.049815498,0.286425066,0.050005556
6.67,0.026005689,0.018985894,0.201954397,0.02701623,0.016090167,0.048800738,0.286425066,0.049227692
6.68,0.026168224,0.019138391,0.202605863,0.027265918,0.016012437,0.036900369,0.287769784,0.049005445
6.69,0.026412028,0.019138391,0.199674267,0.02721598,0.015701516,0.025369004,0.29180394,0.048672075
6.7,0.026574563,0.018985894,0.198045603,0.026616729,0.015623786,0.023431734,0.287769784,0.048672075
6.71,0.026574563,0.019443385,0.196091205,0.026167291,0.015623786,0.02297048,0.290459221,0.048560951
6.72,0.02633076,0.019595883,0.193159609,0.025667915,0.015546055,0.022693727,0.287769784,0.048116457
6.73,0.026412028,0.020663363,0.192508143,0.025218477,0.015623786,0.02297048,0.286425066,0.048894322
6.74,0.02633076,0.021273351,0.191530945,0.024769039,0.015701516,0.023247233,0.286425066,0.05011668
6.75,0.02633076,0.021273351,0.191856678,0.024918851,0.015623786,0.023616236,0.286425066,0.050227803
6.76,0.026249492,0.0213496,0.192833876,0.024769039,0.015468325,0.023800738,0.286425066,0.050561174
6.77,0.026168224,0.021578345,0.191856678,0.025418227,0.015468325,0.023800738,0.286425066,0.05045005
6.78,0.026168224,0.022493328,0.192833876,0.026666667,0.015390595,0.023431734,0.287769784,0.051339038
6.79,0.026005689,0.022722074,0.190553746,0.026466916,0.015312864,0.023523985,0.285080347,0.051450161
6.8,0.025761885,0.023027068,0.189250814,0.02576779,0.015312864,0.023523985,0.28239091,0.051783532
6.81,0.02486794,0.023179565,0.188599349,0.025867665,0.015157404,0.023616236,0.279701473,0.051339038
6.82,0.023892727,0.023560808,0.188599349,0.025867665,0.015079674,0.023892989,0.279701473,0.051450161
6.83,0.022186103,0.025009531,0.187947883,0.025867665,0.015079674,0.023892989,0.279701473,0.051894655
6.84,0.021617229,0.025162028,0.189576547,0.02576779,0.015079674,0.023892989,0.279701473,0.052005778
6.85,0.02121089,0.025467023,0.189250814,0.02576779,0.015001943,0.024538745,0.281046191,0.052228025
6.86,0.020967087,0.025695768,0.185993485,0.025867665,0.014846483,0.024354244,0.283735628,0.052228025
6.87,0.020885819,0.025848265,0.190553746,0.025617978,0.014691022,0.024723247,0.289114503,0.052116902
6.88,0.020804551,0.025848265,0.194136808,0.025717853,0.014380101,0.025830258,0.289114503,0.052339149
6.89,0.020804551,0.025924514,0.192833876,0.025917603,0.014302371,0.026107011,0.285080347,0.052672519
6.9,0.020967087,0.025924514,0.191530945,0.025867665,0.014302371,0.025830258,0.285080347,0.052116902
6.91,0.020885819,0.025695768,0.191856678,0.025817728,0.014380101,0.025830258,0.285080347,0.051339038
6.92,0.020723283,0.026000763,0.191205212,0.02576779,0.014380101,0.02601476,0.285080347,0.051116791
6.93,0.020885819,0.026305757,0.193159609,0.025218477,0.014224641,0.025922509,0.289114503,0.050561174
6.94,0.021048354,0.026305757,0.194788274,0.024719101,0.01406918,0.025922509,0.289114503,0.050561174
6.95,0.021454693,0.026077011,0.194462541,0.024669164,0.01399145,0.025830258,0.287769784,0.050338927
6.96,0.021373425,0.026000763,0.187947883,0.024669164,0.01406918,0.026107011,0.289114503,0.050227803
6.97,0.021129622,0.026000763,0.190553746,0.024619226,0.01414691,0.026291513,0.287769784,0.050005556
6.98,0.021129622,0.02561952,0.193159609,0.024569288,0.013680529,0.026383764,0.28239091,0.048894322
6.99,0.021454693,0.025238277,0.190879479,0.024519351,0.013602798,0.026476015,0.278356754,0.048005334
7,0.021454693,0.025009531,0.18762215,0.023520599,0.013525068,0.026568266,0.281046191,0.047671964
7.01,0.02267371,0.02508578,0.18762215,0.023270911,0.013525068,0.026568266,0.283735628,0.047783087
7.02,0.02340512,0.025009531,0.188599349,0.023670412,0.013525068,0.026476015,0.28239091,0.048560951
7.03,0.024380333,0.025390774,0.183061889,0.023770287,0.013525068,0.026199262,0.285080347,0.048449828
7.04,0.024949208,0.025009531,0.184690554,0.023770287,0.013369608,0.026199262,0.286425066,0.047783087
7.05,0.025518082,0.024933283,0.185993485,0.023770287,0.013291877,0.026107011,0.287769784,0.047005223
7.06,0.02559935,0.024933283,0.186644951,0.023970038,0.013369608,0.026107011,0.290459221,0.04722747
7.07,0.025680618,0.024857034,0.182084691,0.024269663,0.013369608,0.026199262,0.277012035,0.04722747
7.08,0.025761885,0.024780785,0.182084691,0.024019975,0.013136417,0.026199262,0.277012035,0.047005223
7.09,0.025843153,0.024780785,0.17752443,0.023970038,0.013369608,0.02601476,0.275667317,0.046782976
7.1,0.025843153,0.024704537,0.17752443,0.023420724,0.013369608,0.025922509,0.28239091,0.046560729
7.11,0.025761885,0.024475791,0.176547231,0.022971286,0.013447338,0.025461255,0.285080347,0.046005112
7.12,0.025436814,0.024475791,0.176221498,0.023071161,0.013369608,0.025184502,0.289114503,0.045782865
7.13,0.025111743,0.024475791,0.176547231,0.023620474,0.013369608,0.025092251,0.29180394,0.046005112
7.14,0.025274279,0.0240183,0.178827362,0.023670412,0.013214147,0.025092251,0.293148659,0.046005112
7.15,0.025030475,0.0240183,0.176872964,0.023270911,0.013214147,0.024815498,0.279701473,0.046449606
7.16,0.024949208,0.023942051,0.175895766,0.023171036,0.013214147,0.024723247,0.281046191,0.046782976
7.17,0.024949208,0.023865803,0.177198697,0.023171036,0.012903226,0.024815498,0.279701473,0.046449606
7.18,0.024624137,0.023713305,0.17980456,0.023021224,0.013058686,0.024723247,0.278356754,0.046338482
7.19,0.024461601,0.023560808,0.17980456,0.022871411,0.012980956,0.025,0.274322598,0.046116235
7.2,0.024461601,0.023560808,0.179153095,0.022921348,0.012980956,0.025,0.272977879,0.045005001
7.21,0.024461601,0.023179565,0.180456026,0.022821473,0.013058686,0.025092251,0.271633161,0.044893877
7.22,0.024705404,0.022645825,0.181758958,0.022571785,0.013136417,0.025092251,0.272977879,0.044893877
7.23,0.024949208,0.021730843,0.182084691,0.02247191,0.012980956,0.024723247,0.272977879,0.044004889
7.24,0.025436814,0.021578345,0.184364821,0.022421973,0.012980956,0.024261993,0.275667317,0.043227025
7.25,0.025518082,0.021654594,0.186644951,0.02207241,0.012980956,0.023892989,0.277012035,0.043893766
7.26,0.025843153,0.022035837,0.186319218,0.022222222,0.012980956,0.023800738,0.279701473,0.044227136
7.27,0.026655831,0.022112085,0.188925081,0.023670412,0.012980956,0.023800738,0.279701473,0.044227136
7.28,0.026655831,0.0213496,0.187947883,0.022771536,0.012980956,0.023708487,0.279701473,0.042671408
7.29,0.026737099,0.021044605,0.189250814,0.022571785,0.013136417,0.023616236,0.28239091,0.042338038
7.3,0.026737099,0.020663363,0.194136808,0.02227216,0.013136417,0.023616236,0.279701473,0.041671297
7.31,0.026737099,0.020434617,0.194136808,0.022022472,0.013136417,0.023339483,0.28239091,0.04111568
7.32,0.026493295,0.020053374,0.194462541,0.022022472,0.013058686,0.02297048,0.283735628,0.040893433
7.33,0.02633076,0.018375906,0.195765472,0.02207241,0.013058686,0.022693727,0.285080347,0.040448939
7.34,0.02633076,0.018299657,0.195765472,0.022571785,0.012980956,0.022509225,0.283735628,0.040782309
7.35,0.026574563,0.018299657,0.198045603,0.022521848,0.013136417,0.021678967,0.28239091,0.039782198
7.36,0.026655831,0.018299657,0.198697068,0.022771536,0.013214147,0.021771218,0.281046191,0.040337815
7.37,0.026655831,0.018223408,0.194788274,0.023270911,0.013369608,0.021494465,0.28239091,0.04111568
7.38,0.026737099,0.019138391,0.192508143,0.023370787,0.013369608,0.020387454,0.281046191,0.041337926
7.39,0.026818367,0.019062143,0.193485342,0.023420724,0.013291877,0.020110701,0.283735628,0.041226803
7.4,0.026737099,0.019138391,0.195439739,0.023420724,0.013291877,0.020110701,0.286425066,0.042338038
7.41,0.026899634,0.018985894,0.197394137,0.023420724,0.013291877,0.019926199,0.289114503,0.042338038
7.42,0.026899634,0.0186809,0.203908795,0.023121099,0.013369608,0.02001845,0.290459221,0.042449161
7.43,0.026980902,0.018528403,0.203257329,0.022921348,0.013369608,0.019833948,0.290459221,0.042671408
7.44,0.02706217,0.019290888,0.204234528,0.022871411,0.013369608,0.02001845,0.293148659,0.043338149
7.45,0.027224705,0.019519634,0.206840391,0.023370787,0.013369608,0.019926199,0.295838096,0.044449383
7.46,0.027468509,0.01974838,0.20781759,0.0239201,0.013214147,0.019557196,0.294493377,0.045005001
7.47,0.027956115,0.020129623,0.203257329,0.024219725,0.013136417,0.019372694,0.294493377,0.045227248
7.48,0.028118651,0.020663363,0.20228013,0.024519351,0.013136417,0.019188192,0.302561689,0.045338371
7.49,0.027874848,0.020663363,0.20228013,0.024569288,0.013136417,0.019464945,0.30121697,0.045227248
7.5,0.02779358,0.020739611,0.201954397,0.024619226,0.013136417,0.02001845,0.303906408,0.045560618
7.51,0.026899634,0.02081586,0.202605863,0.025018727,0.013136417,0.020571956,0.302561689,0.046005112
7.52,0.026086957,0.02081586,0.203257329,0.025068664,0.013214147,0.021125461,0.305251126,0.045227248
7.53,0.025111743,0.020434617,0.204560261,0.025617978,0.013291877,0.021125461,0.314664157,0.045338371
7.54,0.024380333,0.02028212,0.207166124,0.025817728,0.013291877,0.02103321,0.313319438,0.045005001
7.55,0.024055262,0.02028212,0.205863192,0.025867665,0.013136417,0.021586716,0.314664157,0.044893877
7.56,0.024217798,0.020434617,0.205211726,0.025617978,0.013136417,0.021863469,0.317353594,0.045005001
7.57,0.024624137,0.020587114,0.205863192,0.025218477,0.013291877,0.02195572,0.318698312,0.045227248
7.58,0.024542869,0.020739611,0.206840391,0.025318352,0.013291877,0.022693727,0.316008875,0.045338371
7.59,0.024542869,0.020892108,0.205863192,0.025468165,0.013058686,0.023339483,0.313319438,0.046671852
7.6,0.024542869,0.021120854,0.205537459,0.02556804,0.013058686,0.031734317,0.311974719,0.047338593
7.61,0.02486794,0.0213496,0.210423453,0.025667915,0.013214147,0.032933579,0.313319438,0.04756084
7.62,0.025843153,0.021273351,0.211400652,0.025667915,0.013214147,0.038284133,0.310630001,0.047116346
7.63,0.026493295,0.021273351,0.211726384,0.025118602,0.013291877,0.043450185,0.313319438,0.04722747
7.64,0.026493295,0.021425848,0.211726384,0.024868914,0.013369608,0.043819188,0.311974719,0.046782976
7.65,0.026493295,0.021273351,0.210749186,0.024719101,0.013447338,0.044833948,0.313319438,0.046116235
7.66,0.02706217,0.021197103,0.210749186,0.024769039,0.013369608,0.045295203,0.313319438,0.045227248
7.67,0.027143438,0.0213496,0.209446254,0.024569288,0.013369608,0.045295203,0.317353594,0.045671741
7.68,0.027468509,0.021578345,0.206188925,0.024419476,0.013136417,0.045295203,0.316008875,0.046671852
7.69,0.027387241,0.021730843,0.206188925,0.024719101,0.013291877,0.045110701,0.32138775,0.04722747
7.7,0.027224705,0.022035837,0.209120521,0.024918851,0.013291877,0.045202952,0.320043031,0.049116569
7.71,0.027224705,0.022035837,0.208143323,0.025118602,0.013136417,0.045202952,0.320043031,0.049005445
7.72,0.026980902,0.02241708,0.206188925,0.025118602,0.013214147,0.045295203,0.318698312,0.049116569
7.73,0.027468509,0.022340831,0.206514658,0.025168539,0.013291877,0.045202952,0.317353594,0.049338815
7.74,0.02852499,0.02188334,0.205537459,0.025168539,0.013291877,0.045202952,0.314664157,0.048894322
7.75,0.02998781,0.021807091,0.204234528,0.025268415,0.013291877,0.045295203,0.313319438,0.048227581
7.76,0.030394149,0.0213496,0.202931596,0.025118602,0.013214147,0.045387454,0.310630001,0.04756084
7.77,0.030475417,0.021120854,0.199348534,0.023021224,0.013214147,0.045295203,0.310630001,0.048894322
7.78,0.030800488,0.020892108,0.200325733,0.02227216,0.013214147,0.045295203,0.310630001,0.049227692
7.79,0.030800488,0.020892108,0.199674267,0.022022472,0.013136417,0.045202952,0.307940563,0.049227692
7.8,0.030800488,0.020892108,0.195439739,0.02207241,0.013214147,0.045202952,0.306595845,0.049449939
7.81,0.03071922,0.021044605,0.195439739,0.022022472,0.013291877,0.045571956,0.305251126,0.049783309
7.82,0.03071922,0.021120854,0.195114007,0.021972534,0.013291877,0.045664207,0.305251126,0.049783309
7.83,0.03071922,0.020968357,0.199348534,0.021972534,0.013291877,0.045571956,0.305251126,0.049672186
7.84,0.030637952,0.020892108,0.198697068,0.021473159,0.013291877,0.045571956,0.306595845,0.049338815
7.85,0.030637952,0.020434617,0.196742671,0.021323346,0.013291877,0.045571956,0.305251126,0.049449939
7.86,0.030556684,0.020129623,0.197394137,0.020873908,0.013214147,0.045571956,0.309285282,0.048894322
7.87,0.030556684,0.019977125,0.19771987,0.020274657,0.013058686,0.045479705,0.320043031,0.048449828
7.88,0.030556684,0.019290888,0.198697068,0.020274657,0.013136417,0.045387454,0.32138775,0.048449828
7.89,0.030394149,0.019595883,0.201628665,0.020024969,0.013136417,0.045295203,0.320043031,0.048783198
7.9,0.030394149,0.019595883,0.199348534,0.020224719,0.013058686,0.045295203,0.317353594,0.048116457
7.91,0.030394149,0.01974838,0.200325733,0.020174782,0.013058686,0.045295203,0.314664157,0.048672075
7.92,0.030394149,0.020205871,0.196416938,0.020174782,0.012903226,0.045295203,0.316008875,0.048672075
7.93,0.030150345,0.020129623,0.196416938,0.020174782,0.012825496,0.045479705,0.313319438,0.048227581
7.94,0.030231613,0.019519634,0.193159609,0.020174782,0.012825496,0.045571956,0.307940563,0.048116457
7.95,0.029744007,0.019290888,0.190553746,0.019625468,0.012747765,0.045571956,0.306595845,0.047005223
7.96,0.029500203,0.019062143,0.188599349,0.018926342,0.012670035,0.045756458,0.305251126,0.046560729
7.97,0.028931329,0.018604651,0.188273616,0.018626717,0.012825496,0.045848709,0.306595845,0.046560729
7.98,0.028687525,0.018833397,0.187947883,0.018227216,0.013058686,0.045848709,0.298527533,0.046894099
7.99,0.028687525,0.019290888,0.19218241,0.018127341,0.012980956,0.045756458,0.299872252,0.048005334
8,0.028606258,0.01921464,0.192508143,0.018776529,0.012980956,0.045571956,0.29180394,0.048116457
8.01,0.028281187,0.019290888,0.191530945,0.018676654,0.012980956,0.045479705,0.29180394,0.048116457
8.02,0.028281187,0.01974838,0.189250814,0.018327091,0.012825496,0.045295203,0.289114503,0.048338704
8.03,0.028118651,0.019824628,0.188925081,0.018077403,0.012747765,0.045664207,0.277012035,0.047894211
8.04,0.028199919,0.01974838,0.186970684,0.018526841,0.012670035,0.045756458,0.277012035,0.048005334
8.05,0.028199919,0.019900877,0.186319218,0.018676654,0.012747765,0.045756458,0.274322598,0.048783198
8.06,0.028037383,0.019824628,0.185667752,0.018676654,0.012670035,0.045848709,0.268943724,0.048894322
8.07,0.027874848,0.01974838,0.18534202,0.018676654,0.012592305,0.046309963,0.267599005,0.048783198
8.08,0.027874848,0.019977125,0.185016287,0.018327091,0.012747765,0.050461255,0.271633161,0.048783198
8.09,0.02779358,0.020053374,0.18534202,0.018127341,0.012747765,0.050369004,0.275667317,0.048116457
8.1,0.027874848,0.019900877,0.184364821,0.017927591,0.012670035,0.045664207,0.268943724,0.048005334
8.11,0.027549777,0.019900877,0.179478827,0.017977528,0.012514574,0.044926199,0.26222013,0.048005334
8.12,0.026574563,0.019824628,0.176221498,0.018377029,0.012592305,0.040498155,0.260875412,0.047894211
8.13,0.025843153,0.019672131,0.176547231,0.018826467,0.012670035,0.035147602,0.255496537,0.047894211
8.14,0.025761885,0.019519634,0.176221498,0.018876405,0.012670035,0.034778598,0.260875412,0.048005334
8.15,0.026249492,0.01974838,0.176872964,0.018826467,0.012592305,0.035793358,0.260875412,0.047894211
8.16,0.025924421,0.019977125,0.179478827,0.018776529,0.012747765,0.042712177,0.259530693,0.048116457
8.17,0.026086957,0.01974838,0.182084691,0.018776529,0.012825496,0.045295203,0.255496537,0.048116457
8.18,0.026412028,0.019672131,0.181758958,0.018726592,0.012903226,0.046125461,0.254151819,0.047449717
8.19,0.026655831,0.019672131,0.180781759,0.018377029,0.012825496,0.046494465,0.247428226,0.047338593
8.2,0.026655831,0.019519634,0.17752443,0.018227216,0.012980956,0.046494465,0.246083507,0.046782976
8.21,0.026655831,0.019672131,0.17752443,0.018776529,0.012903226,0.046586716,0.246083507,0.046671852
8.22,0.026737099,0.01974838,0.181758958,0.019525593,0.012825496,0.046586716,0.246083507,0.047116346
8.23,0.026005689,0.020053374,0.181433225,0.020074906,0.012670035,0.046678967,0.248772944,0.048005334
8.24,0.024380333,0.020510865,0.180456026,0.020224719,0.012747765,0.04695572,0.2528071,0.048449828
8.25,0.022511174,0.020663363,0.182736156,0.020174782,0.012747765,0.04695572,0.255496537,0.048894322
8.26,0.021617229,0.020892108,0.183061889,0.020324594,0.012747765,0.047047971,0.254151819,0.049005445
8.27,0.020885819,0.02081586,0.184039088,0.020324594,0.012825496,0.047047971,0.2528071,0.047449717
8.28,0.020316944,0.020892108,0.183387622,0.020424469,0.012903226,0.047140221,0.2528071,0.047005223
8.29,0.020154409,0.020892108,0.183387622,0.020574282,0.012903226,0.047232472,0.2528071,0.04722747
8.3,0.020235677,0.021120854,0.185016287,0.020474407,0.012825496,0.047324723,0.26222013,0.048005334
8.31,0.020967087,0.021197103,0.185667752,0.020524345,0.012747765,0.046863469,0.26222013,0.048116457
8.32,0.02121089,0.021502097,0.186319218,0.020474407,0.012903226,0.047047971,0.267599005,0.048116457
8.33,0.021373425,0.02188334,0.180456026,0.020424469,0.012825496,0.047232472,0.266254286,0.048449828
8.34,0.021292158,0.022188334,0.179478827,0.020424469,0.012903226,0.047324723,0.267599005,0.048894322
8.35,0.021048354,0.022264583,0.179478827,0.020324594,0.012903226,0.047416974,0.267599005,0.048672075
8.36,0.020967087,0.022493328,0.179153095,0.020324594,0.012825496,0.047785978,0.263564849,0.049561062
8.37,0.02121089,0.022722074,0.178175896,0.020274657,0.012747765,0.050922509,0.242049351,0.049672186
8.38,0.021698497,0.022569577,0.1752443,0.020074906,0.012747765,0.052490775,0.239359914,0.049672186
8.39,0.022023568,0.022264583,0.171009772,0.019975031,0.012747765,0.05304428,0.240704633,0.048894322
8.4,0.022348639,0.022493328,0.171986971,0.019825219,0.012747765,0.05304428,0.242049351,0.048894322
8.41,0.022429907,0.022722074,0.168729642,0.019775281,0.012903226,0.053228782,0.247428226,0.048894322
8.42,0.022592442,0.022340831,0.165798046,0.020324594,0.012980956,0.053136531,0.258185975,0.049449939
8.43,0.02267371,0.022493328,0.166449511,0.020923845,0.013058686,0.053321033,0.258185975,0.051227914
8.44,0.022511174,0.022645825,0.168078176,0.021922597,0.013058686,0.053413284,0.258185975,0.050894544
8.45,0.022592442,0.022798323,0.16742671,0.022222222,0.013291877,0.053874539,0.256841256,0.051783532
8.46,0.022592442,0.022798323,0.167100977,0.02227216,0.013291877,0.053874539,0.258185975,0.051894655
8.47,0.022592442,0.022874571,0.167100977,0.02227216,0.013214147,0.053874539,0.255496537,0.052005778
8.48,0.02267371,0.022340831,0.166449511,0.022372035,0.013058686,0.056826568,0.266254286,0.052339149
8.49,0.02267371,0.022112085,0.161889251,0.022421973,0.013214147,0.060239852,0.264909568,0.052339149
8.5,0.022754978,0.022264583,0.162214984,0.021972534,0.013291877,0.06300738,0.267599005,0.052339149
8.51,0.023648923,0.02241708,0.164169381,0.021672909,0.013214147,0.063653137,0.267599005,0.052339149
8.52,0.025843153,0.022264583,0.163192182,0.021872659,0.013291877,0.063929889,0.266254286,0.052116902
8.53,0.027305973,0.022340831,0.162540717,0.021872659,0.013291877,0.06402214,0.266254286,0.052228025
8.54,0.028362454,0.022722074,0.160260586,0.021622971,0.013291877,0.069095941,0.268943724,0.052672519
8.55,0.028199919,0.022493328,0.163517915,0.021423221,0.013291877,0.070664207,0.270288442,0.052116902
8.56,0.028118651,0.022340831,0.16286645,0.021373283,0.013525068,0.072878229,0.270288442,0.051894655
8.57,0.02779358,0.022340831,0.16286645,0.021373283,0.013447338,0.073247233,0.268943724,0.052228025
8.58,0.02779358,0.022188334,0.162540717,0.021523096,0.013447338,0.070202952,0.264909568,0.053117013
8.59,0.02779358,0.022188334,0.161889251,0.021672909,0.013369608,0.070110701,0.260875412,0.052783643
8.6,0.027631044,0.023027068,0.161237785,0.021672909,0.013447338,0.07195572,0.266254286,0.052450272
8.61,0.027631044,0.023027068,0.159609121,0.021573034,0.013447338,0.072140221,0.268943724,0.052339149
8.62,0.027712312,0.023332063,0.159609121,0.021523096,0.013369608,0.072140221,0.278356754,0.052783643
8.63,0.027631044,0.0240183,0.157654723,0.021573034,0.013291877,0.072140221,0.278356754,0.053117013
8.64,0.027549777,0.0240183,0.155374593,0.021722846,0.013291877,0.072232472,0.271633161,0.05300589
8.65,0.027224705,0.023942051,0.156351792,0.021922597,0.013369608,0.071309963,0.274322598,0.05333926
8.66,0.027143438,0.023713305,0.155700326,0.021972534,0.013291877,0.071863469,0.274322598,0.053561507
8.67,0.026980902,0.023713305,0.156026059,0.021972534,0.013291877,0.072232472,0.274322598,0.05333926
8.68,0.026412028,0.023713305,0.156026059,0.022222222,0.013291877,0.072416974,0.274322598,0.05333926
8.69,0.026168224,0.023560808,0.158306189,0.02227216,0.013058686,0.072324723,0.272977879,0.053228137
8.7,0.026249492,0.023713305,0.158631922,0.022372035,0.013058686,0.072324723,0.271633161,0.052783643
8.71,0.026412028,0.024170797,0.158631922,0.021922597,0.013058686,0.072324723,0.275667317,0.052672519
8.72,0.026412028,0.023865803,0.153420195,0.021722846,0.012980956,0.076107011,0.277012035,0.052339149
8.73,0.026412028,0.023713305,0.153745928,0.021573034,0.013136417,0.076660517,0.274322598,0.051672408
8.74,0.026412028,0.023560808,0.153420195,0.021523096,0.012980956,0.080073801,0.272977879,0.051450161
8.75,0.02633076,0.023637057,0.149511401,0.021473159,0.012903226,0.084686347,0.270288442,0.051116791
8.76,0.026412028,0.023637057,0.149185668,0.021373283,0.012980956,0.085055351,0.271633161,0.051116791
8.77,0.026249492,0.023789554,0.147557003,0.021423221,0.012825496,0.085147602,0.271633161,0.051450161
8.78,0.026249492,0.023789554,0.148208469,0.021273408,0.012747765,0.085239852,0.271633161,0.051450161
8.79,0.026249492,0.023789554,0.150488599,0.021223471,0.012747765,0.085239852,0.271633161,0.051672408
8.8,0.026168224,0.023713305,0.149511401,0.021273408,0.012903226,0.085239852,0.26222013,0.051672408
8.81,0.025680618,0.023713305,0.148534202,0.021473159,0.012903226,0.085239852,0.263564849,0.052561396
8.82,0.025518082,0.023332063,0.146579805,0.021872659,0.012903226,0.085239852,0.256841256,0.052561396
8.83,0.025436814,0.023027068,0.146579805,0.02207241,0.012903226,0.085239852,0.256841256,0.052894766
8.84,0.025843153,0.022798323,0.146579805,0.022172285,0.012903226,0.085147602,0.255496537,0.052450272
8.85,0.025924421,0.022722074,0.146579805,0.022222222,0.012747765,0.085147602,0.254151819,0.052339149
8.86,0.026005689,0.02241708,0.146579805,0.022322097,0.012903226,0.085147602,0.254151819,0.051561285
8.87,0.025680618,0.022340831,0.146579805,0.022322097,0.012903226,0.083302583,0.254151819,0.051561285
8.88,0.025274279,0.022340831,0.146254072,0.022172285,0.012980956,0.082564576,0.254151819,0.051339038
8.89,0.02486794,0.022340831,0.145276873,0.022222222,0.012980956,0.083856089,0.251462382,0.051339038
8.9,0.024542869,0.022035837,0.144625407,0.022172285,0.012980956,0.084778598,0.250117663,0.051227914
8.91,0.024380333,0.021730843,0.143973941,0.022372035,0.012825496,0.084870849,0.244738788,0.050894544
8.92,0.024217798,0.021578345,0.143973941,0.02207241,0.012747765,0.0849631,0.228602165,0.05011668
8.93,0.023973994,0.021273351,0.143973941,0.021772784,0.012747765,0.084778598,0.227257446,0.048227581
8.94,0.023648923,0.020968357,0.140716612,0.021073658,0.012903226,0.084686347,0.228602165,0.048449828
8.95,0.023648923,0.020892108,0.14267101,0.020923845,0.012980956,0.084409594,0.228602165,0.047894211
8.96,0.023730191,0.020892108,0.143648209,0.020973783,0.012980956,0.084409594,0.236670477,0.050338927
8.97,0.023892727,0.020892108,0.145602606,0.020973783,0.012903226,0.084409594,0.236670477,0.050227803
8.98,0.023973994,0.020739611,0.146905538,0.020873908,0.012903226,0.082380074,0.228602165,0.049449939
8.99,0.023973994,0.020510865,0.14723127,0.020873908,0.012980956,0.079889299,0.227257446,0.048449828
9,0.02413653,0.02028212,0.147882736,0.020923845,0.012903226,0.077767528,0.228602165,0.048338704
9.01,0.023323852,0.019977125,0.145602606,0.02082397,0.013058686,0.077121771,0.227257446,0.047783087
9.02,0.021048354,0.019672131,0.145602606,0.020724095,0.013058686,0.076937269,0.227257446,0.047449717
9.03,0.01901666,0.019443385,0.145602606,0.020274657,0.013136417,0.076660517,0.227257446,0.047116346
9.04,0.017147501,0.018909645,0.14495114,0.019975031,0.013136417,0.072140221,0.221878572,0.046449606
9.05,0.017066233,0.0186809,0.143648209,0.020174782,0.012980956,0.070848709,0.221878572,0.046227359
9.06,0.017147501,0.018604651,0.14495114,0.020574282,0.012825496,0.068450185,0.224568009,0.046005112
9.07,0.017147501,0.018452154,0.145276873,0.020774033,0.012747765,0.067804428,0.225912728,0.045560618
9.08,0.018691589,0.018299657,0.146254072,0.02062422,0.012747765,0.067712177,0.228602165,0.044560507
9.09,0.019179195,0.01814716,0.146579805,0.020524345,0.012747765,0.067619926,0.228602165,0.045116124
9.1,0.019341731,0.017003431,0.146254072,0.020574282,0.012825496,0.065498155,0.228602165,0.045116124
9.11,0.019666802,0.016774686,0.148534202,0.020674157,0.012903226,0.065405904,0.225912728,0.044893877
9.12,0.019666802,0.016240946,0.15276873,0.020174782,0.012980956,0.065221402,0.21381026,0.044227136
9.13,0.019504267,0.015020968,0.152442997,0.019825219,0.012903226,0.065129151,0.21381026,0.043449272
9.14,0.019504267,0.015097217,0.152442997,0.019675406,0.012903226,0.064944649,0.215154979,0.043449272
9.15,0.01974807,0.014792223,0.151465798,0.01937578,0.012903226,0.064667897,0.211120823,0.042893655
9.16,0.019991873,0.014639726,0.148208469,0.019325843,0.012825496,0.059501845,0.209776104,0.042226914
9.17,0.019910605,0.014563477,0.145276873,0.019275905,0.012825496,0.05701107,0.211120823,0.04178242
9.18,0.019991873,0.014334731,0.145602606,0.018926342,0.012825496,0.056180812,0.209776104,0.041337926
9.19,0.020235677,0.014334731,0.147882736,0.018926342,0.012903226,0.05599631,0.212465542,0.041226803
9.2,0.020235677,0.013800991,0.149511401,0.018776529,0.012825496,0.055904059,0.21381026,0.040671186
9.21,0.019991873,0.01280976,0.150814332,0.018876405,0.012903226,0.055719557,0.208431386,0.041226803
9.22,0.020154409,0.012657263,0.151465798,0.018826467,0.012980956,0.050369004,0.207086667,0.04144905
9.23,0.020235677,0.012504766,0.151791531,0.018726592,0.012980956,0.049538745,0.208431386,0.04111568
9.24,0.020560748,0.012047274,0.151465798,0.018726592,0.012903226,0.043542435,0.205741949,0.041226803
9.25,0.021048354,0.011589783,0.151791531,0.019076155,0.012903226,0.033763838,0.20439723,0.041226803
9.26,0.022836245,0.01120854,0.152117264,0.01897628,0.012747765,0.032564576,0.205741949,0.041226803
9.27,0.023323852,0.010903546,0.15276873,0.018926342,0.012903226,0.032287823,0.207086667,0.040671186
9.28,0.025030475,0.010903546,0.154071661,0.019076155,0.013058686,0.032103321,0.207086667,0.040671186
9.29,0.025843153,0.010903546,0.150814332,0.01897628,0.013058686,0.03201107,0.209776104,0.040448939
9.3,0.026005689,0.010522303,0.149185668,0.019275905,0.012980956,0.03201107,0.209776104,0.039559951
9.31,0.025924421,0.010369806,0.148859935,0.019625468,0.012903226,0.032195572,0.208431386,0.039337704
9.32,0.026005689,0.010293557,0.149185668,0.019625468,0.012980956,0.031826568,0.209776104,0.04111568
9.33,0.025924421,0.010369806,0.148859935,0.019575531,0.013058686,0.032195572,0.209776104,0.040560062
9.34,0.025518082,0.010293557,0.148534202,0.019425718,0.012980956,0.032472325,0.211120823,0.040448939
9.35,0.025436814,0.010293557,0.147882736,0.019475655,0.013136417,0.032380074,0.209776104,0.040560062
9.36,0.025436814,0.011132291,0.147882736,0.01937578,0.013058686,0.032103321,0.208431386,0.042782531
9.37,0.025518082,0.011361037,0.14723127,0.019475655,0.013058686,0.032103321,0.209776104,0.042782531
9.38,0.02559935,0.013267251,0.148208469,0.019575531,0.012980956,0.031826568,0.209776104,0.043449272
9.39,0.025761885,0.013724743,0.155700326,0.019575531,0.012980956,0.035332103,0.209776104,0.043893766
9.4,0.025761885,0.014639726,0.157980456,0.019775281,0.013136417,0.048800738,0.209776104,0.04467163
9.41,0.025680618,0.014715974,0.158631922,0.019575531,0.013214147,0.06199262,0.211120823,0.044782754
9.42,0.025680618,0.014715974,0.158306189,0.019275905,0.013136417,0.064760148,0.209776104,0.044782754
9.43,0.025761885,0.01494472,0.155700326,0.018926342,0.013058686,0.065221402,0.211120823,0.045005001
9.44,0.025761885,0.016317194,0.15504886,0.018576779,0.012903226,0.065221402,0.208431386,0.045116124
9.45,0.025761885,0.016774686,0.15276873,0.018676654,0.012747765,0.067250923,0.207086667,0.045338371
9.46,0.025680618,0.017232177,0.152117264,0.018776529,0.012747765,0.068173432,0.197673637,0.044116013
9.47,0.02559935,0.017689668,0.151140065,0.018876405,0.012670035,0.068357934,0.1949842,0.044893877
9.48,0.025924421,0.018833397,0.149185668,0.019225968,0.012670035,0.073708487,0.192294762,0.045671741
9.49,0.026168224,0.019900877,0.149185668,0.01917603,0.012436844,0.077306273,0.190950044,0.045782865
9.5,0.026168224,0.022722074,0.151791531,0.019126092,0.012359114,0.082933579,0.186915888,0.046449606
9.51,0.026168224,0.024247045,0.151791531,0.01937578,0.012359114,0.091051661,0.186915888,0.046894099
9.52,0.026086957,0.025009531,0.156351792,0.019076155,0.012359114,0.09501845,0.185571169,0.05011668
9.53,0.026086957,0.026610751,0.156026059,0.018926342,0.012436844,0.097785978,0.182881732,0.05367263
9.54,0.026086957,0.027601983,0.158957655,0.01897628,0.012514574,0.099630996,0.185571169,0.054450495
9.55,0.02633076,0.02775448,0.157980456,0.019475655,0.012592305,0.100553506,0.188260607,0.0558951
9.56,0.02633076,0.028364468,0.160586319,0.01937578,0.012592305,0.100553506,0.196328918,0.05622847
9.57,0.02633076,0.030118185,0.159934853,0.019625468,0.012592305,0.102398524,0.1949842,0.059673297
9.58,0.025274279,0.030575677,0.158957655,0.020574282,0.012670035,0.10701107,0.192294762,0.060562285
9.59,0.024949208,0.031109417,0.158957655,0.020674157,0.012825496,0.113468635,0.1949842,0.060895655
9.6,0.024949208,0.031643157,0.160260586,0.021672909,0.012825496,0.125461255,0.193639481,0.061562396
9.61,0.02486794,0.031719405,0.157654723,0.021822722,0.012747765,0.131918819,0.193639481,0.06234026
9.62,0.024786672,0.032786885,0.153094463,0.021872659,0.012670035,0.132841328,0.192294762,0.06234026
9.63,0.02486794,0.03309188,0.153745928,0.022022472,0.012825496,0.132841328,0.190950044,0.062451384
9.64,0.024949208,0.033396874,0.156351792,0.022022472,0.012747765,0.132841328,0.200363074,0.064451606
9.65,0.024624137,0.033778117,0.155374593,0.022222222,0.012903226,0.132841328,0.201707793,0.06556284
9.66,0.024380333,0.034845597,0.156677524,0.022322097,0.012903226,0.134686347,0.224568009,0.066118458
9.67,0.024461601,0.035531834,0.156677524,0.022521848,0.013058686,0.136531365,0.228602165,0.066340705
9.68,0.024542869,0.036065574,0.157003257,0.02267166,0.013136417,0.139298893,0.228602165,0.067007445
9.69,0.024380333,0.036446817,0.153745928,0.02267166,0.013136417,0.139298893,0.227257446,0.06811868
9.7,0.024299065,0.03682806,0.150814332,0.022621723,0.013214147,0.141143911,0.227257446,0.068007556
9.71,0.024299065,0.037209302,0.148534202,0.022721598,0.013214147,0.142066421,0.225912728,0.067896433
9.72,0.024217798,0.038353031,0.148859935,0.022521848,0.013136417,0.142066421,0.227257446,0.070785643
9.73,0.024217798,0.039039268,0.148534202,0.022372035,0.013058686,0.142066421,0.235325758,0.071119013
9.74,0.023892727,0.039649257,0.150162866,0.022421973,0.013136417,0.142066421,0.240704633,0.070896766
9.75,0.023486388,0.039954251,0.151465798,0.022172285,0.013214147,0.142066421,0.244738788,0.070785643
9.76,0.021617229,0.040106748,0.151791531,0.022122347,0.013291877,0.142066421,0.244738788,0.070785643
9.77,0.020967087,0.040259245,0.150162866,0.022172285,0.013214147,0.142066421,0.244738788,0.070785643
9.78,0.018772857,0.040259245,0.150162866,0.022172285,0.013136417,0.142066421,0.246083507,0.070785643
9.79,0.017960179,0.040259245,0.151465798,0.022322097,0.013136417,0.142066421,0.244738788,0.070785643
9.8,0.017960179,0.040182997,0.153745928,0.021972534,0.013214147,0.142066421,0.251462382,0.070563396
9.81,0.017878911,0.040106748,0.156026059,0.021423221,0.013369608,0.142066421,0.26222013,0.069896655
9.82,0.017716376,0.040106748,0.15732899,0.021573034,0.013525068,0.142066421,0.260875412,0.068785421
9.83,0.018041447,0.040106748,0.158631922,0.021772784,0.013525068,0.142066421,0.260875412,0.068563174
9.84,0.01828525,0.040106748,0.159609121,0.021872659,0.013602798,0.142066421,0.26222013,0.06845205
9.85,0.01828525,0.040106748,0.163843648,0.021822722,0.013525068,0.142066421,0.264909568,0.06845205
9.86,0.018447786,0.039878002,0.163517915,0.021822722,0.013835989,0.142066421,0.266254286,0.067007445
9.87,0.019260463,0.039725505,0.163517915,0.021722846,0.01399145,0.142066421,0.264909568,0.066674075
9.88,0.019666802,0.039115517,0.163192182,0.021622971,0.014302371,0.142066421,0.264909568,0.066118458
9.89,0.019666802,0.038963019,0.156351792,0.021573034,0.014302371,0.140221402,0.266254286,0.065785087
9.9,0.019666802,0.038581777,0.153745928,0.021423221,0.014224641,0.135608856,0.266254286,0.065118347
9.91,0.019666802,0.038505528,0.153420195,0.021772784,0.014380101,0.129151292,0.268943724,0.064673853
9.92,0.01974807,0.038505528,0.15276873,0.022322097,0.014457831,0.128228782,0.272977879,0.064451606
9.93,0.019829338,0.03842928,0.152442997,0.02247191,0.014613292,0.128228782,0.272977879,0.064229359
9.94,0.019991873,0.037819291,0.153420195,0.022621723,0.014924213,0.128228782,0.274322598,0.063784865
9.95,0.020235677,0.037590545,0.153745928,0.022421973,0.015079674,0.127306273,0.275667317,0.063229248
9.96,0.020723283,0.037285551,0.154723127,0.02247191,0.015390595,0.126383764,0.277012035,0.061895766
9.97,0.020723283,0.037056805,0.153745928,0.022721598,0.015390595,0.126383764,0.277012035,0.061229025
9.98,0.02047948,0.036523065,0.153094463,0.02247191,0.015390595,0.123616236,0.277012035,0.060562285
9.99,0.020885819,0.035989325,0.152442997,0.022372035,0.015390595,0.120848709,0.277012035,0.060340038
10,0.020804551,0.034235608,0.148208469,0.022222222,0.015390595,0.117158672,0.277012035,0.059562174
10.01,0.023242584,0.033244377,0.147882736,0.021972534,0.015468325,0.111623616,0.277012035,0.05911768
10.02,0.026493295,0.032634388,0.142996743,0.021922597,0.015468325,0.107933579,0.277012035,0.056450717
10.03,0.028118651,0.031338162,0.141693811,0.02207241,0.015468325,0.10701107,0.277012035,0.05300589
10.04,0.029337668,0.03042318,0.137133551,0.024369538,0.015623786,0.109778598,0.274322598,0.052005778
10.05,0.029093864,0.030346931,0.135830619,0.026317104,0.015623786,0.108856089,0.271633161,0.05045005
10.06,0.029662739,0.029965688,0.130944625,0.027715356,0.015934707,0.108856089,0.263564849,0.050005556
10.07,0.029825274,0.028211971,0.130618893,0.028164794,0.016167897,0.108856089,0.263564849,0.046116235
10.08,0.029825274,0.028593214,0.129641694,0.028364544,0.016167897,0.110701107,0.263564849,0.047894211
10.09,0.030150345,0.028669462,0.136482085,0.029662921,0.016478819,0.109778598,0.260875412,0.051005667
10.1,0.030150345,0.028211971,0.148208469,0.030062422,0.016634279,0.103321033,0.258185975,0.052339149
10.11,0.030556684,0.028440717,0.149185668,0.031161049,0.01702293,0.118081181,0.256841256,0.052339149
10.12,0.030800488,0.0293557,0.149511401,0.033208489,0.017178391,0.11900369,0.258185975,0.0558951
10.13,0.030963023,0.030728174,0.151140065,0.033558052,0.017567042,0.120848709,0.256841256,0.056006223
10.14,0.031044291,0.032405642,0.154397394,0.035156055,0.018966187,0.144833948,0.2528071,0.055006112
10.15,0.031694433,0.033778117,0.156351792,0.035305868,0.019121648,0.151291513,0.251462382,0.056672964
10.16,0.032994718,0.03576058,0.155374593,0.036803995,0.020287602,0.150369004,0.23398104,0.077230803
10.17,0.035188948,0.036141822,0.155374593,0.040249688,0.021220365,0.147601476,0.227257446,0.079008779
10.18,0.037870784,0.038505528,0.166449511,0.047041199,0.023085892,0.145756458,0.225912728,0.078675408
10.19,0.039008533,0.041021731,0.171009772,0.048539326,0.033501749,0.148523985,0.224568009,0.079231026
10.2,0.039171069,0.045749142,0.171661238,0.053433209,0.037155072,0.149446495,0.227257446,0.079786643
10.21,0.040877692,0.047884102,0.172964169,0.059925094,0.039875632,0.149446495,0.228602165,0.084564952
10.22,0.041365299,0.048722836,0.174918567,0.062421973,0.040963855,0.153136531,0.23398104,0.086676297
10.23,0.041934173,0.049409074,0.182084691,0.062921348,0.041119316,0.154059041,0.228602165,0.088120902
10.24,0.042584315,0.048951582,0.187296417,0.062921348,0.041430237,0.154059041,0.231291602,0.088565396
10.25,0.043234458,0.048722836,0.19218241,0.063420724,0.041974349,0.154059041,0.231291602,0.088898767
10.26,0.045591223,0.048570339,0.195114007,0.0639201,0.042518461,0.155904059,0.238015195,0.089232137
10.27,0.046891508,0.048570339,0.199348534,0.064419476,0.043140303,0.156826568,0.29180394,0.089454384
10.28,0.046972775,0.048646588,0.198697068,0.064419476,0.04500583,0.161439114,0.294493377,0.089787754
10.29,0.047135311,0.048570339,0.198045603,0.064419476,0.045627672,0.230627306,0.294493377,0.089787754
10.3,0.047054043,0.048570339,0.196091205,0.064419476,0.045627672,0.236162362,0.287769784,0.089676631
10.31,0.047704185,0.048570339,0.193811075,0.064419476,0.045783133,0.250922509,0.277012035,0.089676631
10.32,0.048516863,0.048570339,0.19218241,0.064419476,0.045705402,0.263837638,0.277012035,0.089565507
10.33,0.048923202,0.048646588,0.191530945,0.0639201,0.045705402,0.269372694,0.275667317,0.089565507
10.34,0.049492076,0.048646588,0.190553746,0.0639201,0.045705402,0.272140221,0.274322598,0.089565507
10.35,0.053067859,0.048646588,0.188273616,0.0639201,0.045705402,0.273062731,0.271633161,0.089565507
10.36,0.060381959,0.048646588,0.194462541,0.0639201,0.045705402,0.27398524,0.270288442,0.089565507
10.37,0.064120276,0.048646588,0.198045603,0.0639201,0.045860863,0.27398524,0.271633161,0.089565507
10.38,0.066639577,0.048646588,0.198697068,0.0639201,0.045860863,0.27398524,0.274322598,0.089565507
10.39,0.071109305,0.048646588,0.201628665,0.0639201,0.050913331,0.27398524,0.277012035,0.089676631
10.4,0.071353109,0.048646588,0.203908795,0.0639201,0.07050136,0.27398524,0.281046191,0.089676631
10.41,0.071921983,0.048646588,0.204885994,0.0639201,0.074698795,0.27398524,0.279701473,0.089787754
10.42,0.072003251,0.048646588,0.206514658,0.0639201,0.097940148,0.27398524,0.28239091,0.089676631
10.43,0.073222267,0.048722836,0.207166124,0.0639201,0.10415857,0.274907749,0.283735628,0.089787754
10.44,0.074034945,0.048722836,0.207166124,0.0639201,0.115040808,0.274907749,0.28239091,0.089787754
10.45,0.074278749,0.048722836,0.208469055,0.063420724,0.128254955,0.27398524,0.28239091,0.089898878
10.46,0.074685087,0.048722836,0.20781759,0.063420724,0.136805286,0.27398524,0.286425066,0.089898878
10.47,0.075579033,0.048722836,0.214983713,0.063420724,0.148464827,0.27398524,0.287769784,0.089898878
10.48,0.076391711,0.048875334,0.224104235,0.063420724,0.152351341,0.27398524,0.290459221,0.090010001
10.49,0.079236083,0.049027831,0.234201954,0.063420724,0.157015157,0.274907749,0.290459221,0.090232248
10.5,0.082080455,0.049256576,0.239087948,0.063420724,0.16323358,0.274907749,0.29180394,0.090343372
10.51,0.082893133,0.049485322,0.252117264,0.063420724,0.164010882,0.274907749,0.294493377,0.090454495
10.52,0.083705811,0.049485322,0.260260586,0.063420724,0.164788185,0.274907749,0.295838096,0.090454495
10.53,0.086956522,0.049637819,0.282410424,0.063420724,0.164788185,0.27398524,0.299872252,0.090565618
10.54,0.088581877,0.050171559,0.291205212,0.062921348,0.164788185,0.272140221,0.303906408,0.090454495
10.55,0.089394555,0.050476554,0.305537459,0.061922597,0.164788185,0.272140221,0.305251126,0.090676742
10.56,0.090207233,0.053678994,0.321172638,0.061423221,0.164788185,0.272140221,0.307940563,0.091232359
10.57,0.091832588,0.062218833,0.332247557,0.061423221,0.164788185,0.271217712,0.313319438,0.091454606
10.58,0.093457944,0.089973313,0.338762215,0.060923845,0.167897396,0.269372694,0.314664157,0.091343483
10.59,0.094270622,0.107510484,0.358306189,0.060424469,0.174893121,0.266605166,0.316008875,0.090343372
10.6,0.0950833,0.131147541,0.368078176,0.060424469,0.176447726,0.263837638,0.318698312,0.095677298
10.61,0.0950833,0.151734655,0.403908795,0.059425718,0.177225029,0.254612546,0.346937403,0.115568397
10.62,0.095895977,0.155547084,0.413680782,0.058926342,0.177225029,0.26199262,0.352316278,0.130014446
10.63,0.099959366,0.157072055,0.416938111,0.058926342,0.178779635,0.279520295,0.352316278,0.135570619
10.64,0.102397399,0.166221883,0.429967427,0.058426966,0.179556937,0.273062731,0.349626841,0.141126792
10.65,0.104022755,0.176134198,0.442996743,0.059925094,0.179556937,0.275830258,0.350971559,0.147794199
10.66,0.105648111,0.183759055,0.446254072,0.060424469,0.182666149,0.278597786,0.352316278,0.161129014
10.67,0.106460788,0.196721312,0.45276873,0.059925094,0.193548387,0.298892989,0.355005715,0.173352595
10.68,0.121088988,0.223408311,0.449511401,0.056429463,0.210649048,0.307195572,0.356350434,0.184464941
10.69,0.125965055,0.23789554,0.45276873,0.074906367,0.219199378,0.339483395,0.36038459,0.188909879
10.7,0.138155222,0.241707968,0.465798046,0.109862672,0.226972406,0.353321033,0.364418745,0.192243583
10.71,0.159284844,0.243995425,0.469055375,0.124344569,0.244850369,0.355166052,0.368452901,0.191132348
10.72,0.163348232,0.247807854,0.478827362,0.128838951,0.282938204,0.358856089,0.367108183,0.204467163
10.73,0.170662332,0.265345025,0.498371336,0.151810237,0.286824718,0.363468635,0.364418745,0.224469386
10.74,0.173913044,0.275257339,0.553745928,0.181772784,0.317916829,0.36900369,0.361729308,0.233359262
10.75,0.17878911,0.279069767,0.570032573,0.19525593,0.324135251,0.377306273,0.36038459,0.244471608
10.76,0.187728566,0.289744567,0.589576547,0.221722846,0.324912553,0.383763838,0.356350434,0.258917658
10.77,0.194229988,0.30880671,0.641693811,0.253183521,0.328799067,0.386531365,0.317353594,0.268918769
10.78,0.202356766,0.322531453,0.67752443,0.286641698,0.330353673,0.411439114,0.345592685,0.282253584
10.79,0.204794799,0.341593595,0.700325733,0.311610487,0.334240187,0.38099631,0.364418745,0.310034448
10.8,0.210483543,0.356080824,0.781758958,0.329088639,0.347454334,0.394833948,0.41820749,0.318924325
10.81,0.216172288,0.372093023,0.846905538,0.345068664,0.349786242,0.391143911,0.473340953,0.34448272
10.82,0.221861032,0.378192909,0.912052117,0.353058677,0.358336572,0.430811808,0.529819135,0.354483832
10.83,0.227549777,0.387342737,1.114006515,0.354057428,0.372328022,0.461254613,0.665635716,0.362262474
10.84,0.229175132,0.391155166,1.149837134,0.364044944,0.377769141,0.462177122,0.707321993,0.366707412
10.85,0.246241365,0.396492566,1.234527687,0.368539326,0.382432958,0.489852399,0.762455456,0.377819758
10.86,0.260869565,0.408692337,1.263843648,0.370037453,0.384764866,0.526752768,0.860619915,0.382264696
10.87,0.303128809,0.416317194,1.32247557,0.371535581,0.393315196,0.582103321,0.91440866,0.393377042
10.88,0.337261276,0.430041937,1.374592834,0.372534332,0.462495142,0.595940959,0.945337188,0.410045561
10.89,0.354327509,0.435379337,1.456026059,0.373533084,0.529343179,0.601476015,1.246554159,0.414490499
10.9,0.365704998,0.437666794,1.495114007,0.375530587,0.561989895,0.607933579,1.315134808,0.416712968
10.91,0.399024787,0.440716737,1.540716612,0.377028714,0.586086281,0.616236162,2.00363074,0.425602845
10.92,0.418529053,0.446816622,1.57980456,0.378027466,0.600855033,0.61900369,2.191891347,0.433381487
10.93,0.425843153,0.450629051,1.801302932,0.378526841,0.61406918,0.664206642,2.28602165,0.435603956
10.94,0.439658675,0.455203965,1.866449511,0.380024969,0.621064905,0.674354244,2.353257581,0.437826425
10.95,0.457537586,0.459016393,2.016286645,0.384519351,0.635056355,0.684501845,2.447387884,0.448938771
10.96,0.47460382,0.461303851,2.166123779,0.386017478,0.656820832,0.714944649,2.595306932,0.45116124
10.97,0.485168631,0.462066336,2.765472313,0.4,0.664593859,0.741697417,2.985275331,0.452272475
10.98,0.540430719,0.462066336,2.912052117,0.42247191,0.666925768,0.76199262,3.186983124,0.452272475
10.99,0.554246241,0.462828822,3.117263844,0.440449438,0.66770307,0.772140221,3.294560613,0.454494944
11,0.58025193,0.462828822,3.140065147,0.446941323,0.666925768,0.786900369,3.455926847,0.455606179
11.01,0.597318163,0.462828822,3.28990228,0.447940075,0.666148465,0.801660517,3.496268406,0.455606179
11.02,0.610321008,0.462828822,3.35504886,0.448439451,0.666148465,0.819188192,3.617293081,0.455606179
11.03,0.633075985,0.462828822,3.517915309,0.448439451,0.666148465,0.841328413,3.778659316,0.455606179
11.04,0.66070703,0.462828822,3.583061889,0.448439451,0.666148465,0.848708487,3.859342433,0.456717413
11.05,0.672897196,0.463591308,3.583061889,0.449438202,0.666925768,0.854243542,3.872789619,0.456717413
11.06,0.68264933,0.464353793,3.648208469,0.451935081,0.66770307,0.857933579,3.980367108,0.456717413
11.07,0.689150752,0.463591308,3.680781759,0.452933833,0.66770307,0.859778598,4.034155853,0.456717413
11.08,0.698902885,0.460541365,3.778501629,0.462421973,0.666925768,0.864391144,4.061050225,0.455606179
11.09,0.708655018,0.458253908,4.006514658,0.464918851,0.665371162,0.886531365,4.276205204,0.455606179
11.1,0.723283218,0.452154022,4.071661238,0.466916355,0.665371162,0.891143911,4.329993949,0.454494944
11.11,0.728971963,0.446054137,4.169381108,0.467915106,0.66770307,0.895756458,4.598937672,0.450050006
11.12,0.738724096,0.444529165,4.201954397,0.468414482,0.699572484,0.894833948,4.625832045,0.445605067
11.13,0.760666396,0.444529165,4.267100977,0.468913858,0.72677808,0.894833948,4.693067976,0.444493833
11.14,0.772043885,0.440716737,4.267100977,0.468913858,0.75787019,0.898523985,4.733409534,0.442271364
11.15,0.79561154,0.436904308,4.299674267,0.468913858,0.764088613,0.902214022,4.85443421,0.440048894
11.16,0.801300284,0.433854365,4.332247557,0.468913858,0.765643218,0.907749078,4.881328582,0.432270252
11.17,0.806989029,0.428516965,4.332247557,0.468414482,0.764865915,0.903136531,4.908222954,0.427825314
11.18,0.820804551,0.414792223,4.429967427,0.468414482,0.760979402,0.903136531,5.069589189,0.423380376
11.19,0.845184884,0.40640488,4.429967427,0.465917603,0.758647493,0.897601476,5.083036375,0.421157906
11.2,0.853311662,0.403354937,4.495114007,0.458426966,0.756315585,0.900369004,5.109930747,0.420046672
11.21,0.893945551,0.401829966,4.527687296,0.453932584,0.750874466,0.91697417,5.136825119,0.420046672
11.22,0.926452662,0.399542509,4.527687296,0.452434457,0.736883016,0.94095941,5.150272306,0.413379264
11.23,0.942706217,0.388105223,4.560260586,0.44494382,0.73532841,0.94095941,5.150272306,0.402266919
11.24,0.950832995,0.381242852,4.625407166,0.433957553,0.722891566,0.950184502,5.163719492,0.39782198
11.25,0.958959773,0.378955395,4.657980456,0.427965044,0.719782355,0.950184502,5.190613864,0.391154573
11.26,0.958959773,0.370568052,4.820846906,0.414981273,0.719782355,0.950184502,5.217508236,0.382264696
11.27,0.958959773,0.354555852,4.820846906,0.397003745,0.71822775,0.959409594,5.217508236,0.375597289
11.28,0.96708655,0.342356081,4.820846906,0.373033708,0.717450447,0.950184502,5.217508236,0.367818647
11.29,0.96708655,0.324056424,4.820846906,0.353058677,0.716673144,0.959409594,5.217508236,0.34448272
11.3,0.983340106,0.308044224,4.820846906,0.336579276,0.710454722,0.950184502,5.257849795,0.336704078
11.31,0.999593661,0.288982082,4.820846906,0.320599251,0.709677419,0.950184502,5.271296981,0.310034448
11.32,1.007720439,0.281357225,4.885993485,0.312109863,0.705013603,0.931734317,5.31163854,0.300033337
11.33,1.015847217,0.315669081,4.820846906,0.311111111,0.698017878,0.931734317,5.298191354,0.290032226
11.34,1.04022755,0.340068624,4.853420195,0.299126092,0.694908667,0.931734317,5.351980098,0.285587288
11.35,1.056481105,0.343118567,4.885993485,0.294132335,0.692576759,0.922509225,5.378874471,0.271141238
11.36,1.072734661,0.371330538,4.885993485,0.292134832,0.691799456,0.910516605,5.365427284,0.265585065
11.37,1.072734661,0.618375906,4.853420195,0.290137328,0.687135639,0.877306273,5.378874471,0.248916546
11.38,1.064607883,0.638963019,4.853420195,0.289138577,0.643606685,0.86900369,5.392321657,0.222246916
11.39,1.064607883,0.640487991,4.820846906,0.287640449,0.589972794,0.86900369,5.338532912,0.215579509
11.4,1.064607883,0.645062905,4.820846906,0.285642946,0.556548776,0.866236162,5.325085726,0.21335704
11.41,1.064607883,0.644300419,4.820846906,0.283645443,0.530897785,0.859778598,5.123377933,0.195577286
11.42,1.056481105,0.641250477,4.820846906,0.282147316,0.50991061,0.858856089,5.069589189,0.178908768
11.43,1.064607883,0.640487991,4.755700326,0.282147316,0.49280995,0.825645757,5.056142002,0.174463829
11.44,1.064607883,0.639725505,4.755700326,0.282646692,0.482705014,0.818265683,5.02924763,0.166685187
11.45,1.064607883,0.637438048,4.690553746,0.280149813,0.460940536,0.815498155,5.002353258,0.135570619
11.46,1.056481105,0.636675562,4.625407166,0.279650437,0.431403032,0.797047971,4.935117327,0.132236915
11.47,1.064607883,0.638963019,4.299674267,0.261672909,0.418188885,0.778597786,4.706515162,0.127791977
11.48,1.04022755,0.642775448,4.201954397,0.224719101,0.414302371,0.76199262,4.585490486,0.126680742
11.49,1.032100772,0.642775448,4.071661238,0.186267166,0.430625729,0.751845019,4.504807369,0.117790866
11.5,1.015847217,0.642775448,4.071661238,0.170786517,0.46482705,0.742619926,4.383782694,0.116679631
11.51,1.007720439,0.642775448,3.941368078,0.168289638,0.486591527,0.735239852,4.356888321,0.1189021
11.52,1.015847217,0.643537934,3.908794788,0.167290886,0.530120482,0.72601476,4.262758018,0.120013335
11.53,1.007720439,0.643537934,3.778501629,0.167290886,0.550330354,0.70295203,4.128286156,0.120013335
11.54,0.991466883,0.643537934,3.713355049,0.167290886,0.554216868,0.696494465,4.061050225,0.121124569
11.55,0.991466883,0.642775448,3.745928339,0.164794008,0.56898562,0.695571956,4.047603039,0.121124569
11.56,0.983340106,0.642775448,3.680781759,0.158302122,0.572872134,0.699261993,3.953472736,0.122235804
11.57,0.983340106,0.642012962,3.648208469,0.154806492,0.581422464,0.72601476,3.899683991,0.122235804
11.58,0.983340106,0.641250477,3.615635179,0.125343321,0.586863583,0.726937269,3.872789619,0.126680742
11.59,0.983340106,0.640487991,3.42019544,0.11485643,0.588418189,0.700184502,3.644187454,0.128903212
11.6,0.983340106,0.640487991,3.35504886,0.10536829,0.589195492,0.695571956,3.576951523,0.128903212
11.61,0.983340106,0.640487991,3.218241042,0.102871411,0.586863583,0.694649447,3.227324682,0.131125681
11.62,0.991466883,0.639725505,3.214983713,0.098876405,0.548775748,0.698339483,3.20043031,0.132236915
11.63,0.983340106,0.640487991,3.140065147,0.098377029,0.512242519,0.695571956,3.106300007,0.134459384
11.64,0.975213328,0.640487991,3.179153095,0.100873908,0.492032647,0.689114391,3.039064076,0.141126792
11.65,0.96708655,0.640487991,3.143322476,0.101373283,0.484259619,0.688191882,2.850803469,0.144460496
11.66,0.975213328,0.643537934,3.13029316,0.104868914,0.488146133,0.703874539,2.810461911,0.147794199
11.67,0.983340106,0.643537934,3.153094463,0.108364544,0.498251069,0.743542435,2.770120352,0.146682965
11.68,0.983340106,0.644300419,3.074918567,0.116354557,0.499028372,0.756457565,2.474282256,0.152239138
11.69,0.96708655,0.644300419,3.058631922,0.133832709,0.502137583,0.759225092,2.474282256,0.156684076
11.7,0.958959773,0.645062905,2.977198697,0.144319601,0.505246794,0.756457565,2.474282256,0.164462718
11.71,0.926452662,0.650400305,2.957654723,0.151310861,0.507578702,0.741697417,2.407046326,0.171130126
11.72,0.893945551,0.687762105,2.960912052,0.155805243,0.508356005,0.72601476,2.407046326,0.18668741
11.73,0.877691995,0.693099504,2.915309446,0.160799001,0.521570152,0.716789668,2.46083507,0.200022225
11.74,0.869565217,0.694624476,2.788273616,0.161298377,0.531675087,0.71402214,2.46083507,0.203355928
11.75,0.86143844,0.703011819,2.765472313,0.162297129,0.538670812,0.718634686,2.433940698,0.232248028
11.76,0.86143844,0.71521159,2.475570033,0.165792759,0.543334629,0.717712177,2.380151953,0.246694077
11.77,0.86143844,0.792985132,2.469055375,0.174282147,0.579867859,0.735239852,2.393599139,0.256695188
11.78,0.86143844,0.808234846,2.482084691,0.26866417,0.613291877,1.1900369,2.393599139,0.263362596
11.79,0.885818773,0.82348456,2.48534202,0.539325843,0.62806063,2.084870849,2.380151953,0.284476053
11.8,0.877691995,0.82348456,2.446254072,0.70411985,0.630392538,2.619926199,2.299468836,0.295588399
11.81,0.885818773,0.82348456,2.429967427,0.754057428,0.635056355,2.822878229,2.232232905,0.298922103
11.82,0.96708655,0.831109417,2.345276873,0.779026217,0.635056355,2.915129151,2.164996974,0.302255806
11.83,1.04022755,0.815859703,2.335504886,0.794007491,0.63661096,2.988929889,2.151549788,0.303367041
11.84,1.097114994,0.800609989,2.309446254,0.794007491,0.639720171,2.988929889,1.990183554,0.303367041
11.85,1.105241772,0.800609989,2.182410424,0.794007491,0.643606685,3.007380074,1.896053251,0.303367041
11.86,1.121495327,0.777735418,2.16286645,0.794007491,0.649825107,2.998154982,1.882606065,0.303367041
11.87,1.113368549,0.604651163,2.156351792,0.799001248,0.651379712,3.007380074,1.82881732,0.303367041
11.88,1.113368549,0.582539077,2.153094463,0.799001248,0.653711621,3.007380074,1.761581389,0.302255806
11.89,1.105241772,0.576439192,2.153094463,0.799001248,0.680139915,3.007380074,1.748134203,0.302255806
11.9,1.105241772,0.571101792,2.117263844,0.799001248,0.687912942,3.007380074,1.721239831,0.30558951
11.91,1.097114994,0.572626763,2.114006515,0.799001248,0.689467548,3.007380074,1.680898272,0.307811979
11.92,1.097114994,0.571864278,2.071661238,0.799001248,0.691022153,3.007380074,1.613662341,0.307811979
11.93,1.088988216,0.571101792,2.035830619,0.799001248,0.693354061,3.007380074,1.519532038,0.307811979
11.94,1.080861438,0.56957682,2.009771987,0.803995006,0.69568597,3.007380074,1.492637666,0.307811979
11.95,1.072734661,0.568814335,1.983713355,0.803995006,0.696463272,2.998154982,1.452296107,0.306700745
11.96,1.072734661,0.567289363,1.970684039,0.799001248,0.694131364,2.998154982,1.411954549,0.306700745
11.97,1.064607883,0.564239421,1.960912052,0.799001248,0.693354061,2.998154982,1.398507362,0.306700745
11.98,1.064607883,0.559664506,1.951140065,0.803995006,0.692576759,2.998154982,1.385060176,0.307811979
11.99,1.064607883,0.559664506,1.93485342,0.808988764,0.68169452,2.998154982,1.385060176,0.311145683
12,1.064607883,0.561189478,1.928338762,0.813982522,0.65915274,2.998154982,1.37161299,0.311145683
12.01,1.056481105,0.561189478,1.912052117,0.813982522,0.643606685,2.998154982,1.37161299,0.312256917
12.02,1.048354328,0.561189478,1.895765472,0.813982522,0.609405363,2.988929889,1.358165804,0.313368152
12.03,1.04022755,0.561951963,1.846905538,0.813982522,0.596191217,2.988929889,1.328581994,0.313368152
12.04,1.032100772,0.561951963,1.827361564,0.813982522,0.593082005,2.988929889,1.301687622,0.313368152
12.05,1.032100772,0.567289363,1.771986971,0.813982522,0.578313253,2.988929889,1.290929873,0.313368152
12.06,1.032100772,0.568051849,1.732899023,0.813982522,0.574426739,2.988929889,1.281516843,0.314479387
12.07,1.023973994,0.568051849,1.719869707,0.813982522,0.565876409,2.979704797,1.277482687,0.316701856
12.08,1.015847217,0.572626763,1.622149837,0.81897628,0.559657987,2.979704797,1.260001345,0.316701856
12.09,1.007720439,0.572626763,1.537459283,0.81897628,0.558880684,2.979704797,1.253277752,0.316701856
12.1,1.007720439,0.572626763,1.514657981,0.81897628,0.558103381,2.979704797,1.249243596,0.31781309
12.11,0.991466883,0.572626763,1.442996743,0.81897628,0.558880684,2.979704797,1.218315068,0.31781309
12.12,0.983340106,0.574151735,1.42019544,0.81897628,0.558103381,2.979704797,1.208902037,0.31781309
12.13,0.975213328,0.576439192,1.410423453,0.823970038,0.558103381,2.979704797,1.199489007,0.31781309
12.14,0.96708655,0.577201678,1.25732899,0.823970038,0.534006996,2.979704797,1.186041821,0.315590621
12.15,0.958959773,0.577964163,1.214983713,0.823970038,0.53245239,2.970479705,1.169905197,0.315590621
12.16,0.942706217,0.575676706,1.19218241,0.823970038,0.525456665,2.970479705,1.155113293,0.313368152
12.17,0.934579439,0.57491422,1.039087948,0.823970038,0.514574427,2.961254613,1.124184764,0.314479387
12.18,0.926452662,0.576439192,0.983713355,0.823970038,0.512242519,2.95202952,1.098635111,0.312256917
12.19,0.910199106,0.576439192,0.96742671,0.823970038,0.508356005,2.95202952,1.046191085,0.310034448
12.2,0.910199106,0.575676706,0.905537459,0.81897628,0.504469491,2.95202952,0.909029786,0.306700745
12.21,0.902072328,0.571101792,0.830618893,0.81897628,0.502914885,2.95202952,0.891548444,0.303367041
12.22,0.902072328,0.52535265,0.791530945,0.81897628,0.50136028,2.942804428,0.878101257,0.295588399
12.23,0.902072328,0.519252764,0.729641694,0.81897628,0.488146133,2.942804428,0.640086062,0.286698522
12.24,0.902072328,0.516965307,0.71009772,0.81897628,0.477263894,2.942804428,0.485443421,0.283364818
12.25,0.902072328,0.507052993,0.703583062,0.81897628,0.469490867,2.942804428,0.431654676,0.260028892
12.26,0.893945551,0.49332825,0.700325733,0.81897628,0.463272445,2.942804428,0.423586365,0.246694077
12.27,0.893945551,0.359130766,0.67752443,0.81897628,0.418188885,2.933579336,0.33080078,0.235581731
12.28,0.893945551,0.324056424,0.557003257,0.794007491,0.366886902,2.776752768,0.246083507,0.227803089
12.29,0.86143844,0.284407167,0.459283388,0.639200999,0.338904003,2.177121771,0.223223291,0.201133459
12.3,0.853311662,0.282882196,0.371335505,0.45443196,0.333462884,1.503690037,0.220533853,0.184464941
12.31,0.828931329,0.281357225,0.35504886,0.363046192,0.325689856,1.070110701,0.212465542,0.176686299
12.32,0.707029663,0.267632482,0.263843648,0.312109863,0.324912553,0.779520295,0.186915888,0.17224136
12.33,0.585127997,0.272207396,0.235504886,0.271161049,0.324135251,0.401291513,0.180192295,0.171130126
12.34,0.407964242,0.277544796,0.211074919,0.267166042,0.317139526,0.335793358,0.170779264,0.171130126
12.35,0.314506298,0.279832253,0.205211726,0.260174782,0.309366498,0.216789668,0.170779264,0.17224136
12.36,0.168224299,0.286694625,0.204560261,0.260174782,0.295375049,0.205719557,0.169434546,0.174463829
12.37,0.108898822,0.269919939,0.196742671,0.260674157,0.29304314,0.170664207,0.162710953,0.173352595
12.38,0.091019911,0.250857796,0.190553746,0.261672909,0.286824718,0.151291513,0.158676797,0.173352595
12.39,0.078911012,0.253145254,0.165472313,0.262172285,0.216090167,0.151291513,0.154642641,0.173352595
12.4,0.075091426,0.250857796,0.158306189,0.258676654,0.186552662,0.151291513,0.151953204,0.164462718
12.41,0.074197481,0.247807854,0.158306189,0.256679151,0.181111543,0.150369004,0.151953204,0.161129014
12.42,0.072003251,0.252382768,0.157003257,0.255181024,0.175670424,0.148523985,0.150608485,0.161129014
12.43,0.068427469,0.249332825,0.155374593,0.251186018,0.166342791,0.128228782,0.134471862,0.161129014
12.44,0.064770419,0.249332825,0.154071661,0.247690387,0.156237855,0.123616236,0.115376857,0.161129014
12.45,0.064445347,0.250857796,0.145602606,0.244194757,0.150019433,0.118081181,0.105156996,0.161129014
12.46,0.065501829,0.253907739,0.144625407,0.242696629,0.146132919,0.116236162,0.095206078,0.164462718
12.47,0.0658269,0.253907739,0.143973941,0.241697878,0.145355616,0.124538745,0.091844282,0.165573953
12.48,0.066395774,0.259245139,0.141693811,0.235205993,0.143801011,0.124538745,0.090902979,0.164462718
12.49,0.064445347,0.262295082,0.140716612,0.216729089,0.139137194,0.122693727,0.08955826,0.165573953
12.5,0.06436408,0.263057568,0.140716612,0.201747815,0.137582588,0.122693727,0.08592752,0.167796422
12.51,0.06436408,0.266869996,0.139739414,0.197752809,0.136805286,0.119926199,0.084986217,0.167796422
12.52,0.063470134,0.27144491,0.137133551,0.194257179,0.133696075,0.116236162,0.08377597,0.164462718
12.53,0.060138155,0.279832253,0.133224756,0.194756554,0.10415857,0.114391144,0.082969139,0.167796422
12.54,0.059162942,0.28211971,0.129967427,0.196254682,0.10415857,0.121771218,0.080548645,0.168907656
12.55,0.057375051,0.284407167,0.128338762,0.195755306,0.104935873,0.120848709,0.077186849,0.177797533
12.56,0.056481105,0.291269539,0.125081433,0.201747815,0.102603964,0.126383764,0.074766355,0.183353706
12.57,0.056643641,0.295081967,0.125407166,0.206242197,0.101826662,0.13099631,0.07221139,0.181131237
12.58,0.056399838,0.29279451,0.1247557,0.200749064,0.09871745,0.14298893,0.067504875,0.183353706
12.59,0.05558716,0.294319482,0.125081433,0.197253433,0.094830937,0.154059041,0.067235931,0.183353706
12.6,0.055830963,0.300419367,0.1247557,0.19525593,0.092499028,0.156826568,0.066025684,0.184464941
12.61,0.05558716,0.304231796,0.126384365,0.197253433,0.090944423,0.15498155,0.064949909,0.187798644
12.62,0.054937018,0.317956538,0.125081433,0.200249688,0.09016712,0.158671587,0.060915753,0.190021114
12.63,0.054774482,0.333968738,0.123452769,0.194756554,0.085503304,0.173431734,0.059436563,0.191132348
12.64,0.050142219,0.336256195,0.120846906,0.183270911,0.086280606,0.17804428,0.058226316,0.194466052
12.65,0.049329541,0.340068624,0.120521173,0.179775281,0.087835212,0.17896679,0.058360788,0.195577286
12.66,0.048841934,0.343118567,0.12019544,0.180774033,0.087835212,0.187269373,0.058629732,0.195577286
12.67,0.048516863,0.349980938,0.118566775,0.187765293,0.087057909,0.192804428,0.05849526,0.197799756
12.68,0.048110524,0.349218452,0.117589577,0.191260924,0.088612515,0.195571956,0.058226316,0.197799756
12.69,0.045835026,0.349980938,0.116612378,0.192259675,0.088612515,0.194649447,0.05634371,0.197799756
12.7,0.045753759,0.353030881,0.117263844,0.19525593,0.088612515,0.193726937,0.057822901,0.197799756
12.71,0.045916294,0.356843309,0.118241042,0.199750312,0.087835212,0.193726937,0.058091844,0.19891099
12.72,0.045672491,0.363705681,0.117915309,0.207740325,0.087835212,0.192804428,0.057957372,0.19891099
12.73,0.046322633,0.372855509,0.115960912,0.219725343,0.087835212,0.201107011,0.057688429,0.200022225
12.74,0.045753759,0.377430423,0.116612378,0.222721598,0.088612515,0.20202952,0.057822901,0.200022225
12.75,0.045672491,0.377430423,0.117915309,0.223220974,0.088612515,0.20202952,0.060512338,0.204467163
12.76,0.04607883,0.372855509,0.117263844,0.222222222,0.087057909,0.203874539,0.061319169,0.207800867
12.77,0.045997562,0.372855509,0.119218241,0.220724095,0.083948698,0.205719557,0.061722585,0.207800867
12.78,0.046322633,0.372855509,0.119218241,0.220724095,0.082394093,0.212177122,0.060915753,0.207800867
12.79,0.045916294,0.372855509,0.118566775,0.221223471,0.08161679,0.223247233,0.060915753,0.208912101
12.8,0.045428688,0.376667938,0.118241042,0.222222222,0.08161679,0.226937269,0.061050225,0.211134571
12.81,0.044859813,0.376667938,0.141693811,0.225717853,0.08161679,0.227859779,0.061588113,0.211134571
12.82,0.044941081,0.381242852,0.150488599,0.228714107,0.080062184,0.227859779,0.067639347,0.210023336
12.83,0.045672491,0.378955395,0.154397394,0.229712859,0.077497085,0.243542435,0.06858065,0.210023336
12.84,0.046403901,0.378955395,0.154397394,0.229213483,0.076486592,0.252767528,0.069790896,0.210023336
12.85,0.046566436,0.382005337,0.154397394,0.232209738,0.075631559,0.253690037,0.068849593,0.211134571
12.86,0.046566436,0.37971788,0.15504886,0.234706617,0.075165177,0.257380074,0.067773818,0.210023336
12.87,0.046647704,0.382005337,0.156351792,0.237702871,0.073766032,0.257380074,0.067639347,0.211134571
12.88,0.046891508,0.383530309,0.156351792,0.24019975,0.074232414,0.260147602,0.069387481,0.212245805
12.89,0.047135311,0.382005337,0.155700326,0.249188514,0.074232414,0.261070111,0.069925368,0.21335704
12.9,0.047216579,0.382767823,0.156026059,0.25917603,0.075242907,0.263837638,0.07005984,0.21335704
12.91,0.047216579,0.380480366,0.15732899,0.26267166,0.075320637,0.270295203,0.07436294,0.21335704
12.92,0.04754165,0.377430423,0.158306189,0.263171036,0.072366887,0.277675277,0.075573186,0.21335704
12.93,0.04754165,0.378192909,0.159609121,0.263670412,0.07050136,0.279520295,0.077724736,0.21335704
12.94,0.04754165,0.37971788,0.159609121,0.264669164,0.070112709,0.281365314,0.078128152,0.214468274
12.95,0.045672491,0.383530309,0.158957655,0.267166042,0.069257676,0.291512915,0.07799368,0.214468274
12.96,0.043559529,0.382767823,0.158957655,0.268164794,0.068946755,0.296125461,0.07799368,0.21335704
12.97,0.042259244,0.382767823,0.157980456,0.267665418,0.068402643,0.315498155,0.07799368,0.211134571
12.98,0.040633889,0.37971788,0.158306189,0.268164794,0.068013991,0.32103321,0.078262624,0.211134571
12.99,0.040715156,0.377430423,0.157654723,0.268164794,0.067236689,0.326568266,0.080279702,0.207800867
13,0.040308818,0.375142966,0.157980456,0.268164794,0.066459386,0.327490775,0.080952061,0.205578398
13.01,0.040552621,0.372855509,0.158631922,0.267665418,0.065759813,0.337638376,0.081489948,0.202244694
13.02,0.040796424,0.369805566,0.159934853,0.267665418,0.065137971,0.343173432,0.082431251,0.201133459
13.03,0.040796424,0.361418223,0.16286645,0.266167291,0.06482705,0.344095941,0.082700195,0.197799756
13.04,0.041284031,0.359130766,0.163192182,0.264669164,0.064049747,0.343173432,0.086599879,0.196688521
13.05,0.043315725,0.349980938,0.16286645,0.264669164,0.062650602,0.34501845,0.09386136,0.191132348
13.06,0.044534742,0.343881052,0.163517915,0.258676654,0.062572872,0.347785978,0.097088684,0.185576175
13.07,0.044778545,0.343118567,0.165472313,0.252184769,0.062106491,0.359778598,0.101257312,0.184464941
13.08,0.04461601,0.338543652,0.166123779,0.252184769,0.061095997,0.359778598,0.154642641,0.177797533
13.09,0.044290939,0.337018681,0.168078176,0.251186018,0.060862806,0.354243542,0.164055671,0.176686299
13.1,0.043803332,0.330918795,0.168729642,0.251186018,0.060707346,0.355166052,0.170779264,0.175575064
13.11,0.043965868,0.327868853,0.167100977,0.249188514,0.060318694,0.361623616,0.172123983,0.171130126
13.12,0.043559529,0.312619138,0.165472313,0.244194757,0.060085503,0.363468635,0.172123983,0.167796422
13.13,0.042828119,0.292032024,0.166449511,0.242696629,0.057675865,0.358856089,0.17481342,0.166685187
13.14,0.042828119,0.288219596,0.170358306,0.242197253,0.054644384,0.357933579,0.186915888,0.162240249
13.15,0.04242178,0.28211971,0.171009772,0.241697878,0.052778857,0.357933579,0.188260607,0.157795311
13.16,0.042503048,0.277544796,0.171335505,0.239200999,0.051379712,0.354243542,0.188260607,0.155572841
13.17,0.042990654,0.268394968,0.171335505,0.231710362,0.050291489,0.351476015,0.188260607,0.152239138
13.18,0.043315725,0.266107511,0.170358306,0.228714107,0.047726389,0.349630996,0.189605325,0.151127903
13.19,0.043315725,0.263057568,0.169381108,0.228214732,0.046560435,0.351476015,0.189605325,0.151127903
13.2,0.042828119,0.260007625,0.168078176,0.224219725,0.046327245,0.368081181,0.188260607,0.150016669
13.21,0.042665583,0.254670225,0.167752443,0.220724095,0.045783133,0.375461255,0.188260607,0.148905434
13.22,0.042503048,0.243995425,0.168403909,0.210736579,0.044694909,0.377306273,0.188260607,0.146682965
13.23,0.041527834,0.228745711,0.169381108,0.193258427,0.042518461,0.373616236,0.189605325,0.14557173
13.24,0.041040228,0.222645825,0.169055375,0.184769039,0.040730665,0.374538745,0.190950044,0.14557173
13.25,0.040471353,0.220358368,0.169381108,0.183270911,0.038942868,0.374538745,0.189605325,0.138904323
13.26,0.039983746,0.217308426,0.169381108,0.184769039,0.038709677,0.373616236,0.190950044,0.13334815
13.27,0.039821211,0.215783454,0.168729642,0.184769039,0.037621454,0.372693727,0.193639481,0.13334815
13.28,0.03949614,0.212733511,0.168729642,0.182771536,0.036999611,0.36900369,0.196328918,0.132236915
13.29,0.03949614,0.211971026,0.168403909,0.181772784,0.036844151,0.362546126,0.197673637,0.130014446
13.3,0.039414872,0.205108654,0.171009772,0.180774033,0.036455499,0.372693727,0.197673637,0.128903212
13.31,0.039333604,0.203583683,0.151791531,0.175780275,0.034356782,0.379151292,0.199018355,0.127791977
13.32,0.039333604,0.194433854,0.141368078,0.171785268,0.03373494,0.382841328,0.196328918,0.127791977
13.33,0.038520927,0.190621426,0.138110749,0.170287141,0.032102604,0.373616236,0.196328918,0.127791977
13.34,0.037708249,0.183759055,0.142019544,0.170287141,0.03085892,0.368081181,0.196328918,0.126680742
13.35,0.037626981,0.173084255,0.143322476,0.165293383,0.029459775,0.368081181,0.196328918,0.123347039
13.36,0.037870784,0.166984369,0.142345277,0.159300874,0.026661485,0.365313653,0.196328918,0.122235804
13.37,0.037708249,0.157072055,0.141042345,0.15380774,0.025961912,0.364391144,0.196328918,0.121124569
13.38,0.037464445,0.155547084,0.141368078,0.147315855,0.023008162,0.361623616,0.196328918,0.1189021
13.39,0.037220642,0.155547084,0.142019544,0.129338327,0.022153129,0.361623616,0.196328918,0.117790866
13.4,0.037139374,0.153259626,0.141368078,0.107365793,0.017256121,0.360701107,0.196328918,0.116679631
13.41,0.036976839,0.152497141,0.138762215,0.09588015,0.015779246,0.360701107,0.196328918,0.116679631
13.42,0.036651768,0.152497141,0.137459283,0.094382023,0.015779246,0.35701107,0.196328918,0.115568397
13.43,0.036326697,0.147922227,0.136156352,0.090886392,0.015468325,0.355166052,0.1949842,0.115568397
13.44,0.036326697,0.143347312,0.136482085,0.083895131,0.015079674,0.354243542,0.1949842,0.113345927
13.45,0.036326697,0.131910027,0.136807818,0.072409488,0.015001943,0.345940959,0.196328918,0.112234693
13.46,0.036326697,0.131910027,0.138110749,0.067915106,0.014768752,0.341328413,0.196328918,0.111123458
13.47,0.036245429,0.130385055,0.140065147,0.067915106,0.014535562,0.320110701,0.197673637,0.111012335
13.48,0.036245429,0.130385055,0.143322476,0.067915106,0.014691022,0.314575646,0.197673637,0.110678964
13.49,0.036651768,0.12962257,0.146905538,0.06741573,0.014691022,0.30904059,0.197673637,0.110234471
13.5,0.036895571,0.128097598,0.146579805,0.06741573,0.014613292,0.3099631,0.199018355,0.111123458
13.51,0.036326697,0.128097598,0.147882736,0.066916355,0.014613292,0.299815498,0.199018355,0.111123458
13.52,0.036082893,0.128097598,0.147557003,0.066416979,0.014691022,0.293357934,0.199018355,0.112234693
13.53,0.035595287,0.128097598,0.144299674,0.065917603,0.014535562,0.295202952,0.203052511,0.111123458
13.54,0.034945144,0.128097598,0.143973941,0.064918851,0.014691022,0.295202952,0.201707793,0.111123458
13.55,0.031856969,0.127335113,0.143973941,0.062421973,0.014224641,0.292435424,0.199018355,0.106900767
13.56,0.028118651,0.125047655,0.144299674,0.061423221,0.01406918,0.286900369,0.199018355,0.103122569
13.57,0.026493295,0.117422798,0.140065147,0.061423221,0.01406918,0.269372694,0.196328918,0.102900322
13.58,0.026168224,0.117422798,0.139739414,0.059425718,0.01399145,0.263837638,0.160021516,0.102900322
13.59,0.026005689,0.117422798,0.136807818,0.058926342,0.01399145,0.262915129,0.150608485,0.102789199
13.6,0.025924421,0.11894777,0.136156352,0.058926342,0.01414691,0.264760148,0.142540174,0.10378931
13.61,0.025030475,0.11894777,0.135830619,0.058926342,0.01406918,0.258302583,0.141195455,0.099677742
13.62,0.024949208,0.117422798,0.136482085,0.058926342,0.01414691,0.256457565,0.141195455,0.098677631
13.63,0.024786672,0.117422798,0.136156352,0.058926342,0.014224641,0.254612546,0.137161299,0.100344483
13.64,0.024949208,0.11894777,0.131596091,0.059425718,0.014302371,0.251845019,0.121562563,0.099233248
13.65,0.02633076,0.117422798,0.13029316,0.059425718,0.01414691,0.250922509,0.12277281,0.099455495
13.66,0.030150345,0.118185284,0.130944625,0.059925094,0.01406918,0.25,0.124117528,0.099344372
13.67,0.030069078,0.118185284,0.131270358,0.059425718,0.013835989,0.25,0.124117528,0.099344372
13.68,0.02998781,0.119710255,0.131921824,0.056928839,0.013680529,0.249077491,0.125058831,0.099011001
13.69,0.029825274,0.120472741,0.133550489,0.055930087,0.013680529,0.246309963,0.13070665,0.099011001
13.7,0.029662739,0.118185284,0.135504886,0.055930087,0.013525068,0.220479705,0.13581658,0.097344149
13.71,0.029662739,0.11894777,0.135830619,0.055430712,0.013447338,0.208487085,0.138506018,0.096677409
13.72,0.029662739,0.118185284,0.136482085,0.055430712,0.013369608,0.209409594,0.138506018,0.097788643
13.73,0.029581471,0.11894777,0.137133551,0.055930087,0.013369608,0.206642066,0.138506018,0.096010668
13.74,0.029581471,0.116660313,0.138762215,0.055930087,0.013525068,0.203874539,0.138506018,0.095566174
13.75,0.029418935,0.115897827,0.137785016,0.054931336,0.013602798,0.20295203,0.138506018,0.094677186
13.76,0.0292564,0.115897827,0.136482085,0.049737828,0.013525068,0.20295203,0.13581658,0.093677075
13.77,0.029337668,0.115897827,0.137133551,0.047640449,0.013447338,0.20295203,0.138506018,0.093010335
13.78,0.029500203,0.115897827,0.138436482,0.047440699,0.013525068,0.20295203,0.158676797,0.093454828
13.79,0.029418935,0.114372856,0.138436482,0.047240949,0.013602798,0.20202952,0.160021516,0.090787865
13.8,0.029418935,0.11361037,0.135830619,0.047690387,0.013447338,0.177121771,0.161366234,0.090898989
13.81,0.029418935,0.11361037,0.136156352,0.046891386,0.013447338,0.164206642,0.161366234,0.090787865
13.82,0.029337668,0.11361037,0.136156352,0.046941323,0.013447338,0.153136531,0.161366234,0.089787754
13.83,0.029175132,0.112085398,0.136807818,0.047141074,0.013525068,0.151291513,0.161366234,0.08867652
13.84,0.029012597,0.111322913,0.133550489,0.047141074,0.013602798,0.149446495,0.161366234,0.088120902
13.85,0.028606258,0.109797941,0.132899023,0.046991261,0.013525068,0.149446495,0.162710953,0.088009779
13.86,0.028199919,0.109797941,0.134527687,0.046891386,0.013447338,0.149446495,0.162710953,0.088120902
13.87,0.028037383,0.107510484,0.137785016,0.046791511,0.013525068,0.149446495,0.16540039,0.087009668
13.88,0.027956115,0.10293557,0.141042345,0.046941323,0.013602798,0.149446495,0.170779264,0.086009557
13.89,0.027956115,0.101410599,0.141368078,0.047790262,0.013680529,0.147601476,0.177502858,0.085565063
13.9,0.027956115,0.099885627,0.143322476,0.047340824,0.013758259,0.144833948,0.180192295,0.086676297
13.91,0.028037383,0.099123141,0.142996743,0.047390762,0.013680529,0.130073801,0.180192295,0.08612068
13.92,0.028037383,0.099123141,0.143648209,0.047440699,0.013758259,0.128228782,0.180192295,0.08578731
13.93,0.028118651,0.098360656,0.143973941,0.047790262,0.013913719,0.127306273,0.180192295,0.085565063
13.94,0.028037383,0.09759817,0.143322476,0.048139825,0.013913719,0.126383764,0.178847576,0.084564952
13.95,0.028037383,0.095310713,0.142345277,0.048139825,0.01406918,0.126383764,0.181537013,0.085342816
13.96,0.027956115,0.093785742,0.141368078,0.048689139,0.01414691,0.126383764,0.184226451,0.08578731
13.97,0.027956115,0.09759817,0.139739414,0.049737828,0.01414691,0.126383764,0.182881732,0.087009668
13.98,0.027874848,0.096835684,0.135830619,0.04948814,0.01399145,0.126383764,0.182881732,0.086898544
13.99,0.027305973,0.096073199,0.132247557,0.049538077,0.01406918,0.123616236,0.182881732,0.084676075
14,0.026574563,0.095310713,0.134201954,0.048838951,0.01414691,0.11900369,0.181537013,0.082453606
14.01,0.026655831,0.093785742,0.134201954,0.049088639,0.01406918,0.118081181,0.181537013,0.082231359
14.02,0.026655831,0.093785742,0.132899023,0.049338327,0.01399145,0.118081181,0.181537013,0.083009223
14.03,0.026655831,0.093785742,0.133876222,0.048589263,0.013913719,0.108856089,0.182881732,0.085453939
14.04,0.026655831,0.093023256,0.134527687,0.048539326,0.013680529,0.102398524,0.189605325,0.08578731
14.05,0.026574563,0.093785742,0.134201954,0.048589263,0.013680529,0.100553506,0.193639481,0.087009668
14.06,0.02559935,0.09226077,0.133224756,0.048539326,0.013680529,0.098708487,0.193639481,0.086565174
14.07,0.025518082,0.093023256,0.133224756,0.048739076,0.013835989,0.098708487,0.193639481,0.085898433
14.08,0.02559935,0.091498284,0.13485342,0.048888889,0.014380101,0.097785978,0.193639481,0.08612068
14.09,0.025761885,0.090735799,0.135504886,0.05093633,0.014224641,0.097785978,0.1949842,0.086565174
14.1,0.025761885,0.087685856,0.135830619,0.05093633,0.01414691,0.087546126,0.1949842,0.08578731
14.11,0.025761885,0.084635913,0.138110749,0.05093633,0.015390595,0.074446495,0.1949842,0.087787532
14.12,0.025436814,0.083110942,0.137459283,0.050436954,0.0169452,0.065129151,0.1949842,0.089787754
14.13,0.025355547,0.080060999,0.136807818,0.050436954,0.017333852,0.058856089,0.1949842,0.087898655
14.14,0.025111743,0.077011056,0.136807818,0.050436954,0.017567042,0.05904059,0.1949842,0.086898544
14.15,0.023648923,0.07624857,0.140716612,0.049937578,0.018111154,0.058487085,0.197673637,0.086787421
14.16,0.018610321,0.074418605,0.140716612,0.049937578,0.018344345,0.058302583,0.20439723,0.086454051
14.17,0.017472572,0.074189859,0.140716612,0.050436954,0.01958803,0.055627306,0.207086667,0.085676186
14.18,0.016334823,0.072436142,0.140716612,0.049637953,0.020054411,0.054797048,0.207086667,0.084342705
14.19,0.015765949,0.06930995,0.138762215,0.04928839,0.020443063,0.054797048,0.20439723,0.084009334
14.2,0.015684681,0.069614945,0.139739414,0.050436954,0.021997668,0.054612546,0.20439723,0.085342816
14.21,0.015440878,0.066107511,0.138436482,0.050436954,0.022697241,0.053690037,0.205741949,0.084787199
14.22,0.015522146,0.065650019,0.137459283,0.050436954,0.023474543,0.033210332,0.205741949,0.083898211
14.23,0.015603413,0.064735036,0.135179153,0.050436954,0.023940925,0.03201107,0.20439723,0.083675964
14.24,0.015928484,0.063591308,0.134201954,0.050436954,0.024562767,0.03201107,0.207086667,0.0828981
14.25,0.017878911,0.063515059,0.134201954,0.05443196,0.024562767,0.032472325,0.208431386,0.083342594
14.26,0.020804551,0.064125048,0.135830619,0.057428215,0.02526234,0.032287823,0.209776104,0.085009446
14.27,0.022186103,0.064735036,0.134201954,0.057927591,0.026039642,0.032380074,0.207086667,0.085565063
14.28,0.02340512,0.064887533,0.13257329,0.057927591,0.026816945,0.032380074,0.192294762,0.084787199
14.29,0.023648923,0.065421273,0.132247557,0.058426966,0.026894676,0.029059041,0.188260607,0.085009446
14.3,0.023811459,0.065345025,0.131921824,0.057927591,0.026894676,0.028136531,0.188260607,0.084787199
14.31,0.023811459,0.066183759,0.139087948,0.058426966,0.027283327,0.028505535,0.188260607,0.085453939
14.32,0.023730191,0.066565002,0.139739414,0.057927591,0.027516518,0.028321033,0.188260607,0.085676186
14.33,0.023811459,0.066641251,0.139087948,0.057428215,0.027671978,0.028597786,0.189605325,0.085120569
14.34,0.023973994,0.066565002,0.141693811,0.056429463,0.027827439,0.028505535,0.1949842,0.085009446
14.35,0.024217798,0.066412505,0.141693811,0.055930087,0.029537505,0.028228782,0.209776104,0.084676075
14.36,0.02413653,0.066183759,0.14267101,0.055930087,0.029692965,0.027675277,0.215154979,0.084564952
14.37,0.02413653,0.066260008,0.139739414,0.056429463,0.030081617,0.027583026,0.216499697,0.084564952
14.38,0.02413653,0.066183759,0.135830619,0.056429463,0.030314808,0.027583026,0.212465542,0.084342705
14.39,0.024055262,0.065955013,0.135504886,0.055930087,0.030392538,0.027767528,0.209776104,0.08323147
14.4,0.02413653,0.065802516,0.134201954,0.055930087,0.030625729,0.02804428,0.207086667,0.081120125
14.41,0.023973994,0.065497522,0.13485342,0.055430712,0.030625729,0.02804428,0.208431386,0.081009001
14.42,0.024055262,0.065192528,0.135504886,0.055430712,0.030781189,0.027675277,0.211120823,0.080786754
14.43,0.023973994,0.065192528,0.135830619,0.055430712,0.030781189,0.027767528,0.212465542,0.081231248
14.44,0.024055262,0.065116279,0.136807818,0.054931336,0.03093665,0.027767528,0.212465542,0.081231248
14.45,0.023973994,0.064735036,0.137459283,0.054931336,0.031247571,0.02804428,0.212465542,0.079453273
14.46,0.023973994,0.064048799,0.139087948,0.05443196,0.031713953,0.028321033,0.211120823,0.078786532
14.47,0.023973994,0.057567671,0.139739414,0.053433209,0.031947143,0.028597786,0.215154979,0.076230692
14.48,0.024055262,0.055737705,0.141693811,0.052434457,0.032102604,0.028782288,0.217844416,0.076008445
14.49,0.02413653,0.055127716,0.142345277,0.051935081,0.032180334,0.028874539,0.220533853,0.075786199
14.5,0.02413653,0.054670225,0.140716612,0.051435705,0.032180334,0.028874539,0.221878572,0.075563952
14.51,0.023973994,0.054365231,0.139739414,0.05093633,0.032335795,0.02896679,0.221878572,0.07423047
14.52,0.023973994,0.053907739,0.139413681,0.05093633,0.033424019,0.028782288,0.221878572,0.072341371
14.53,0.023892727,0.053069005,0.138762215,0.050436954,0.033501749,0.028874539,0.219189135,0.069118791
14.54,0.023892727,0.052611514,0.139087948,0.050436954,0.033424019,0.02896679,0.212465542,0.067896433
14.55,0.023811459,0.051162791,0.139087948,0.050436954,0.033579479,0.029059041,0.208431386,0.065785087
14.56,0.023811459,0.050400305,0.138762215,0.050436954,0.03365721,0.029335793,0.209776104,0.065673964
14.57,0.023892727,0.047807854,0.14039088,0.049937578,0.033968131,0.029428044,0.209776104,0.06556284
14.58,0.023811459,0.047731605,0.139413681,0.049588015,0.034123591,0.029704797,0.208431386,0.064784976
14.59,0.023730191,0.047502859,0.14039088,0.047540574,0.034356782,0.029612546,0.208431386,0.063562618
14.6,0.023648923,0.047350362,0.14039088,0.046841448,0.034512243,0.029797048,0.208431386,0.062229137
14.61,0.023648923,0.047502859,0.138436482,0.04639201,0.034823164,0.029797048,0.208431386,0.058450939
14.62,0.023811459,0.047045368,0.137785016,0.046292135,0.035678197,0.029520295,0.216499697,0.054339371
14.63,0.023730191,0.046206634,0.141693811,0.045792759,0.035522736,0.029059041,0.217844416,0.05367263
14.64,0.023811459,0.045139154,0.145276873,0.045642946,0.035755927,0.029151292,0.220533853,0.053450383
14.65,0.023892727,0.041631719,0.142345277,0.045642946,0.035600466,0.029243542,0.220533853,0.052116902
14.66,0.023730191,0.036370568,0.143648209,0.044843945,0.035522736,0.029335793,0.216499697,0.050672297
14.67,0.023730191,0.036065574,0.145928339,0.044244694,0.035211815,0.029151292,0.215154979,0.050338927
14.68,0.023811459,0.034769348,0.145928339,0.043945069,0.035600466,0.029243542,0.215154979,0.050227803
14.69,0.023730191,0.034311857,0.145602606,0.043445693,0.035755927,0.029151292,0.215154979,0.049338815
14.7,0.023811459,0.032253145,0.143648209,0.041897628,0.035211815,0.029243542,0.212465542,0.046005112
14.71,0.023811459,0.030575677,0.143973941,0.041697878,0.034900894,0.029335793,0.211120823,0.045116124
14.72,0.023648923,0.029279451,0.150162866,0.041498127,0.034512243,0.028782288,0.212465542,0.044116013
14.73,0.023648923,0.028745711,0.151791531,0.040649189,0.034978624,0.028413284,0.216499697,0.044116013
14.74,0.023242584,0.02828822,0.152117264,0.040599251,0.035367276,0.02795203,0.220533853,0.044004889
14.75,0.021861032,0.027906977,0.151791531,0.035205993,0.035367276,0.026937269,0.220533853,0.042115791
14.76,0.019179195,0.026000763,0.149837134,0.029313358,0.035367276,0.026937269,0.220533853,0.038004223
14.77,0.017310037,0.024094548,0.149185668,0.026916355,0.035289545,0.026660517,0.219189135,0.036004
14.78,0.015603413,0.022645825,0.149511401,0.026516854,0.034823164,0.026752768,0.217844416,0.034226025
14.79,0.015197074,0.020968357,0.148859935,0.025468165,0.034823164,0.026752768,0.217844416,0.033337037
14.8,0.015034539,0.02028212,0.149185668,0.024719101,0.034900894,0.026660517,0.217844416,0.030447828
14.81,0.015034539,0.016469691,0.146905538,0.022821473,0.035134085,0.026291513,0.219189135,0.026780753
14.82,0.015115807,0.014868471,0.146905538,0.022372035,0.035600466,0.026383764,0.219189135,0.025225025
14.83,0.015115807,0.014639726,0.145928339,0.022322097,0.035678197,0.026199262,0.219189135,0.025225025
14.84,0.014953271,0.014715974,0.143648209,0.021872659,0.035911388,0.026107011,0.216499697,0.025225025
14.85,0.014465664,0.014792223,0.14495114,0.021473159,0.034745433,0.026291513,0.201707793,0.025225025
14.86,0.014872003,0.014639726,0.14495114,0.020674157,0.035134085,0.026107011,0.196328918,0.025002778
14.87,0.015440878,0.014258483,0.145276873,0.01937578,0.035522736,0.025830258,0.197673637,0.024224914
14.88,0.01828525,0.014258483,0.14723127,0.018876405,0.035522736,0.025922509,0.199018355,0.02411379
14.89,0.022511174,0.014715974,0.146905538,0.017827715,0.035600466,0.02601476,0.196328918,0.023669297
14.9,0.02340512,0.014715974,0.149837134,0.016878901,0.036766421,0.025830258,0.196328918,0.023002556
14.91,0.024461601,0.014563477,0.150162866,0.016878901,0.038087835,0.025922509,0.199018355,0.022891432
14.92,0.025355547,0.014715974,0.150814332,0.015830212,0.038476487,0.026107011,0.203052511,0.022224692
14.93,0.02559935,0.01441098,0.151465798,0.0156804,0.039020599,0.026107011,0.207086667,0.020002223
14.94,0.025761885,0.014334731,0.154071661,0.015380774,0.038942868,0.026199262,0.208431386,0.019224358
14.95,0.025843153,0.014334731,0.156026059,0.015230961,0.038709677,0.026199262,0.209776104,0.019002111
14.96,0.025843153,0.014334731,0.15732899,0.015131086,0.038554217,0.02601476,0.208431386,0.018779864
14.97,0.025843153,0.015097217,0.158306189,0.014781523,0.038398756,0.025738007,0.20439723,0.018557618
14.98,0.025761885,0.015859703,0.157003257,0.014382023,0.038476487,0.025553506,0.200363074,0.018224247
14.99,0.025924421,0.016164697,0.157654723,0.014282147,0.038631947,0.025461255,0.200363074,0.018335371
15,0.026086957,0.01654594,0.159609121,0.014132335,0.039020599,0.025738007,0.208431386,0.018446494
15.01,0.026005689,0.016622188,0.164495114,0.014132335,0.038865138,0.025461255,0.209776104,0.018557618
15.02,0.026249492,0.016774686,0.166123779,0.014132335,0.038165566,0.025645757,0.211120823,0.018779864
15.03,0.026249492,0.016774686,0.166449511,0.014032459,0.038165566,0.025645757,0.21381026,0.018668741
15.04,0.026168224,0.016850934,0.165472313,0.013383271,0.038243296,0.025738007,0.21381026,0.018446494
15.05,0.02633076,0.016927183,0.165798046,0.013383271,0.038243296,0.025461255,0.21381026,0.018335371
15.06,0.02633076,0.016850934,0.166123779,0.013233458,0.038321026,0.024907749,0.212465542,0.01733526
15.07,0.026412028,0.016850934,0.164169381,0.013233458,0.038087835,0.024630996,0.212465542,0.01733526
15.08,0.026412028,0.016850934,0.163192182,0.013083645,0.038010105,0.024538745,0.212465542,0.017446383
15.09,0.026412028,0.016850934,0.161563518,0.013832709,0.037932375,0.024723247,0.215154979,0.01766863
15.1,0.026493295,0.016622188,0.163192182,0.014032459,0.037776914,0.024723247,0.219189135,0.017779753
15.11,0.026412028,0.016088448,0.163192182,0.014132335,0.037621454,0.025092251,0.220533853,0.018224247
15.12,0.026412028,0.015935951,0.163843648,0.014881398,0.036300039,0.024723247,0.21381026,0.018779864
15.13,0.026493295,0.015783454,0.162214984,0.015830212,0.036377769,0.024446495,0.21381026,0.018668741
15.14,0.02633076,0.015630957,0.159283388,0.016129838,0.036222309,0.024077491,0.212465542,0.018446494
15.15,0.02633076,0.015630957,0.159609121,0.016329588,0.03668869,0.024446495,0.211120823,0.018557618
15.16,0.026574563,0.015630957,0.159283388,0.018027466,0.036844151,0.024538745,0.208431386,0.018779864
15.17,0.026655831,0.016164697,0.15732899,0.020524345,0.03668869,0.024354244,0.209776104,0.020446716
15.18,0.026574563,0.016393443,0.157980456,0.021123596,0.036066848,0.024261993,0.211120823,0.021669074
15.19,0.026655831,0.016698437,0.160586319,0.021672909,0.035755927,0.024446495,0.211120823,0.024224914
15.2,0.026655831,0.01707968,0.160260586,0.021672909,0.035445006,0.024261993,0.211120823,0.025336149
15.21,0.026655831,0.017308426,0.160586319,0.025068664,0.035289545,0.024169742,0.212465542,0.025891766
15.22,0.026737099,0.017842166,0.15732899,0.028614232,0.035445006,0.024354244,0.211120823,0.02666963
15.23,0.026899634,0.018223408,0.15732899,0.029213483,0.034745433,0.024261993,0.207086667,0.027669741
15.24,0.027143438,0.018528403,0.169381108,0.029313358,0.033968131,0.024261993,0.212465542,0.028114235
15.25,0.026980902,0.018604651,0.170684039,0.029712859,0.0338904,0.024446495,0.209776104,0.028669852
15.26,0.02706217,0.018604651,0.171335505,0.03051186,0.033424019,0.024446495,0.211120823,0.030003334
15.27,0.027143438,0.018757148,0.172638437,0.030711611,0.033035367,0.024261993,0.212465542,0.031225692
15.28,0.027143438,0.019672131,0.172964169,0.030711611,0.032957637,0.024354244,0.212465542,0.031781309
15.29,0.02706217,0.019977125,0.176547231,0.031011236,0.032802176,0.024446495,0.21381026,0.034892766
15.3,0.02706217,0.020205871,0.176547231,0.031610487,0.032957637,0.024538745,0.216499697,0.035892877
15.31,0.027305973,0.020205871,0.173289902,0.032409488,0.032491255,0.024446495,0.216499697,0.036226247
15.32,0.027468509,0.020434617,0.177850163,0.03360799,0.031791683,0.024446495,0.216499697,0.036337371
15.33,0.028118651,0.020510865,0.181758958,0.033957553,0.031636222,0.024354244,0.216499697,0.036448494
15.34,0.02852499,0.020510865,0.181107492,0.034556804,0.031403032,0.024446495,0.21381026,0.036892988
15.35,0.02852499,0.020358368,0.181433225,0.035006242,0.031869413,0.024446495,0.219189135,0.037226359
15.36,0.028362454,0.020434617,0.180781759,0.035205993,0.031325301,0.024354244,0.221878572,0.037226359
15.37,0.028118651,0.020434617,0.180130293,0.036104869,0.030703459,0.024538745,0.219189135,0.037226359
15.38,0.026574563,0.020510865,0.179478827,0.036404494,0.030547998,0.024446495,0.219189135,0.037337482
15.39,0.023323852,0.02028212,0.178827362,0.03650437,0.030625729,0.024446495,0.219189135,0.037448605
15.4,0.022429907,0.020129623,0.175570033,0.036853933,0.029692965,0.024354244,0.219189135,0.037559729
15.41,0.021292158,0.02028212,0.1752443,0.037852684,0.02821609,0.024354244,0.216499697,0.03855984
15.42,0.020235677,0.02028212,0.176221498,0.03835206,0.027982899,0.024630996,0.208431386,0.039893322
15.43,0.020154409,0.020587114,0.176872964,0.038501873,0.027283327,0.024815498,0.205741949,0.042449161
15.44,0.020073141,0.020587114,0.178175896,0.03855181,0.028449281,0.025092251,0.208431386,0.042560285
15.45,0.019910605,0.020663363,0.176221498,0.03855181,0.028371551,0.025,0.211120823,0.043004778
15.46,0.019910605,0.020587114,0.173941368,0.03855181,0.02821609,0.024723247,0.209776104,0.043115902
15.47,0.020154409,0.020053374,0.172638437,0.03855181,0.028449281,0.024630996,0.209776104,0.043227025
15.48,0.020316944,0.019443385,0.174592834,0.039101124,0.029226584,0.025184502,0.211120823,0.043338149
15.49,0.020235677,0.019138391,0.173615635,0.040099875,0.029226584,0.025922509,0.211120823,0.043449272
15.5,0.020235677,0.018909645,0.173289902,0.040649189,0.029926156,0.025738007,0.201707793,0.043671519
15.51,0.020885819,0.018833397,0.170684039,0.040699126,0.030392538,0.025922509,0.201707793,0.043782643
15.52,0.023648923,0.018757148,0.168729642,0.041048689,0.030625729,0.026199262,0.199018355,0.044116013
15.53,0.025436814,0.018833397,0.168403909,0.041098627,0.030703459,0.026568266,0.196328918,0.044560507
15.54,0.026737099,0.019290888,0.168403909,0.041148564,0.03085892,0.026383764,0.196328918,0.045005001
15.55,0.026655831,0.01921464,0.171009772,0.041148564,0.03085892,0.026476015,0.197673637,0.044893877
15.56,0.027224705,0.01921464,0.171661238,0.041198502,0.030781189,0.026199262,0.197673637,0.044893877
15.57,0.027224705,0.01921464,0.171986971,0.041148564,0.03109211,0.026291513,0.199018355,0.044893877
15.58,0.027305973,0.01921464,0.172964169,0.041348315,0.031325301,0.027214022,0.199018355,0.044893877
15.59,0.027224705,0.019290888,0.175895766,0.041098627,0.031169841,0.027306273,0.201707793,0.045116124
15.6,0.027143438,0.019367137,0.174267101,0.041048689,0.031247571,0.02702952,0.196328918,0.045338371
15.61,0.027143438,0.01921464,0.174267101,0.041048689,0.03093665,0.026752768,0.1949842,0.045116124
15.62,0.027143438,0.019062143,0.173941368,0.040749064,0.030625729,0.026845019,0.196328918,0.044893877
15.63,0.027224705,0.018985894,0.173941368,0.040399501,0.031480762,0.027121771,0.1949842,0.04467163
15.64,0.027224705,0.018985894,0.172964169,0.040299626,0.032258065,0.02702952,0.192294762,0.04467163
15.65,0.027143438,0.018985894,0.171986971,0.040149813,0.031713953,0.026660517,0.192294762,0.044560507
15.66,0.026899634,0.018985894,0.171009772,0.039450687,0.031869413,0.027214022,0.193639481,0.044560507
15.67,0.026899634,0.018604651,0.170032573,0.03835206,0.032335795,0.027675277,0.190950044,0.044004889
15.68,0.026980902,0.018299657,0.169381108,0.038102372,0.032957637,0.027583026,0.189605325,0.043560396
15.69,0.02706217,0.01814716,0.167100977,0.037802747,0.03365721,0.027306273,0.188260607,0.042338038
15.7,0.02706217,0.017918414,0.166775244,0.03815231,0.03373494,0.027398524,0.186915888,0.042449161
15.71,0.026980902,0.01761342,0.166775244,0.036104869,0.033968131,0.027306273,0.185571169,0.042338038
15.72,0.026980902,0.01707968,0.163517915,0.03340824,0.03381267,0.027583026,0.184226451,0.042004667
15.73,0.026980902,0.016698437,0.162214984,0.032908864,0.033968131,0.027583026,0.184226451,0.041226803
15.74,0.026737099,0.016698437,0.148534202,0.032759051,0.034123591,0.028782288,0.172123983,0.041004556
15.75,0.026818367,0.017003431,0.14723127,0.032509363,0.035056355,0.02896679,0.170779264,0.040560062
15.76,0.026818367,0.01707968,0.147882736,0.03196005,0.035833657,0.02896679,0.169434546,0.039671075
15.77,0.026655831,0.017155928,0.148208469,0.031860175,0.036066848,0.02896679,0.170779264,0.038782087
15.78,0.026655831,0.016622188,0.147557003,0.032009988,0.035989118,0.028874539,0.173468702,0.038337593
15.79,0.026737099,0.016774686,0.143648209,0.031810237,0.036377769,0.028874539,0.17481342,0.035559507
15.8,0.026737099,0.016622188,0.144299674,0.031161049,0.036455499,0.028874539,0.172123983,0.034559396
15.81,0.026412028,0.016622188,0.143648209,0.030362047,0.03661096,0.029059041,0.170779264,0.034226025
15.82,0.026249492,0.016240946,0.138436482,0.02906367,0.03668869,0.02896679,0.170779264,0.034114902
15.83,0.025518082,0.016164697,0.133550489,0.028813983,0.03668869,0.02896679,0.170779264,0.034003778
15.84,0.025111743,0.016317194,0.134527687,0.02886392,0.03668869,0.029059041,0.172123983,0.033670408
15.85,0.025111743,0.016317194,0.132899023,0.029263421,0.036377769,0.029243542,0.168089827,0.033225914
15.86,0.025030475,0.016317194,0.131270358,0.029413234,0.036455499,0.029335793,0.16540039,0.033337037
15.87,0.025030475,0.016240946,0.131596091,0.029363296,0.037232802,0.029428044,0.168089827,0.033670408
15.88,0.02486794,0.0160122,0.133224756,0.029912609,0.037388263,0.029428044,0.166745109,0.033892655
15.89,0.024786672,0.016088448,0.133550489,0.030411985,0.038165566,0.029520295,0.169434546,0.034670519
15.9,0.024786672,0.0160122,0.135179153,0.030062422,0.038942868,0.029797048,0.168089827,0.034559396
15.91,0.024705404,0.015859703,0.13485342,0.02886392,0.038942868,0.029889299,0.166745109,0.033448161
15.92,0.024705404,0.015783454,0.131270358,0.028364544,0.038787408,0.029520295,0.166745109,0.032114679
15.93,0.024542869,0.01547846,0.129315961,0.029163546,0.038942868,0.029428044,0.164055671,0.02922547
15.94,0.024461601,0.015783454,0.1247557,0.029662921,0.038010105,0.029243542,0.161366234,0.030336704
15.95,0.024461601,0.0160122,0.124429967,0.030162297,0.038243296,0.029151292,0.157332078,0.02989221
15.96,0.024461601,0.016088448,0.125407166,0.030411985,0.038554217,0.029335793,0.160021516,0.030003334
15.97,0.024299065,0.016088448,0.128338762,0.030561798,0.038476487,0.029520295,0.162710953,0.030225581
15.98,0.02413653,0.016393443,0.13029316,0.03011236,0.038010105,0.029428044,0.16540039,0.030114457
15.99,0.023973994,0.016698437,0.129641694,0.029912609,0.038321026,0.028874539,0.16540039,0.030336704
16,0.023892727,0.017765917,0.127361564,0.031111111,0.037854644,0.028874539,0.168089827,0.031225692
16.01,0.023323852,0.020663363,0.125407166,0.032858926,0.037854644,0.028782288,0.170779264,0.037670852
16.02,0.020316944,0.023179565,0.126058632,0.032858926,0.037854644,0.029059041,0.170779264,0.038670963
16.03,0.017960179,0.023255814,0.13029316,0.033058677,0.038010105,0.028782288,0.170779264,0.038670963
16.04,0.016172288,0.023027068,0.13257329,0.033707865,0.037776914,0.029151292,0.170779264,0.03889321
16.05,0.01609102,0.023408311,0.129641694,0.033757803,0.037854644,0.029704797,0.168089827,0.039782198
16.06,0.015197074,0.024094548,0.128990228,0.034057428,0.037776914,0.030073801,0.168089827,0.040671186
16.07,0.015278342,0.025772017,0.131596091,0.034606742,0.037543723,0.030719557,0.173468702,0.042115791
16.08,0.01535961,0.029431948,0.129967427,0.035106117,0.037388263,0.030166052,0.173468702,0.043782643
16.09,0.015440878,0.030651925,0.128013029,0.036304619,0.037543723,0.030719557,0.169434546,0.044227136
16.1,0.01535961,0.031643157,0.128664495,0.037253433,0.037543723,0.032749078,0.170779264,0.044449383
16.11,0.01535961,0.032176897,0.129315961,0.038052435,0.037854644,0.043819188,0.169434546,0.046005112
16.12,0.015197074,0.032329394,0.128990228,0.038451935,0.038087835,0.045110701,0.16540039,0.049672186
16.13,0.015603413,0.033015631,0.127361564,0.039400749,0.037310533,0.04501845,0.16540039,0.055339482
16.14,0.016334823,0.034006862,0.128013029,0.041148564,0.03661096,0.045202952,0.166745109,0.057339704
16.15,0.019341731,0.034998094,0.127687296,0.043495631,0.03668869,0.045110701,0.168089827,0.057561951
16.16,0.02340512,0.038658025,0.127035831,0.044494382,0.036455499,0.044649447,0.166745109,0.058006445
16.17,0.02413653,0.043614182,0.128338762,0.044993758,0.035989118,0.044649447,0.168089827,0.058562063
16.18,0.024624137,0.045139154,0.13029316,0.045992509,0.035600466,0.044741697,0.178847576,0.05911768
16.19,0.025111743,0.048189097,0.130618893,0.046741573,0.034900894,0.044741697,0.180192295,0.05945105
16.2,0.025111743,0.048722836,0.130944625,0.046741573,0.034823164,0.044833948,0.181537013,0.059339927
16.21,0.025193011,0.049027831,0.131270358,0.047240949,0.035367276,0.045202952,0.181537013,0.060340038
16.22,0.025111743,0.051544034,0.130944625,0.04803995,0.035678197,0.04501845,0.181537013,0.061340149
16.23,0.024949208,0.053602745,0.130618893,0.052434457,0.035600466,0.046402214,0.181537013,0.063118124
16.24,0.025030475,0.054441479,0.13029316,0.054931336,0.035600466,0.067343173,0.180192295,0.064118235
16.25,0.024949208,0.056347694,0.131596091,0.055930087,0.034745433,0.082195572,0.180192295,0.064673853
16.26,0.024949208,0.056881434,0.132247557,0.058926342,0.033968131,0.083394834,0.180192295,0.067563063
16.27,0.02486794,0.057338925,0.13029316,0.059425718,0.03373494,0.084317343,0.178847576,0.068563174
16.28,0.02486794,0.057643919,0.131596091,0.059425718,0.03365721,0.085332103,0.177502858,0.069229914
16.29,0.024705404,0.060160122,0.131270358,0.059925094,0.033268558,0.086254613,0.176158139,0.069674408
16.3,0.02486794,0.067784979,0.13029316,0.059925094,0.033190828,0.087915129,0.177502858,0.070563396
16.31,0.024949208,0.06877621,0.129967427,0.061423221,0.032957637,0.092066421,0.177502858,0.07134126
16.32,0.024949208,0.07144491,0.136156352,0.0639201,0.032879907,0.09501845,0.177502858,0.074119347
16.33,0.024949208,0.072741136,0.135504886,0.064419476,0.032879907,0.095940959,0.178847576,0.074786087
16.34,0.02486794,0.07304613,0.13485342,0.064419476,0.032646716,0.095940959,0.176158139,0.075008334
16.35,0.02486794,0.073808616,0.133876222,0.0639201,0.032413525,0.097785978,0.17481342,0.075897322
16.36,0.02486794,0.075409836,0.136807818,0.0639201,0.032568986,0.101476015,0.173468702,0.08034226
16.37,0.025111743,0.076172322,0.139087948,0.0639201,0.031636222,0.10701107,0.176158139,0.082009112
16.38,0.025193011,0.077011056,0.136807818,0.064918851,0.031636222,0.109778598,0.178847576,0.084342705
16.39,0.025274279,0.077773542,0.137785016,0.064918851,0.030547998,0.110701107,0.180192295,0.085120569
16.4,0.025436814,0.078536027,0.136482085,0.064918851,0.028993393,0.111623616,0.180192295,0.085898433
16.41,0.025518082,0.082348456,0.136482085,0.064918851,0.028682472,0.112546126,0.181537013,0.089787754
16.42,0.02559935,0.083110942,0.136482085,0.065418227,0.028371551,0.113468635,0.180192295,0.093677075
16.43,0.025518082,0.08692337,0.136807818,0.065418227,0.02806063,0.149446495,0.181537013,0.096788532
16.44,0.02559935,0.09226077,0.139087948,0.065917603,0.02821609,0.15498155,0.181537013,0.097788643
16.45,0.025680618,0.093785742,0.14039088,0.065917603,0.02806063,0.158671587,0.181537013,0.098566507
16.46,0.025680618,0.094548227,0.140065147,0.066416979,0.027905169,0.158671587,0.178847576,0.099233248
16.47,0.025680618,0.096073199,0.136807818,0.066416979,0.027827439,0.159594096,0.176158139,0.099677742
16.48,0.025843153,0.09759817,0.13257329,0.066416979,0.027671978,0.162361624,0.173468702,0.100344483
16.49,0.026005689,0.098360656,0.137785016,0.065917603,0.026972406,0.176199262,0.17481342,0.104011557
16.5,0.026086957,0.099885627,0.137785016,0.064918851,0.026195103,0.182656827,0.172123983,0.104678298
16.51,0.026737099,0.099885627,0.137785016,0.0639201,0.025728721,0.183579336,0.169434546,0.102900322
16.52,0.026737099,0.100648113,0.138110749,0.0639201,0.025650991,0.183579336,0.169434546,0.102678075
16.53,0.02706217,0.100648113,0.134201954,0.0639201,0.02534007,0.183579336,0.169434546,0.103678187
16.54,0.027224705,0.10293557,0.131596091,0.064918851,0.02526234,0.183579336,0.169434546,0.104011557
16.55,0.027305973,0.10293557,0.130944625,0.065418227,0.02534007,0.185424354,0.170779264,0.104456051
16.56,0.027305973,0.107510484,0.130944625,0.065418227,0.025573261,0.1900369,0.170779264,0.106456273
16.57,0.027468509,0.107510484,0.128664495,0.064918851,0.025884182,0.193726937,0.166745109,0.10667852
16.58,0.027387241,0.106747999,0.132247557,0.064918851,0.025728721,0.194649447,0.166745109,0.10701189
16.59,0.027305973,0.109035456,0.131921824,0.064419476,0.025728721,0.194649447,0.169434546,0.10701189
16.6,0.027305973,0.110560427,0.136156352,0.0639201,0.025806452,0.194649447,0.170779264,0.10701189
16.61,0.027468509,0.111322913,0.135830619,0.063420724,0.025106879,0.200184502,0.172123983,0.107345261
16.62,0.027387241,0.115897827,0.137133551,0.063420724,0.024873688,0.203874539,0.172123983,0.106456273
16.63,0.027143438,0.119710255,0.138436482,0.062921348,0.024795958,0.213099631,0.173468702,0.104900545
16.64,0.026737099,0.120472741,0.137785016,0.0639201,0.024795958,0.216789668,0.172123983,0.104344927
16.65,0.024624137,0.121235227,0.139739414,0.063420724,0.024640498,0.216789668,0.17481342,0.104567174
16.66,0.020804551,0.120472741,0.14039088,0.063420724,0.024562767,0.216789668,0.176158139,0.104678298
16.67,0.019829338,0.11894777,0.139413681,0.062921348,0.024562767,0.217712177,0.176158139,0.104678298
16.68,0.019179195,0.119710255,0.138110749,0.062421973,0.024718228,0.223247233,0.166745109,0.105789532
16.69,0.018691589,0.120472741,0.139413681,0.061922597,0.024718228,0.230627306,0.168089827,0.107567508
16.7,0.019341731,0.12428517,0.14267101,0.061922597,0.025029149,0.233394834,0.168089827,0.108012001
16.71,0.01974807,0.127335113,0.143648209,0.061423221,0.024018655,0.234317343,0.168089827,0.107900878
16.72,0.019991873,0.126572627,0.143322476,0.060923845,0.023474543,0.234317343,0.168089827,0.10956773
16.73,0.020154409,0.127335113,0.143648209,0.056928839,0.023630004,0.234317343,0.168089827,0.110123347
16.74,0.020073141,0.128097598,0.145602606,0.054931336,0.024018655,0.236162362,0.168089827,0.113345927
16.75,0.0219423,0.127335113,0.144625407,0.05443196,0.024096386,0.235239852,0.168089827,0.113345927
16.76,0.026412028,0.128097598,0.143322476,0.05093633,0.024096386,0.239852399,0.168089827,0.112234693
16.77,0.028687525,0.12962257,0.143648209,0.050436954,0.024096386,0.252767528,0.169434546,0.115568397
16.78,0.030069078,0.131910027,0.14495114,0.049937578,0.024096386,0.255535055,0.169434546,0.116679631
16.79,0.030475417,0.133434998,0.145928339,0.049538077,0.024096386,0.255535055,0.169434546,0.117790866
16.8,0.031125559,0.13495997,0.147882736,0.04928839,0.023940925,0.268450185,0.169434546,0.1189021
16.81,0.031125559,0.13495997,0.148859935,0.047041199,0.024096386,0.27398524,0.170779264,0.120013335
16.82,0.031206827,0.137247427,0.143322476,0.043945069,0.024174116,0.275830258,0.169434546,0.120013335
16.83,0.031288094,0.141822341,0.144625407,0.04289638,0.024251846,0.285055351,0.170779264,0.121124569
16.84,0.031694433,0.146397255,0.143973941,0.04289638,0.024329576,0.287822878,0.169434546,0.127791977
16.85,0.032263308,0.148684712,0.144299674,0.042746567,0.024251846,0.291512915,0.168089827,0.128903212
16.86,0.032344575,0.149447198,0.142996743,0.042496879,0.023863195,0.297047971,0.168089827,0.126680742
16.87,0.032588379,0.150209684,0.14039088,0.041548065,0.023707734,0.307195572,0.164055671,0.125569508
16.88,0.03291345,0.150209684,0.14267101,0.040099875,0.023319083,0.30904059,0.164055671,0.124458273
16.89,0.032994718,0.150209684,0.141693811,0.040249688,0.023241353,0.3099631,0.160021516,0.124458273
16.9,0.032832182,0.150972169,0.141693811,0.040998752,0.023163622,0.310885609,0.158676797,0.126680742
16.91,0.032832182,0.149447198,0.14267101,0.040948814,0.023319083,0.311808118,0.158676797,0.124458273
16.92,0.032832182,0.152497141,0.14267101,0.040599251,0.023396813,0.313653137,0.158676797,0.125569508
16.93,0.033238521,0.151734655,0.14267101,0.04,0.023396813,0.3099631,0.158676797,0.124458273
16.94,0.033482324,0.149447198,0.142996743,0.039250936,0.023396813,0.317343173,0.173468702,0.124458273
16.95,0.033482324,0.148684712,0.142345277,0.039650437,0.023319083,0.316420664,0.173468702,0.123347039
16.96,0.03364486,0.148684712,0.142019544,0.038951311,0.022852701,0.317343173,0.173468702,0.123347039
16.97,0.033888663,0.148684712,0.143648209,0.039001248,0.02261951,0.320110701,0.177502858,0.124458273
16.98,0.033969931,0.147159741,0.144299674,0.040299626,0.02246405,0.320110701,0.177502858,0.123347039
16.99,0.033969931,0.147922227,0.14267101,0.040399501,0.022308589,0.314575646,0.181537013,0.121124569
17,0.033888663,0.147922227,0.143322476,0.040599251,0.022308589,0.316420664,0.182881732,0.121124569
17.01,0.033482324,0.147159741,0.142345277,0.040599251,0.022230859,0.316420664,0.181537013,0.121124569
17.02,0.03364486,0.146397255,0.141693811,0.041398252,0.021764477,0.330258303,0.181537013,0.122235804
17.03,0.033482324,0.147159741,0.141693811,0.042197253,0.021764477,0.33302583,0.182881732,0.122235804
17.04,0.033319789,0.146397255,0.143322476,0.041947566,0.021764477,0.334870849,0.182881732,0.122235804
17.05,0.033319789,0.145634769,0.143973941,0.046292135,0.021453556,0.33394834,0.182881732,0.121124569
17.06,0.033807395,0.142584827,0.147557003,0.05093633,0.020987175,0.331180812,0.182881732,0.1189021
17.07,0.034538805,0.142584827,0.14723127,0.052933833,0.020443063,0.329335793,0.180192295,0.120013335
17.08,0.034538805,0.142584827,0.143973941,0.052434457,0.020209872,0.328413284,0.178847576,0.120013335
17.09,0.034538805,0.141059855,0.14495114,0.052933833,0.019976681,0.328413284,0.184226451,0.120013335
17.1,0.034782609,0.139534884,0.140065147,0.053433209,0.01974349,0.328413284,0.184226451,0.121124569
17.11,0.034782609,0.139534884,0.139739414,0.05443196,0.019510299,0.323800738,0.184226451,0.121124569
17.12,0.034782609,0.135722455,0.139087948,0.055430712,0.019277108,0.32103321,0.184226451,0.121124569
17.13,0.034782609,0.132672512,0.139413681,0.054931336,0.019277108,0.315498155,0.182881732,0.120013335
17.14,0.034701341,0.131147541,0.139739414,0.053932584,0.019277108,0.313653137,0.182881732,0.120013335
17.15,0.035026412,0.130385055,0.138110749,0.052434457,0.019354839,0.314575646,0.181537013,0.120013335
17.16,0.035432751,0.12962257,0.137785016,0.054931336,0.019121648,0.315498155,0.177502858,0.120013335
17.17,0.035514019,0.12962257,0.137785016,0.061423221,0.018888457,0.314575646,0.176158139,0.120013335
17.18,0.035514019,0.128860084,0.137459283,0.064419476,0.018344345,0.310885609,0.17481342,0.1189021
17.19,0.035676554,0.126572627,0.135830619,0.066916355,0.018266615,0.305350554,0.173468702,0.116679631
17.2,0.035595287,0.122760198,0.132899023,0.068913858,0.017722503,0.302583026,0.173468702,0.116679631
17.21,0.035757822,0.119710255,0.131270358,0.069912609,0.017489312,0.302583026,0.173468702,0.116679631
17.22,0.03583909,0.11894777,0.131596091,0.072409488,0.017256121,0.302583026,0.173468702,0.114457162
17.23,0.03583909,0.118185284,0.13257329,0.072908864,0.016712009,0.301660517,0.17481342,0.113345927
17.24,0.036001625,0.116660313,0.133876222,0.072908864,0.016012437,0.297047971,0.182881732,0.110678964
17.25,0.035188948,0.116660313,0.13485342,0.072908864,0.015701516,0.293357934,0.196328918,0.111012335
17.26,0.032507111,0.115135341,0.135179153,0.073907616,0.015623786,0.289667897,0.197673637,0.112234693
17.27,0.030963023,0.115135341,0.135504886,0.075405743,0.015468325,0.277675277,0.197673637,0.109678853
17.28,0.03071922,0.112085398,0.133550489,0.078901373,0.015312864,0.275830258,0.200363074,0.108789866
17.29,0.035188948,0.110560427,0.13257329,0.08289638,0.015235134,0.274907749,0.199018355,0.109123236
17.3,0.035757822,0.109797941,0.131270358,0.084394507,0.015079674,0.261070111,0.197673637,0.109345483
17.31,0.039252336,0.112847884,0.130944625,0.085393258,0.014924213,0.254612546,0.197673637,0.109234359
17.32,0.041040228,0.109035456,0.129967427,0.087390762,0.014691022,0.251845019,0.196328918,0.108456495
17.33,0.043965868,0.102173084,0.128990228,0.088389513,0.014380101,0.239852399,0.1949842,0.106234026
17.34,0.044941081,0.095310713,0.131270358,0.088389513,0.014380101,0.237084871,0.1949842,0.101011224
17.35,0.044941081,0.093023256,0.13029316,0.088888889,0.01414691,0.231549816,0.1949842,0.100122236
17.36,0.045997562,0.091498284,0.128990228,0.089388265,0.01414691,0.223247233,0.1949842,0.100788977
17.37,0.047785453,0.094548227,0.130618893,0.092883895,0.01414691,0.205719557,0.193639481,0.101344594
17.38,0.048110524,0.096073199,0.137133551,0.094382023,0.01406918,0.201107011,0.193639481,0.101344594
17.39,0.048110524,0.096835684,0.139413681,0.093882647,0.01414691,0.200184502,0.209776104,0.102011335
17.4,0.048354328,0.096073199,0.139739414,0.093882647,0.01414691,0.198339483,0.211120823,0.098899878
17.41,0.048435595,0.096835684,0.14039088,0.094382023,0.013835989,0.195571956,0.212465542,0.099011001
17.42,0.048516863,0.091498284,0.14039088,0.095380774,0.013680529,0.192804428,0.212465542,0.094566063
17.43,0.04827306,0.089973313,0.141693811,0.09588015,0.013680529,0.172509225,0.215154979,0.094121569
17.44,0.048435595,0.089973313,0.14039088,0.096379526,0.013602798,0.15498155,0.20439723,0.095455051
17.45,0.04900447,0.089210827,0.143322476,0.096379526,0.013369608,0.155904059,0.203052511,0.095677298
17.46,0.049898415,0.090735799,0.150814332,0.096379526,0.013369608,0.160516605,0.208431386,0.099455495
17.47,0.050060951,0.090735799,0.153094463,0.097378277,0.013369608,0.15498155,0.205741949,0.099455495
17.48,0.050711093,0.090735799,0.152117264,0.099875156,0.013447338,0.152214022,0.207086667,0.099233248
17.49,0.051117432,0.089210827,0.152117264,0.100873908,0.013602798,0.147601476,0.203052511,0.098566507
17.5,0.051361235,0.088448342,0.16286645,0.101373283,0.013602798,0.140221402,0.203052511,0.098233137
17.51,0.051442503,0.089210827,0.164820847,0.101373283,0.013680529,0.137453875,0.211120823,0.098566507
17.52,0.051442503,0.089210827,0.165798046,0.101373283,0.013525068,0.101476015,0.225912728,0.096677409
17.53,0.051605039,0.089210827,0.166123779,0.100873908,0.013447338,0.090313653,0.24339407,0.096010668
17.54,0.051848842,0.089210827,0.16514658,0.100374532,0.013369608,0.084132841,0.24339407,0.097121902
17.55,0.052011378,0.089973313,0.164495114,0.098876405,0.013447338,0.082933579,0.24339407,0.097899767
17.56,0.05193011,0.089210827,0.164495114,0.096878901,0.013680529,0.082472325,0.24339407,0.097566396
17.57,0.051442503,0.089210827,0.164495114,0.096379526,0.013680529,0.081826568,0.24339407,0.096344038
17.58,0.051442503,0.089210827,0.16514658,0.096379526,0.013525068,0.081642066,0.246083507,0.095010557
17.59,0.051442503,0.088448342,0.164495114,0.096878901,0.013447338,0.081365314,0.242049351,0.094899433
17.6,0.051605039,0.087685856,0.164495114,0.096878901,0.013369608,0.081457565,0.240704633,0.093565952
17.61,0.051686306,0.08692337,0.166123779,0.096379526,0.013447338,0.088653137,0.242049351,0.092454717
17.62,0.051767574,0.08692337,0.16970684,0.09588015,0.013525068,0.089575646,0.24339407,0.090898989
17.63,0.051767574,0.087685856,0.169055375,0.09588015,0.013447338,0.089760148,0.244738788,0.091454606
17.64,0.051767574,0.087685856,0.168729642,0.095380774,0.013214147,0.088745388,0.24339407,0.092010223
17.65,0.051605039,0.087685856,0.170032573,0.095380774,0.012903226,0.083763838,0.24339407,0.094566063
17.66,0.051605039,0.087685856,0.171335505,0.093882647,0.013136417,0.08201107,0.246083507,0.095010557
17.67,0.051686306,0.088448342,0.171661238,0.08988764,0.013214147,0.082195572,0.246083507,0.096232915
17.68,0.051767574,0.089210827,0.171661238,0.087890137,0.013136417,0.08404059,0.246083507,0.096677409
17.69,0.051686306,0.089210827,0.172964169,0.085892634,0.013214147,0.084409594,0.244738788,0.096899656
17.7,0.051523771,0.089210827,0.172964169,0.084893883,0.013291877,0.084501845,0.244738788,0.097233026
17.71,0.051279968,0.089973313,0.172638437,0.083895131,0.013291877,0.084870849,0.244738788,0.097010779
17.72,0.051117432,0.089973313,0.172312704,0.081897628,0.013136417,0.085147602,0.244738788,0.096566285
17.73,0.051036164,0.089973313,0.171009772,0.081398252,0.013058686,0.085424354,0.242049351,0.096010668
17.74,0.050873629,0.089973313,0.168078176,0.081398252,0.012903226,0.085424354,0.236670477,0.095677298
